FacilityID,FacilityName,ReportPeriod,VOCs,UnitsOfVOCs,TSP,UnitsOfTSP,SOx,UnitsOfSOx,NOx,UnitsOfNOx,Status
X0405093,皓仁預拌企業有限公司,2015年第3季,0,公噸,1.672,公噸,0,公噸,0,公噸,完成申報
V7900124,兄弟砂石場,2015年第3季,0,公噸,2.189,公噸,0,公噸,0,公噸,完成申報
V75A4888,瑞晟砂石有限公司,2015年第3季,0,公噸,6.577,公噸,0,公噸,0,公噸,完成補件
V7504999,益源砂石有限公司,2015年第3季,0,公噸,0.394,公噸,0,公噸,0,公噸,完成申報
V7500660,興東興業股份有限公司,2015年第3季,0,公噸,5.453,公噸,0,公噸,0,公噸,完成申報
U9601032,鳳勝實業股份有限公司壽豐廠,2015年第3季,0,公噸,22,公噸,0,公噸,0,公噸,完成季登錄確認
U9303371,展信實業有限公司,2015年第3季,0,公噸,0.585,公噸,0,公噸,0,公噸,完成季登錄確認
U92A0024,立得砂石股份有限公司,2015年第3季,0,公噸,0.87,公噸,0,公噸,0,公噸,完成季登錄確認
U9100987,鳳勝實業股份有限公司花蓮廠,2015年第3季,0,公噸,0.14,公噸,0,公噸,0,公噸,完成季登錄確認
T5100031,仕和企業股份有限公司鹽埔碎石場,2015年第3季,0,公噸,24.195,公噸,0,公噸,0,公噸,完成申報
T4201593,鳳勝實業股份有限公司屏東廠,2015年第3季,0,公噸,1.003,公噸,0,公噸,0,公噸,完成申報
S3004131,古板企業有限公司,2015年第3季,0,公噸,9.079,公噸,0,公噸,0,公噸,完成申報
R97A0486,順通聯合開發工程股份有限公司官田廠,2015年第3季,0,公噸,0,公噸,0,公噸,0,公噸,完成季登錄確認
R8801011,欣龍實業股份有限公司佳里廠,2015年第3季,0,公噸,4.07,公噸,0,公噸,0,公噸,完成季登錄確認
R1404970,環球水泥股份有限公司永康預拌混凝土場,2015年第3季,0,公噸,2.6,公噸,0,公噸,0,公噸,完成季登錄確認
R0600281,丁丁有限公司預拌混凝土廠,2015年第3季,0,公噸,9.639,公噸,0,公噸,0,公噸,完成季登錄確認
H4708221,銘宏億企業有限公司,2015年第3季,0,公噸,1.402,公噸,0,公噸,0,公噸,完成申報
H4707993,泰暘砂石有限公司,2015年第3季,0,公噸,4.57,公噸,0,公噸,0,公噸,完成申報
H46A7315,昱霖金屬有限公司,2015年第3季,0,公噸,0.557,公噸,0,公噸,0,公噸,完成申報
E5604143,嘉信遊艇股份有限公司,2015年第3季,0,公噸,0.005,公噸,0,公噸,0,公噸,完成申報
D9100830,明祥馨企業有限公司二場,2015年第3季,0,公噸,0,公噸,0,公噸,0,公噸,完成季登錄確認
D9100821,明祥馨企業有限公司一場,2015年第3季,0,公噸,0,公噸,0,公噸,0,公噸,完成申報
D1405918,亞東預拌混凝土股份有限公司永康廠,2015年第3季,0,公噸,2.456,公噸,0,公噸,0,公噸,完成季登錄確認
B9400295,亞東預拌混凝土股份有限公司潭子廠,2015年第3季,0,公噸,5.928,公噸,0,公噸,0,公噸,完成申報
B2303275,亞東預拌混凝土股份有限公司台中廠,2015年第3季,0,公噸,2.648,公噸,0,公噸,0,公噸,完成申報
M36A1374,益昌砂石企業股份有限公司,2015年第2季,0,公噸,0.589,公噸,0,公噸,0,公噸,完成申報
D9100830,明祥馨企業有限公司二場,2015年第2季,0,公噸,0,公噸,0,公噸,0,公噸,完成季登錄確認
D9100821,明祥馨企業有限公司一場,2015年第2季,0,公噸,0,公噸,0,公噸,0,公噸,完成季登錄確認
D1405918,亞東預拌混凝土股份有限公司永康廠,2015年第2季,0,公噸,2.174,公噸,0,公噸,0,公噸,完成季登錄確認
D9100830,明祥馨企業有限公司二場,2015年第1季,0,公噸,0.266,公噸,0,公噸,0,公噸,完成季登錄確認
D9100821,明祥馨企業有限公司一場,2015年第1季,0,公噸,0,公噸,0,公噸,0,公噸,完成季登錄確認
V7805437,蜜月四季餐旅購有限公司知本金聯世紀酒店分公司,2015年第3季,0,公噸,0,公噸,0,公噸,0,公噸,完成申報
V7803577,明峰林木業有限公司,2015年第3季,0,公噸,0,公噸,0,公噸,0,公噸,完成申報
V75A4531,漢岱汽車有限公司,2015年第3季,0.004,公噸,0,公噸,0,公噸,0,公噸,完成申報
V75A2090,深盈汽車保養廠股份有限公司,2015年第3季,0.045,公噸,0,公噸,0,公噸,0,公噸,完成申報
V7506288,早點大王,2015年第3季,0,公噸,0,公噸,0.066,公噸,0.046,公噸,完成申報
V7504962,葉堂鑫,2015年第3季,0,公噸,0,公噸,0.006,公噸,0.004,公噸,完成申報
V7504926,復盛食品廠,2015年第3季,0,公噸,0,公噸,0,公噸,0,公噸,完成申報
V7502486,國都商務旅館,2015年第3季,0,公噸,0,公噸,0.011,公噸,0.008,公噸,完成申報
V7502244,金龍大旅社,2015年第3季,0,公噸,0,公噸,0.008,公噸,0.005,公噸,完成申報
V7501425,國源汽車股份有限公司臺東分公司,2015年第3季,0.163,公噸,0,公噸,0,公噸,0,公噸,完成申報
T58A0372,重生化妝品實業有限公司新園廠,2015年第3季,0,公噸,0,公噸,0,公噸,0,公噸,完成申報
T5704584,鯤晟五金股份有限公司,2015年第3季,0.189,公噸,0,公噸,0.001,公噸,0.025,公噸,完成申報
T54A0461,升元成農產品園,2015年第3季,0,公噸,0,公噸,0.01,公噸,0.007,公噸,核算確認中
T5405684,欣屏豐食品工業有限公司,2015年第3季,0,公噸,0,公噸,0,公噸,0,公噸,核算確認中
T5400536,宏益冷凍食品股份有限公司,2015年第3季,0,公噸,0,公噸,0.456,公噸,0.363,公噸,完成申報
T5100326,振聲冷凍食品股份有限公司,2015年第3季,0,公噸,0,公噸,1.045,公噸,0.725,公噸,完成申報
T4904259,克克生物科技股份有限公司,2015年第3季,0,公噸,0,公噸,0,公噸,0,公噸,完成申報
T4801066,金國蜂有限公司,2015年第3季,0,公噸,0,公噸,0,公噸,0,公噸,完成申報
T47A0105,台灣蓮鴻生化科技股份有限公司農科分公司,2015年第3季,0,公噸,0,公噸,0,公噸,0,公噸,核算確認中
T47A0056,聯發生物科技股份有限公司,2015年第3季,0,公噸,0,公噸,0,公噸,0.04,公噸,核算確認中
T46A1277,科彰建材實業股份有限公司,2015年第3季,0,公噸,0,公噸,0.001,公噸,0.02,公噸,完成申報
T4602803,旭東環保科技股份有限公司萬丹分公司,2015年第3季,0.018,公噸,0,公噸,0,公噸,0,公噸,核算確認中
T4600167,祥嵐實業股份有限公司,2015年第3季,0.05,公噸,0,公噸,0,公噸,0,公噸,完成申報
T42A7384,太子國際股份有限公司,2015年第3季,0.422,公噸,0,公噸,0.153,公噸,0.128,公噸,完成申報
T42A1247,旭東環保科技股份有限公司,2015年第3季,0.091,公噸,0,公噸,0,公噸,0,公噸,核算確認中
T42A0328,至茂奈米生技有限公司屏東廠,2015年第3季,0,公噸,0,公噸,0.095,公噸,0.066,公噸,完成申報
T4204076,泰翔精密鑄造股份有限公司,2015年第3季,0.066,公噸,0,公噸,0.486,公噸,0.338,公噸,核算確認中
T4201575,南王化工有限公司,2015年第3季,0,公噸,0,公噸,0.038,公噸,0.026,公噸,完成申報
S3503497,天闊日式溫泉會館,2015年第3季,0,公噸,0,公噸,0.028,公噸,0.02,公噸,核算確認中
S3204739,名佃工業股份有限公司永安廠,2015年第3季,0.638,公噸,0,公噸,0,公噸,0,公噸,核算確認中
S3204711,名鎮工業股份有限公司永安廠,2015年第3季,0.608,公噸,0,公噸,0,公噸,0,公噸,核算確認中
S3200973,衛普實業股份有限公司,2015年第3季,8.619,公噸,0,公噸,0,公噸,1.325,公噸,核算確認中
S3001292,綠生企業股份有限公司,2015年第3季,0.517,公噸,0,公噸,0,公噸,0,公噸,核算確認中
S2906387,日勝一企業股份有限公司,2015年第3季,0,公噸,0,公噸,0,公噸,0,公噸,核算確認中
S2902898,健德膠業有限公司,2015年第3季,0,公噸,0,公噸,0,公噸,0,公噸,核算確認中
S2902656,燦和食品工業股份有限公司,2015年第3季,0,公噸,0,公噸,0,公噸,0.077,公噸,核算確認中
S2902147,建通精密工業股份有限公司,2015年第3季,0.062,公噸,0,公噸,0,公噸,0,公噸,核算確認中
S26A0733,綠堤生化科技有限公司,2015年第3季,0,公噸,0,公噸,0,公噸,0,公噸,核算確認中
S2605330,馥妍生技實業社,2015年第3季,0.001,公噸,0,公噸,0,公噸,0,公噸,核算確認中
S2605214,昭偉工業股份有限公司,2015年第3季,0.205,公噸,0,公噸,0,公噸,0,公噸,核算確認中
S2603649,士昌股份有限公司,2015年第3季,0.052,公噸,0,公噸,0.028,公噸,0.07,公噸,核算確認中
S2603336,優能生技股份有限公司,2015年第3季,0.001,公噸,0,公噸,0,公噸,0,公噸,核算確認中
S2602759,鑫本企業股份有限公司,2015年第3季,0.001,公噸,0,公噸,0,公噸,0,公噸,核算確認中
S2602302,皆達國際股份有限公司,2015年第3季,0.042,公噸,0,公噸,0.012,公噸,0.029,公噸,核算確認中
S2501622,資勇企業股份有限公司橋頭廠,2015年第3季,0,公噸,0,公噸,0,公噸,0.372,公噸,核算確認中
S2501168,裕發油脂股份有限公司,2015年第3季,0,公噸,0,公噸,0,公噸,0,公噸,核算確認中
S2400773,仁利工業有限公司,2015年第3季,0.778,公噸,0,公噸,0.228,公噸,0.158,公噸,核算確認中
S2400353,台灣汎生製藥廠股份有限公司,2015年第3季,0,公噸,0,公噸,0,公噸,0,公噸,核算確認中
S2301088,吉霖塑膠股份有限公司,2015年第3季,0.002,公噸,0,公噸,0,公噸,0,公噸,核算確認中
S2203149,廣典實業股份有限公司,2015年第3季,0,公噸,0,公噸,0,公噸,0,公噸,核算確認中
S2200988,鎧陞企業股份有限公司,2015年第3季,0.038,公噸,0,公噸,0,公噸,0.004,公噸,核算確認中
S2200399,明鴻木器有限公司,2015年第3季,0,公噸,0,公噸,0,公噸,0,公噸,核算確認中
S2200095,三昌合金鋼廠股份有限公司,2015年第3季,0,公噸,0,公噸,0,公噸,0,公噸,核算確認中
S20A3767,利順昌實業有限公司,2015年第3季,0.023,公噸,0,公噸,0,公噸,0,公噸,核算確認中
S2011525,錦麟實業股份有限公司,2015年第3季,0,公噸,0,公噸,0.073,公噸,0.059,公噸,核算確認中
S2011507,正情塑膠有限公司,2015年第3季,0.292,公噸,0,公噸,0,公噸,0,公噸,核算確認中
S2010993,永盛塑膠實業股份有限公司,2015年第3季,4.132,公噸,0,公噸,0,公噸,0,公噸,核算確認中
S2010313,安山實業股份有限公司,2015年第3季,0.032,公噸,0,公噸,0.005,公噸,0.004,公噸,核算確認中
S2010297,城光食品股份有限公司,2015年第3季,0,公噸,0,公噸,0.285,公噸,0.198,公噸,核算確認中
S2001770,日星冷凍食品股份有限公司,2015年第3季,0,公噸,0,公噸,0.095,公噸,0.066,公噸,核算確認中
S2001029,新來源醬園股份有限公司,2015年第3季,0,公噸,0,公噸,0,公噸,175.762,公噸,核算確認中
S1958798,富億建材有限公司,2015年第3季,0.471,公噸,0,公噸,0.059,公噸,0.179,公噸,核算確認中
S16A1292,博森企業股份有限公司,2015年第3季,0.228,公噸,0,公噸,0.037,公噸,0.207,公噸,核算確認中
S1664871,金鎂成實業有限公司,2015年第3季,0,公噸,0,公噸,0,公噸,0,公噸,核算確認中
S1601632,進豐興企業股份有限公司,2015年第3季,0,公噸,0,公噸,0.466,公噸,0.323,公噸,核算確認中
S1601025,劉先譜食品工業股份有限公司,2015年第3季,0,公噸,0,公噸,0.028,公噸,0.02,公噸,核算確認中
S1600591,東亞鑄造股份有限公司,2015年第3季,0.051,公噸,0.808,公噸,0.009,公噸,0.012,公噸,核算確認中
S1504147,瑞利橡膠企業有限公司,2015年第3季,0.005,公噸,0,公噸,0,公噸,0,公噸,核算確認中
R9903112,?錠鞋業有限公司,2015年第3季,0.443,公噸,0,公噸,0.142,公噸,0.099,公噸,核算確認中
R88A1049,美舒容生物科技企業股份有限公司(第一廠),2015年第3季,0.001,公噸,0,公噸,0,公噸,0,公噸,核算確認中
R8801075,美舒容生物科技企業股份有限公司,2015年第3季,0.008,公噸,0,公噸,0,公噸,0,公噸,核算確認中
R8800149,源泰股份有限公司,2015年第3季,0.001,公噸,0,公噸,0,公噸,0,公噸,核算確認中
R8700528,尚多企業股份有限公司麻豆廠,2015年第3季,0,公噸,0,公噸,0,公噸,0,公噸,核算確認中
R8500617,寶盛化學工業股份有限公司,2015年第3季,0,公噸,0,公噸,0.076,公噸,0.053,公噸,核算確認中
R8400685,膠王化工股份有限公司,2015年第3季,0,公噸,0,公噸,0,公噸,0,公噸,核算確認中
R8400667,金優美股份有限公司,2015年第3季,0,公噸,0,公噸,0.002,公噸,0.03,公噸,核算確認中
R14A1091,大邁印刷,2015年第3季,0.013,公噸,0,公噸,0,公噸,0,公噸,核算確認中
R1407935,安績工業有限公司,2015年第3季,0.011,公噸,0,公噸,0,公噸,0,公噸,核算確認中
R1407088,鋒銘銅鋁鑄造有限公司,2015年第3季,0,公噸,0,公噸,0.022,公噸,0.016,公噸,核算確認中
R1406698,光良工業股份有限公司,2015年第3季,0,公噸,0,公噸,0,公噸,0,公噸,核算確認中
R1405235,駿嶧實業股份有限公司,2015年第3季,0.595,公噸,0,公噸,0,公噸,0,公噸,核算確認中
R1101063,三星熱處理工廠股份有限公司,2015年第3季,2.046,公噸,0,公噸,0,公噸,0,公噸,核算確認中
R03A1448,儕陞生化技術股份有限公司,2015年第3季,0,公噸,0,公噸,0,公噸,0.001,公噸,核算確認中
R0304328,台灣明尼蘇達光電股份有限公司,2015年第3季,0.021,公噸,0,公噸,0,公噸,0,公噸,完成申報
Q7304556,國塑塑膠工業股份有限公司,2015年第3季,0.311,公噸,0,公噸,0,公噸,0,公噸,核算確認中
P6201302,良冠食品廠,2015年第3季,0,公噸,0,公噸,0.274,公噸,0.19,公噸,完成申報
P60A0196,弘璟企業社,2015年第3季,0.045,公噸,0,公噸,0,公噸,0.006,公噸,完成申報
P60A0067,新健南股份有限公司,2015年第3季,0,公噸,0,公噸,0.028,公噸,0.02,公噸,完成申報
P5706246,香港商基高程序服務股份有限公司台灣分公司,2015年第3季,0.045,公噸,0,公噸,0,公噸,0,公噸,完成申報
P5404354,東昇豆皮廠,2015年第3季,0,公噸,0,公噸,0,公噸,0,公噸,完成申報
P5400990,胡安其豆皮廠,2015年第3季,0,公噸,0,公噸,0.006,公噸,0.122,公噸,完成申報
P5400936,良冠農產行,2015年第3季,0,公噸,0,公噸,0.006,公噸,0.12,公噸,完成申報
P5200632,富義食品股份有限公司,2015年第3季,0,公噸,0,公噸,0.019,公噸,0.013,公噸,完成申報
P5104671,鴻和皮革有限公司,2015年第3季,0,公噸,0,公噸,0,公噸,0,公噸,完成申報
P5005093,義昌食品股份有限公司(附設屠宰場),2015年第3季,0,公噸,0,公噸,0.019,公噸,0.014,公噸,完成申報
P5001531,順成油廠,2015年第3季,0,公噸,0,公噸,0.004,公噸,0.004,公噸,完成申報
P4801966,虎尾鎮農會(農產品加工廠),2015年第3季,0.009,公噸,0,公噸,0,公噸,0.006,公噸,完成申報
P4800558,日新食品工業有限公司,2015年第3季,0,公噸,0,公噸,0.095,公噸,0.066,公噸,完成申報
P4704784,利強環保科技有限公司,2015年第3季,0,公噸,0,公噸,0,公噸,0,公噸,核算確認中
P4701765,昶春塑膠有限公司,2015年第3季,0.969,公噸,0,公噸,0,公噸,0,公噸,完成申報
P46A6562,明徽能源股份有限公司,2015年第3季,5.058,公噸,0,公噸,0,公噸,0,公噸,完成申報
P46A6047,豐本實業股份有限公司一廠,2015年第3季,0,公噸,0,公噸,0,公噸,0,公噸,完成申報
P46A5386,舜田金屬股份有限公司,2015年第3季,0,公噸,0,公噸,0.008,公噸,0.006,公噸,完成申報
P46A4457,鈺成塑膠股份有限公司,2015年第3季,0.051,公噸,0,公噸,0,公噸,0,公噸,核算確認中
P46A4447,新光塑膠廠,2015年第3季,0.118,公噸,0,公噸,0,公噸,0,公噸,完成申報
P46A0049,法寶國際有限公司,2015年第3季,0.003,公噸,0,公噸,0,公噸,0,公噸,核算確認中
P4602105,憶霖企業股份有限公司,2015年第3季,0,公噸,0,公噸,0,公噸,0.053,公噸,完成申報
P4600727,強鉅企業股份有限公司,2015年第3季,0.111,公噸,0,公噸,0,公噸,0,公噸,核算確認中
N29A0588,佑懋興塑膠企業有限公司,2015年第3季,1.501,公噸,0,公噸,0,公噸,0,公噸,完成申報
N2907971,億豐綜合工業股份有限公司,2015年第3季,0.906,公噸,0,公噸,0,公噸,0,公噸,完成申報
N2902976,北原工業股份有限公司,2015年第3季,0.004,公噸,0,公噸,0,公噸,0,公噸,完成申報
N2802882,偉英工業股份有限公司工廠,2015年第3季,0,公噸,0,公噸,0.291,公噸,0.277,公噸,完成申報
N2800155,吾大塑膠工業股份有限公司,2015年第3季,0.201,公噸,0,公噸,0,公噸,0,公噸,完成申報
N2800075,久榮食品工業股份有限公司,2015年第3季,0,公噸,0,公噸,0,公噸,0,公噸,完成申報
N2400208,協昌印刷廠,2015年第3季,0,公噸,0,公噸,0,公噸,0,公噸,完成申報
N2300329,輝騰印刷社,2015年第3季,0,公噸,0,公噸,0,公噸,0,公噸,完成申報
N2300114,佳聯紙類實業社廠,2015年第3季,0,公噸,0,公噸,0,公噸,0,公噸,完成申報
N21A0063,富麗科技股份有限公司,2015年第3季,0,公噸,0,公噸,0,公噸,0,公噸,完成申報
N2106214,瑞進印刷所,2015年第3季,0.005,公噸,0,公噸,0,公噸,0,公噸,完成申報
N2000888,慶昌米粉加工社,2015年第3季,0,公噸,0,公噸,0.095,公噸,0.066,公噸,完成申報
N2000879,正宇農產商行,2015年第3季,0,公噸,0,公噸,0.003,公噸,0.055,公噸,完成申報
N2000860,連發米粉加工社,2015年第3季,0,公噸,0,公噸,0.003,公噸,0.059,公噸,完成申報
N2000655,鴻隆橡膠廠,2015年第3季,0.002,公噸,0,公噸,0.007,公噸,0.005,公噸,完成申報
N2000119,東玉紡織股份有限公司,2015年第3季,0,公噸,0,公噸,0.37,公噸,0.257,公噸,完成申報
N1904369,昌盈金屬股份有限公司,2015年第3季,0,公噸,0,公噸,0,公噸,0.206,公噸,完成申報
N1904092,泰琩金屬有限公司,2015年第3季,0,公噸,0,公噸,0,公噸,0,公噸,完成申報
N1903906,保明股份有限公司,2015年第3季,0,公噸,0,公噸,0,公噸,0.056,公噸,完成申報
N1903853,金墩實業股份有限公司,2015年第3季,0,公噸,0,公噸,0,公噸,0,公噸,完成申報
N1903791,浩智股份有限公司,2015年第3季,0,公噸,0,公噸,0,公噸,0,公噸,完成申報
N1901037,僑陽保力龍股份有限公司,2015年第3季,0,公噸,0,公噸,0,公噸,1.097,公噸,完成申報
N1900996,東泰皮革有限公司,2015年第3季,0,公噸,0,公噸,0,公噸,0,公噸,完成申報
N1900496,台旭網版美術印刷廠,2015年第3季,0.077,公噸,0,公噸,0,公噸,0,公噸,完成申報
N1802691,彰鹿機械鑄造股份有限公司,2015年第3季,0.07,公噸,0,公噸,0.018,公噸,0.042,公噸,完成申報
N1703148,協呈企業有限公司,2015年第3季,0.134,公噸,0,公噸,0,公噸,0,公噸,完成申報
N16A1745,立昕橡膠工業有限公司,2015年第3季,0.036,公噸,0,公噸,0,公噸,0,公噸,完成申報
N16A1200,豪陽機械工業股份有限公司,2015年第3季,0.072,公噸,0,公噸,0,公噸,0,公噸,完成申報
N16A1082,群豪印刷實業有限公司,2015年第3季,0.371,公噸,0,公噸,0,公噸,0,公噸,完成申報
N1601907,國振社企業有限公司,2015年第3季,0.115,公噸,0,公噸,0,公噸,0,公噸,完成申報
N15A1809,旭嶸紙品股份有限公司,2015年第3季,0,公噸,0,公噸,0.285,公噸,0.198,公噸,完成申報
N15A0524,升富塑膠工業股份有限公司,2015年第3季,0.001,公噸,0,公噸,0,公噸,0,公噸,完成申報
N15A0445,項全機械科技有限公司,2015年第3季,0.494,公噸,0,公噸,0,公噸,0,公噸,完成申報
N1504261,金元達金屬股份有限公司,2015年第3季,0.043,公噸,0,公噸,0,公噸,0,公噸,完成申報
N1201121,大永進羽毛企業有限公司,2015年第3季,0,公噸,0,公噸,0,公噸,0.002,公噸,完成申報
N1200213,建昌印刷所,2015年第3季,0.001,公噸,0,公噸,0,公噸,0,公噸,完成申報
N1100576,進懿彩色印刷有限公司,2015年第3季,0,公噸,0,公噸,0,公噸,0,公噸,完成申報
N1001934,冠新興工業股份有限公司,2015年第3季,0,公噸,0,公噸,0,公噸,0,公噸,完成申報
N1001925,信鋐工業股份有限公司,2015年第3季,0.71,公噸,0,公噸,0,公噸,0,公噸,完成申報
N1001845,旺聯實業股份有限公司,2015年第3季,0.008,公噸,0,公噸,0,公噸,0,公噸,完成申報
N1001023,普惠醫工股份有限公司,2015年第3季,0.138,公噸,0,公噸,0,公噸,0,公噸,完成申報
N0910630,台新環保科技股份有限公司全興廠,2015年第3季,0,公噸,0,公噸,0,公噸,0,公噸,完成申報
N0906789,合源紡織股份有限公司,2015年第3季,0,公噸,0,公噸,0.095,公噸,0.066,公噸,完成申報
N0903742,堅揚有限公司,2015年第3季,0,公噸,0,公噸,0,公噸,0,公噸,完成申報
N0900081,特達印刷企業有限公司,2015年第3季,0.02,公噸,0,公噸,0,公噸,0,公噸,完成申報
N08A2789,可洲企業股份有限公司,2015年第3季,0.008,公噸,0,公噸,0,公噸,0,公噸,完成申報
N08A2214,耀億工業股份有限公司,2015年第3季,0.027,公噸,0,公噸,0,公噸,0,公噸,完成申報
N0810715,森貿環保工程有限公司,2015年第3季,0,公噸,0,公噸,0.247,公噸,0.171,公噸,完成申報
N0805241,戎美有限公司,2015年第3季,0,公噸,0,公噸,0,公噸,0,公噸,完成申報
N0804566,元鋒實業有限公司,2015年第3季,0,公噸,0,公噸,0.076,公噸,0.053,公噸,完成申報
N0800424,喬峰網版印刷,2015年第3季,0,公噸,0,公噸,0,公噸,0,公噸,完成申報
N0800406,協益美術印刷廠,2015年第3季,0.004,公噸,0,公噸,0,公噸,0,公噸,完成申報
N0721624,銘錩橡膠有限公司,2015年第3季,0.034,公噸,0,公噸,0,公噸,0,公噸,完成申報
N0703304,信發印鐵工業股份有限公司,2015年第3季,0,公噸,0,公噸,0,公噸,0,公噸,完成申報
N0703091,安主藥化工業股份有限公司,2015年第3季,0,公噸,0,公噸,0,公噸,0,公噸,完成申報
N0701659,聯誠美術印刷廠,2015年第3季,0,公噸,0,公噸,0,公噸,0,公噸,完成申報
L9900858,清隆工業有限公司,2015年第3季,0.003,公噸,0,公噸,0.043,公噸,0.03,公噸,核算確認中
L9900063,鼎固健康科技股份有限公司,2015年第3季,0,公噸,0,公噸,0,公噸,0.011,公噸,核算確認中
L9800620,宏記冷凍食品股份有限公司,2015年第3季,0,公噸,0,公噸,0,公噸,0.01,公噸,完成申報
L9703279,經準企業有限公司,2015年第3季,0,公噸,0,公噸,0.017,公噸,0.012,公噸,完成申報
L95A2279,輔佳材料科技股份有限公司中科廠,2015年第3季,0.006,公噸,0,公噸,0,公噸,0,公噸,完成申報
L95A0986,成侑股份有限公司,2015年第3季,0.054,公噸,0,公噸,0,公噸,0,公噸,完成申報
L95A0174,美美美術印刷廠股份有限公司,2015年第3季,0.008,公噸,0,公噸,0,公噸,0,公噸,完成申報
L95A0164,大昱印刷股份有限公司二廠,2015年第3季,0,公噸,0,公噸,0,公噸,0,公噸,完成申報
L9502316,空軍第三基勤大隊基勤中隊,2015年第3季,0,公噸,0,公噸,0.005,公噸,0.058,公噸,完成申報
L9501926,勝邦企業股份有限公司,2015年第3季,0.011,公噸,0,公噸,0,公噸,0,公噸,完成申報
L9501882,尉達企業有限公司,2015年第3季,0,公噸,0,公噸,0.002,公噸,0.025,公噸,完成申報
L9500536,華裕行股份有限公司,2015年第3季,0.34,公噸,0,公噸,0,公噸,0.001,公噸,完成申報
L9500474,孟欣特殊印刷股份有限公司,2015年第3季,0.019,公噸,0,公噸,0,公噸,0,公噸,完成申報
L9500456,大昱印刷股份有限公司一廠,2015年第3季,0.007,公噸,0,公噸,0,公噸,0,公噸,完成申報
L9500134,大越金屬工業股份有限公司,2015年第3季,0,公噸,0,公噸,0,公噸,0.083,公噸,核算確認中
L9500107,八德工業社,2015年第3季,0,公噸,0,公噸,0,公噸,0.138,公噸,核算確認中
L94A0149,一帆文具印刷廠,2015年第3季,0.003,公噸,0,公噸,0,公噸,0,公噸,核算確認中
L9405170,上靖光電股份有限公司,2015年第3季,0.01,公噸,0,公噸,0,公噸,0,公噸,核算確認中
L9403461,邦泰複合材料股份有限公司,2015年第3季,0.568,公噸,0,公噸,0,公噸,0,公噸,核算確認中
L9400326,宏名鑄造廠股份有限公司,2015年第3季,0.288,公噸,0,公噸,0.084,公噸,0.198,公噸,核算確認中
L9400031,建新企業股份有限公司潭子廠,2015年第3季,0.018,公噸,0,公噸,0.529,公噸,0.369,公噸,核算確認中
L9307535,順中有限公司,2015年第3季,0.902,公噸,0,公噸,0.046,公噸,0.032,公噸,完成申報
L9303957,富田電機股份有限公司神岡廠,2015年第3季,2.663,公噸,0,公噸,0,公噸,0,公噸,完成申報
L9302843,百助紙業股份有限公司,2015年第3季,0,公噸,0,公噸,0.19,公噸,0.132,公噸,完成申報
L9302745,富祥橡膠有限公司,2015年第3季,0.001,公噸,0,公噸,0.025,公噸,0.017,公噸,核算確認中
L9302263,市祥鋁業有限公司,2015年第3季,0,公噸,0,公噸,0.028,公噸,0.019,公噸,核算確認中
L9301551,永順企業廠股份有限公司,2015年第3季,0,公噸,0,公噸,0,公噸,0.035,公噸,核算確認中
L9301113,韋勝鋼管家具有限公司,2015年第3季,0,公噸,0,公噸,0.001,公噸,0.009,公噸,核算確認中
L92A0139,泰安印鐵廠,2015年第3季,0.241,公噸,0,公噸,0,公噸,0.003,公噸,完成申報
L9200120,中北化學工業股份有限公司,2015年第3季,0.024,公噸,0,公噸,0.445,公噸,0.355,公噸,核算確認中
L91A1964,明源橡膠工業股份有限公司台中分公司,2015年第3季,0.102,公噸,0,公噸,0,公噸,0,公噸,核算確認中
L9104712,詮立國際股份有限公司,2015年第3季,0.004,公噸,0,公噸,0,公噸,0,公噸,核算確認中
L9101122,千力電子股份有限公司,2015年第3季,0.066,公噸,0,公噸,0,公噸,0,公噸,核算確認中
L9100796,華元食品股份有限公司,2015年第3季,0,公噸,0,公噸,0,公噸,0.156,公噸,完成申報
L9100705,聯孟實業股份有限公司,2015年第3季,0,公噸,0,公噸,0.455,公噸,0.315,公噸,核算確認中
L9100456,華元食品股份有限公司第二廠,2015年第3季,0,公噸,0,公噸,0,公噸,0.641,公噸,完成申報
L9100303,永揮塑膠廠股份有限公司,2015年第3季,0,公噸,0,公噸,0,公噸,0,公噸,完成申報
L9001154,孟宏企業股份有限公司,2015年第3季,0.021,公噸,0,公噸,0.11,公噸,0.079,公噸,核算確認中
L8901226,松豐實業股份有限公司,2015年第3季,0,公噸,0,公噸,0.095,公噸,0.066,公噸,完成申報
L8901048,協璟鑄造工業股份有限公司,2015年第3季,0.011,公噸,0,公噸,0.015,公噸,0.001,公噸,核算確認中
L8900381,新益機械工廠股份有限公司,2015年第3季,0.462,公噸,0,公噸,0,公噸,0,公噸,核算確認中
L88A0779,生燦科技有限公司幼獅廠,2015年第3季,0.006,公噸,0,公噸,0,公噸,0,公噸,完成申報
L88A0600,震旦行股份有限公司家,2015年第3季,0.9,公噸,0,公噸,0,公噸,0.393,公噸,核算確認中
L8804786,卜威工業股份有限公司,2015年第3季,0,公噸,0,公噸,0,公噸,0.014,公噸,核算確認中
L8803243,興鼎工業股份有限公司,2015年第3季,0.808,公噸,0,公噸,0.002,公噸,0.03,公噸,完成申報
L8801123,成名實業股份有限公司,2015年第3季,0,公噸,0,公噸,0.056,公噸,0.038,公噸,完成申報
L8800528,友迦工業股份有限公司日南廠,2015年第3季,0.77,公噸,0,公噸,0,公噸,0,公噸,核算確認中
L8800288,錦輝製線企業股份有限公司,2015年第3季,0.005,公噸,0,公噸,0.012,公噸,0.086,公噸,核算確認中
L8800135,日光食品工廠股份有限公司,2015年第3季,0,公噸,0,公噸,0.056,公噸,0.041,公噸,核算確認中
L86A0492,東隆印刷有限公司,2015年第3季,0,公噸,0,公噸,0,公噸,0,公噸,完成申報
L86A0462,志昇企業社,2015年第3季,0,公噸,0,公噸,0,公噸,0,公噸,完成申報
L86A0393,昶立印刷企業有限公司,2015年第3季,0.002,公噸,0,公噸,0,公噸,0,公噸,核算確認中
L8615430,豐昇橡膠股份有限公司,2015年第3季,0.175,公噸,0,公噸,0,公噸,0,公噸,完成申報
L8603770,育笙企業股份有限公司,2015年第3季,0.006,公噸,0,公噸,0.038,公噸,0.026,公噸,核算確認中
L8603636,其億股份有限公司,2015年第3季,0,公噸,0,公噸,0.117,公噸,0.078,公噸,核算確認中
L8603547,旭泰工業股份有限公司,2015年第3季,0.978,公噸,0,公噸,0.095,公噸,0.066,公噸,核算確認中
L8603529,昌宸股份有限公司,2015年第3季,0,公噸,0,公噸,0.03,公噸,0.021,公噸,完成申報
L8601196,華一印刷行,2015年第3季,0,公噸,0,公噸,0,公噸,0,公噸,完成申報
L8600475,瑞昌化工廠有限公司,2015年第3季,0,公噸,0,公噸,0.048,公噸,0.033,公噸,核算確認中
L05A5128,良冠生化科技有限公司,2015年第3季,0.012,公噸,0,公噸,0,公噸,0,公噸,完成申報
L05A4724,神揚工業股份有限公司工廠,2015年第3季,0.657,公噸,0,公噸,0.38,公噸,0.264,公噸,核算確認中
L05A4289,威利視覺設計印刷有限公司,2015年第3季,0.004,公噸,0,公噸,0,公噸,0,公噸,完成申報
L05A2520,品茂塑膠工業股份有限公司,2015年第3季,0.182,公噸,0,公噸,0,公噸,0,公噸,完成申報
L0505982,兆陽電子有限公司,2015年第3季,0.003,公噸,0,公噸,0,公噸,0,公噸,完成申報
L0503148,嘉竑企業股份有限公司,2015年第3季,0.24,公噸,0,公噸,0,公噸,0,公噸,核算確認中
L0502865,伍強金屬工業股份有限公司,2015年第3季,0.318,公噸,0,公噸,0.001,公噸,0.01,公噸,完成申報
L0502696,達昱實業股份有限公司,2015年第3季,0,公噸,0,公噸,0.038,公噸,0.026,公噸,核算確認中
L0502614,富源企業社,2015年第3季,0,公噸,0,公噸,0,公噸,0,公噸,核算確認中
L0502187,詠成股份有限公司,2015年第3季,0.032,公噸,0,公噸,0.475,公噸,0.329,公噸,核算確認中
L0501895,長宏行有限公司,2015年第3季,0,公噸,0,公噸,0,公噸,0,公噸,完成申報
L0500441,盟興實業股份有限公司,2015年第3季,0.062,公噸,0,公噸,0,公噸,0,公噸,核算確認中
L04A0420,藝林企業社,2015年第3季,0.69,公噸,0,公噸,0,公噸,0,公噸,核算確認中
L0419552,佑聖工業有限公司,2015年第3季,0.107,公噸,0,公噸,0.003,公噸,0.044,公噸,核算確認中
L0413498,久品香食品有限公司,2015年第3季,0,公噸,0,公噸,0.028,公噸,0.02,公噸,核算確認中
L0404435,億來銘版有限公司,2015年第3季,0.009,公噸,0,公噸,0,公噸,0,公噸,核算確認中
L0403465,偉義工業股份有限公司,2015年第3季,0.016,公噸,0,公噸,0.147,公噸,0.102,公噸,核算確認中
L0403447,吉隆興業股份有限公司,2015年第3季,1.168,公噸,0,公噸,0.02,公噸,0.139,公噸,核算確認中
L0403394,企弘股份有限公司,2015年第3季,0,公噸,0,公噸,0.056,公噸,0.039,公噸,核算確認中
L0403349,仟晟鑄造廠,2015年第3季,0.019,公噸,0,公噸,0,公噸,0,公噸,核算確認中
L0403321,四海通食品有限公司,2015年第3季,0,公噸,0,公噸,0.38,公噸,0.264,公噸,核算確認中
L0402753,薪豐壓鑄股份有限公司,2015年第3季,0,公噸,0,公噸,0.004,公噸,0.005,公噸,核算確認中
L0402744,世源自動化科技有限公司,2015年第3季,0,公噸,0,公噸,0.015,公噸,0.01,公噸,核算確認中
L0401434,佶恒實業股份有限公司,2015年第3季,0,公噸,0,公噸,0.095,公噸,0.066,公噸,核算確認中
L0401354,寰宇工具股份有限公司,2015年第3季,0.014,公噸,0,公噸,0,公噸,0,公噸,核算確認中
L0401130,景大行,2015年第3季,0,公噸,0,公噸,0,公噸,0.001,公噸,核算確認中
L0400624,守誠機械鑄造股份有限公司,2015年第3季,0.067,公噸,0,公噸,0.011,公噸,0.006,公噸,完成申報
L0400348,賀聖工業股份有限公司,2015年第3季,0.029,公噸,0,公噸,0,公噸,0.001,公噸,完成申報
L03A0336,百一香食品有限公司,2015年第3季,0,公噸,0,公噸,0.261,公噸,0.181,公噸,完成申報
L0301135,寶城鑄鋼廠股份有限公司,2015年第3季,0,公噸,0,公噸,0.029,公噸,0.311,公噸,完成申報
L0300389,華豐印刷行,2015年第3季,0.003,公噸,0,公噸,0,公噸,0,公噸,完成申報
L0300236,承昌食品股份有限公司,2015年第3季,0,公噸,0,公噸,0.133,公噸,0.092,公噸,完成申報
L0300218,聖旻金屬股份有限公司,2015年第3季,0.05,公噸,0,公噸,0.015,公噸,0.012,公噸,完成申報
L02A1606,龍泰布業有限公司,2015年第3季,0,公噸,0,公噸,0,公噸,0,公噸,核算確認中
L0204195,石昇實業股份有限公司,2015年第3季,0.019,公噸,0,公噸,0,公噸,0,公噸,核算確認中
L0200866,先得利實業股份有限公司,2015年第3季,0,公噸,0,公噸,0.304,公噸,0.211,公噸,完成申報
L01A0089,協榮印刷廠,2015年第3季,0.012,公噸,0,公噸,0,公噸,0,公噸,完成申報
L0102794,美麗華皮件工業股份有限公司,2015年第3季,0.142,公噸,0,公噸,0,公噸,0,公噸,完成申報
L0101304,源巧有限公司,2015年第3季,0.026,公噸,0,公噸,0,公噸,0,公噸,完成申報
L0100058,興國橡膠廠股份有限公司,2015年第3季,2.719,公噸,0,公噸,1.425,公噸,0.988,公噸,完成申報
L0000697,正晟化學工業有限公司,2015年第3季,0,公噸,0,公噸,0.228,公噸,0.158,公噸,完成申報
L0000491,建利食品股份有限公司,2015年第3季,0,公噸,0,公噸,0.095,公噸,0.066,公噸,完成申報
J6200543,大安鋁業股份有限公司,2015年第3季,0.242,公噸,0,公噸,0.399,公噸,0.303,公噸,核算確認中
J61A1165,帝王酒業股份有限公司,2015年第3季,0.052,公噸,0,公噸,0,公噸,0,公噸,核算確認中
J6100324,啟圓工業股份有限公司新豐廠,2015年第3季,0,公噸,0,公噸,0.19,公噸,0.132,公噸,核算確認中
J59A8523,科治新技股份有限公司,2015年第3季,0,公噸,0,公噸,0,公噸,0,公噸,完成申報
J59A5638,美商昆騰全球科技有限公司台灣分公司,2015年第3季,0.066,公噸,0,公噸,0,公噸,0,公噸,完成申報
J59A5212,復盛精密工業股份有限公司湖口廠,2015年第3季,1.859,公噸,0,公噸,0,公噸,0,公噸,核算確認中
J59A4482,前鼎光電股份有限公司,2015年第3季,0.88,公噸,0,公噸,0,公噸,0,公噸,完成申報
J59A3692,徠捷股份有限公司,2015年第3季,0.407,公噸,0,公噸,0,公噸,0,公噸,完成申報
J59A3672,富泰空調科技股份有限公司一廠,2015年第3季,1.799,公噸,0,公噸,0,公噸,0,公噸,核算確認中
J59A3662,富泰空調科技股份有限公司二廠,2015年第3季,1.802,公噸,0,公噸,0,公噸,0,公噸,核算確認中
J59A3335,祥豐洗衣企業社,2015年第3季,0,公噸,0,公噸,0.019,公噸,0.013,公噸,核算確認中
J59A2822,台灣茂矽電子股份有限公司新興廠,2015年第3季,0,公噸,0,公噸,0,公噸,0,公噸,完成申報
J59A0806,榮錦塑膠工業股份有限公司,2015年第3季,1.741,公噸,0,公噸,0,公噸,0,公噸,核算確認中
J5909583,向陽科技股份有限公司,2015年第3季,1.26,公噸,0,公噸,0,公噸,0,公噸,核算確認中
J5908988,欣銓科技股份有限公司新工二廠,2015年第3季,0.031,公噸,0,公噸,0,公噸,0.001,公噸,完成申報
J5908924,寰邦科技股份有限公司,2015年第3季,0.004,公噸,0,公噸,0,公噸,0,公噸,完成申報
J5905281,昶緣興化學工業股份有限公司,2015年第3季,0,公噸,0,公噸,0,公噸,0,公噸,完成申報
J5904051,寶坤化學工業股份有限公司,2015年第3季,0,公噸,0,公噸,0,公噸,0,公噸,完成申報
J5902600,康普材料科技股份有限公司,2015年第3季,0.649,公噸,0,公噸,0,公噸,0,公噸,完成申報
J5902155,台灣信越矽利光股份有限公司,2015年第3季,1.928,公噸,0,公噸,0.002,公噸,0.255,公噸,核算確認中
J5901185,裕器工業股份有限公司,2015年第3季,4.402,公噸,0,公噸,0,公噸,0.012,公噸,完成申報
J58A2689,德興科技材料股份有限公司,2015年第3季,0,公噸,0,公噸,8.843,公噸,9.918,公噸,核算確認中
J5800969,台灣雙羽電機股份有限公司,2015年第3季,0.74,公噸,0,公噸,0,公噸,0,公噸,完成申報
J5800889,奎帝化學股份有限公司,2015年第3季,0.482,公噸,0,公噸,0,公噸,0,公噸,完成申報
J5600156,東武精機股份有限公司,2015年第3季,0.001,公噸,0,公噸,0,公噸,0,公噸,完成申報
H53A6712,位元奈米科技股份有限公司,2015年第3季,0.042,公噸,0,公噸,0,公噸,0,公噸,完成申報
H53A6495,日譽興業股份有限公司,2015年第3季,0,公噸,0,公噸,0,公噸,0,公噸,完成申報
H53A5120,太易科技印染有限公司,2015年第3季,0.091,公噸,0,公噸,0,公噸,0,公噸,核算確認中
H53A4568,台灣巴斯夫股份有限公司觀音三廠,2015年第3季,0.102,公噸,0,公噸,0,公噸,0,公噸,核算確認中
H53A4291,寶結實業股份有限公司,2015年第3季,0.279,公噸,0,公噸,2.232,公噸,2.893,公噸,完成申報
H53A0784,鎰聖科技股份有限公司,2015年第3季,0,公噸,0,公噸,0,公噸,0,公噸,核算確認中
H5308725,東元捷德科技股份有限公司,2015年第3季,0.159,公噸,0,公噸,0,公噸,0,公噸,核算確認中
H5307148,慶泉金屬工業股份有限公司,2015年第3季,0.341,公噸,0,公噸,0,公噸,0,公噸,核算確認中
H5303462,聯成金屬製造廠股份有限公司,2015年第3季,5.937,公噸,0,公噸,0.941,公噸,0.739,公噸,完成申報
H5302607,利津實業有限公司,2015年第3季,0.021,公噸,0,公噸,0.001,公噸,0.016,公噸,核算確認中
H5300961,盛聚塑膠股份有限公司觀音廠,2015年第3季,0,公噸,0,公噸,0,公噸,0,公噸,核算確認中
H5300701,懷德生技化學股份有限公司,2015年第3季,0.604,公噸,0,公噸,0.076,公噸,0.053,公噸,核算確認中
H52A1242,台灣潔淨能源科技股份有限公司新屋廠,2015年第3季,0,公噸,0,公噸,0.016,公噸,0.395,公噸,完成申報
H5204375,新屋屠宰場,2015年第3季,0,公噸,0,公噸,0,公噸,0.011,公噸,核算確認中
H5200528,佳真股份有限公司,2015年第3季,0.001,公噸,0,公噸,0,公噸,0.007,公噸,核算確認中
H51A9548,桃苗汽車股份有限公司平鎮廠,2015年第3季,0.171,公噸,0,公噸,0.025,公噸,0.017,公噸,核算確認中
H51A8560,源友企業股份有限公司平鎮廠,2015年第3季,0,公噸,0,公噸,0,公噸,0,公噸,核算確認中
H51A4974,國鏟鋼鐵股份有限公司,2015年第3季,0,公噸,0,公噸,0,公噸,1379.521,公噸,核算確認中
H51A0556,祥竑電子股份有限公司,2015年第3季,0.33,公噸,0,公噸,0,公噸,0,公噸,核算確認中
H51A0091,喬羽彩色印刷股份有限公司,2015年第3季,3.072,公噸,0,公噸,0,公噸,0,公噸,完成申報
H50A5224,富利源企業有限公司,2015年第3季,0.268,公噸,0,公噸,0,公噸,0.004,公噸,核算確認中
H50A5185,東芳塑膠企業有限公司二廠,2015年第3季,1.62,公噸,0,公噸,0,公噸,0,公噸,核算確認中
H50A5165,桃苗汽車股份有限公司龍潭廠,2015年第3季,0.198,公噸,0,公噸,0.015,公噸,0.011,公噸,核算確認中
H50A0204,合力旺環保科技股份有限公司,2015年第3季,0.179,公噸,0,公噸,2.083,公噸,1.485,公噸,完成申報
H5009665,嘉騰國際科技股份有限公司,2015年第3季,0.023,公噸,0,公噸,0,公噸,0,公噸,核算確認中
H5007232,新應材股份有限公司,2015年第3季,6.017,公噸,0,公噸,0,公噸,0,公噸,核算確認中
H5006057,國家中山科學研究院系統維護中心,2015年第3季,0,公噸,0,公噸,0,公噸,0,公噸,核算確認中
H5005309,東芳塑膠企業有限公司,2015年第3季,0.23,公噸,0,公噸,0,公噸,0,公噸,核算確認中
H5000706,鴻華化學工業股份有限公司,2015年第3季,0.165,公噸,0,公噸,0.009,公噸,0.006,公噸,核算確認中
H49B0272,益大理研股份有限公司,2015年第3季,0,公噸,0,公噸,0.002,公噸,0.023,公噸,核算確認中
H49A9188,桃苗汽車股份有限公司八德廠,2015年第3季,0.213,公噸,0,公噸,0.023,公噸,0.016,公噸,核算確認中
H49A9178,桃苗汽車股份有限公司桃大廠,2015年第3季,0.492,公噸,0,公噸,0.034,公噸,0.024,公噸,核算確認中
H49A5077,微邦科技股份有限公司八德廠,2015年第3季,0,公噸,0,公噸,0,公噸,0,公噸,完成申報
H49A0770,峻毅電子有限公司,2015年第3季,0.016,公噸,0,公噸,0,公噸,0,公噸,核算確認中
H4907297,金勝發有限公司,2015年第3季,0,公噸,0,公噸,0,公噸,0,公噸,核算確認中
H4903682,長鼎電機工業股份有限公司,2015年第3季,0.001,公噸,0,公噸,0,公噸,0,公噸,核算確認中
H4902158,虹麗實業有限公司,2015年第3季,0,公噸,0,公噸,0,公噸,0,公噸,核算確認中
H4900216,久新洗衣店,2015年第3季,0.03,公噸,0,公噸,0,公噸,0,公噸,核算確認中
H48A9698,祥元企業股份有限公司,2015年第3季,0.512,公噸,0,公噸,0,公噸,0,公噸,完成申報
H48A9470,欣興電子股份有限公司山鶯文華廠,2015年第3季,0.356,公噸,0,公噸,0,公噸,0,公噸,核算確認中
H48A8759,桃苗汽車股份有限公司大崗廠,2015年第3季,0.211,公噸,0,公噸,0.008,公噸,0.005,公噸,核算確認中
H48A7593,元太科技工業股份有限公司林口廠,2015年第3季,0,公噸,0,公噸,0,公噸,0,公噸,核算確認中
H48A5478,積楊材料股份有限公司,2015年第3季,0,公噸,0,公噸,0,公噸,0,公噸,核算確認中
H48A3878,東金電機股份有限公司,2015年第3季,0.965,公噸,0,公噸,0,公噸,0,公噸,核算確認中
H48A2197,雙禔生物科技有限公司,2015年第3季,0,公噸,0,公噸,0,公噸,0,公噸,核算確認中
H4890046,協易機械工業股份有限公司,2015年第3季,0.781,公噸,0,公噸,0,公噸,0,公噸,完成申報
H4882731,富陽光電股份有限公司,2015年第3季,0,公噸,0,公噸,0,公噸,0,公噸,完成申報
H4810986,揚華有限公司,2015年第3季,0.307,公噸,0,公噸,0,公噸,0,公噸,核算確認中
H4810931,彩裕顏料廠有限公司,2015年第3季,0,公噸,0,公噸,0,公噸,0,公噸,核算確認中
H4810557,金泉順有限公司,2015年第3季,0.053,公噸,0,公噸,0.019,公噸,0.013,公噸,核算確認中
H4809867,巴巴洗衣店,2015年第3季,0.09,公噸,0,公噸,0,公噸,0,公噸,核算確認中
H4806820,長庚學校財團法人長庚科技大學,2015年第3季,0,公噸,0,公噸,0.208,公噸,0.144,公噸,核算確認中
H4806624,憲兵205指揮部,2015年第3季,0,公噸,0,公噸,0.019,公噸,0.024,公噸,核算確認中
H4805967,勝鋒企業股份有限公司,2015年第3季,0,公噸,0,公噸,0,公噸,0,公噸,核算確認中
H4805921,嘉穩企業股份有限公司,2015年第3季,149.16,公噸,0,公噸,0,公噸,0,公噸,核算確認中
H4804326,力根實業股份有限公司,2015年第3季,0.172,公噸,0,公噸,0.056,公噸,0.71,公噸,核算確認中
H4801736,啟利實業股份有限公司,2015年第3季,0,公噸,0,公噸,0,公噸,0,公噸,核算確認中
H4800695,亞東製茶有限公司,2015年第3季,0,公噸,0,公噸,0.015,公噸,2.354,公噸,核算確認中
H47A7845,順晉實業股份有限公司大園廠,2015年第3季,0.143,公噸,0,公噸,0,公噸,0,公噸,完成申報
H47A6728,柯富伊企業有限公司,2015年第3季,1.016,公噸,0.077,公噸,0,公噸,0,公噸,核算確認中
H47A5512,欣偉科技股份有限公司三廠,2015年第3季,0,公噸,0,公噸,0.01,公噸,0.123,公噸,完成申報
H47A5176,晉倫科技股份有限公司二廠,2015年第3季,1.486,公噸,0,公噸,0,公噸,0,公噸,完成申報
H47A4198,川武食品股份有限公司,2015年第3季,0,公噸,0,公噸,0,公噸,0,公噸,核算確認中
H47A4029,順旗塑膠股份有限公司,2015年第3季,0.101,公噸,0,公噸,0,公噸,0,公噸,核算確認中
H47A2736,菁華工業股份有限公司大園廠,2015年第3季,0,公噸,0.577,公噸,0,公噸,2.044,公噸,完成申報
H47A1114,美琪瑪工業股份有限公司,2015年第3季,0,公噸,0,公噸,0,公噸,0,公噸,完成申報
H47A0849,吉昌橡膠工業有限公司,2015年第3季,0.756,公噸,0,公噸,0,公噸,0,公噸,核算確認中
H4707519,晉倫科技股份有限公司,2015年第3季,6.285,公噸,0,公噸,0,公噸,0,公噸,核算確認中
H4703306,峰華金屬科技股份有限公司,2015年第3季,0.091,公噸,0,公噸,0,公噸,0,公噸,核算確認中
H4701491,德昌皮革製品股份有限公司,2015年第3季,2.838,公噸,0,公噸,0,公噸,0,公噸,完成申報
H4701017,國聯矽業化學股份有限公司,2015年第3季,0,公噸,0,公噸,0,公噸,0,公噸,核算確認中
H46B0485,桃苗汽車股份有限公司南崁廠,2015年第3季,0.354,公噸,0,公噸,0.023,公噸,0.016,公噸,核算確認中
H46A8789,朋程科技股份有限公司南崁二廠,2015年第3季,0.181,公噸,0,公噸,0,公噸,0,公噸,核算確認中
H46A3868,禾明實業有限公司,2015年第3季,0.07,公噸,0,公噸,0.047,公噸,0.032,公噸,完成申報
H4642915,東泰興實業股份有限公司,2015年第3季,0,公噸,0,公噸,0,公噸,0,公噸,核算確認中
H4641589,長泓電子股份有限公司,2015年第3季,0.271,公噸,0,公噸,0,公噸,0,公噸,核算確認中
H4639945,駿柏國際有限公司,2015年第3季,0.001,公噸,0,公噸,0,公噸,0,公噸,完成申報
H4639918,益奇生科技股份有限公司蘆竹廠,2015年第3季,0.831,公噸,0,公噸,0,公噸,0,公噸,完成申報
H4639570,優士威精密股份有限公司蘆竹廠,2015年第3季,0.215,公噸,0,公噸,0,公噸,0.029,公噸,核算確認中
H4605190,卓新工業股份有限公司二廠,2015年第3季,0.015,公噸,0,公噸,0,公噸,0,公噸,核算確認中
H4602582,桃園市肉品市場,2015年第3季,0,公噸,0,公噸,0.57,公噸,0.395,公噸,核算確認中
H4601996,義璿實業股份有限公司,2015年第3季,0,公噸,0,公噸,0.152,公噸,0.105,公噸,核算確認中
H45B0915,觀鑫木業有限公司,2015年第3季,0,公噸,0,公噸,0,公噸,0,公噸,完成申報
H45B0163,桃苗汽車股份有限公司楊梅廠,2015年第3季,0.189,公噸,0,公噸,0.023,公噸,0.016,公噸,完成申報
H45A8764,鴻福食品工廠有限股份公司楊梅廠,2015年第3季,0.165,公噸,0,公噸,0,公噸,0.019,公噸,核算確認中
H45A8526,新榮造漆有限公司,2015年第3季,0,公噸,0,公噸,0,公噸,0,公噸,完成申報
H45A8190,普弘食品有限公司,2015年第3季,0,公噸,0,公噸,0,公噸,0.012,公噸,完成申報
H45A7617,靖灃應用材料股份有限公司,2015年第3季,0,公噸,0,公噸,0,公噸,0,公噸,完成申報
H45A7241,捷升興業股份有限公司,2015年第3季,2.4,公噸,0,公噸,0,公噸,0,公噸,核算確認中
H45A2845,華新麗華股份有限公司光電楊梅廠,2015年第3季,0,公噸,0,公噸,0,公噸,0,公噸,核算確認中
H45A1184,鴻東資源股份有限公司楊梅廠,2015年第3季,0,公噸,0,公噸,0.526,公噸,0.365,公噸,完成申報
H45A1055,綠固科技股份有限公司,2015年第3季,0.27,公噸,0,公噸,0,公噸,0,公噸,完成申報
H4509568,中壢屠宰場,2015年第3季,0,公噸,0,公噸,0.143,公噸,0.103,公噸,完成申報
H4507788,台灣雅聞生技股份有限公司,2015年第3季,0,公噸,0,公噸,0,公噸,0.002,公噸,核算確認中
H4503548,全科企業股份有限公司楊梅廠,2015年第3季,0.359,公噸,0,公噸,0.093,公噸,0.249,公噸,核算確認中
H4501062,豪倫電子股份有限公司,2015年第3季,0.527,公噸,0,公噸,0,公噸,0,公噸,核算確認中
H4500761,新記企業股份有限公司埔心廠,2015年第3季,0,公噸,0,公噸,0,公噸,0,公噸,完成申報
H44A2800,品達科技股份有限公司大溪廠,2015年第3季,0,公噸,0,公噸,1.241,公噸,1.138,公噸,核算確認中
H44A0191,友輝光電股份有限公司桃園廠,2015年第3季,2.424,公噸,0,公噸,0,公噸,0,公噸,核算確認中
H4406526,鴻程科技股份有限公司大溪廠,2015年第3季,0,公噸,0,公噸,0,公噸,0,公噸,核算確認中
H4401647,美立堅科技股份有限公司大溪廠,2015年第3季,0.815,公噸,0,公噸,0,公噸,0.005,公噸,核算確認中
H4401610,葉和記塑膠股份有限公司,2015年第3季,0.129,公噸,0,公噸,0,公噸,0,公噸,核算確認中
H4401487,幸太企業股份有限公司大溪廠,2015年第3季,0,公噸,0,公噸,0,公噸,0,公噸,核算確認中
H4401405,益興電子股份有限公司,2015年第3季,0.115,公噸,0,公噸,0,公噸,0,公噸,核算確認中
H4400882,偉倫化工業股份有限公司,2015年第3季,0,公噸,0,公噸,0.475,公噸,0.329,公噸,核算確認中
H43C2384,寶程實業股份有限公司,2015年第3季,0,公噸,0,公噸,0.513,公噸,0.356,公噸,核算確認中
H43C0942,桃苗汽車股份有限公司中壢廠,2015年第3季,0.705,公噸,0,公噸,0.008,公噸,0.005,公噸,完成申報
H43C0417,力成科技股份有限公司,2015年第3季,0.13,公噸,0,公噸,0,公噸,0,公噸,核算確認中
H43B4947,錦泰塑膠有限公司,2015年第3季,0.173,公噸,0,公噸,0,公噸,0,公噸,完成申報
H43B4234,新蓬萊食品股份有限公司,2015年第3季,0,公噸,0,公噸,0.855,公噸,0.593,公噸,完成申報
H43A4891,新天地游泳會館,2015年第3季,0,公噸,0,公噸,0.522,公噸,0.362,公噸,核算確認中
H43A3942,舞動陽光有限公司,2015年第3季,0,公噸,0,公噸,0,公噸,0,公噸,核算確認中
H43A2172,台灣美格股份有限公司中壢廠,2015年第3季,0.035,公噸,0,公噸,0,公噸,0,公噸,核算確認中
H4395457,惠豐特殊電線股份有限公司,2015年第3季,0,公噸,0,公噸,0,公噸,0.001,公噸,核算確認中
H4305426,煜富企業有限公司,2015年第3季,0,公噸,0,公噸,0,公噸,0,公噸,核算確認中
H4304689,功學社教育用品股份有限公司過嶺第一廠,2015年第3季,3.044,公噸,0,公噸,0,公噸,0,公噸,完成申報
H4303995,國享實業有限公司,2015年第3季,0.038,公噸,0,公噸,0.2,公噸,0.138,公噸,核算確認中
H4302818,中榮電瓷工業股份有限公司,2015年第3季,0.065,公噸,0,公噸,0,公噸,0.111,公噸,核算確認中
H4301151,華田油墨股份有限公司,2015年第3季,26.49,公噸,0,公噸,0.228,公噸,0.158,公噸,核算確認中
H4301035,堭隆實業股份有限公司,2015年第3季,0,公噸,0,公噸,0,公噸,0,公噸,完成申報
H4300225,清光洗衣店,2015年第3季,0.01,公噸,0,公噸,0,公噸,0,公噸,核算確認中
H42B1879,桃苗汽車股份有限公司,2015年第3季,0.312,公噸,0,公噸,0.023,公噸,0.016,公噸,核算確認中
H4249441,龍龍洗衣店,2015年第3季,0.05,公噸,0,公噸,0,公噸,0,公噸,核算確認中
H4249432,啟騰洗衣店,2015年第3季,0.05,公噸,0,公噸,0,公噸,0,公噸,核算確認中
H4249423,采潔洗衣店,2015年第3季,0.01,公噸,0,公噸,0,公噸,0,公噸,核算確認中
H4249414,泰利洗衣店,2015年第3季,0.05,公噸,0,公噸,0,公噸,0,公噸,核算確認中
H4211858,殯葬管理所桃園區殯葬服務中心,2015年第3季,0,公噸,0,公噸,0.001,公噸,0.168,公噸,核算確認中
H4205716,利橋電子工業有限公司,2015年第3季,0.019,公噸,0,公噸,0,公噸,0,公噸,核算確認中
H4204808,超群乾洗商店,2015年第3季,0,公噸,0,公噸,0,公噸,0,公噸,核算確認中
H4204764,冠清企業有限公司桃園廠,2015年第3季,0.458,公噸,0.001,公噸,0,公噸,0,公噸,核算確認中
H4204442,元隆汽車股份有限公司,2015年第3季,0.355,公噸,0,公噸,0,公噸,0,公噸,核算確認中
H4203954,阜盟企業股份有限公司,2015年第3季,0.968,公噸,0,公噸,0,公噸,0,公噸,核算確認中
H4203025,裕隆汽車製造股份有限公司,2015年第3季,0,公噸,0,公噸,0,公噸,0,公噸,核算確認中
H4202313,衛生福利部桃園療養院,2015年第3季,0,公噸,0,公噸,0,公噸,0.069,公噸,核算確認中
H4201487,宏吉洗衣店,2015年第3季,0.01,公噸,0,公噸,0,公噸,0,公噸,核算確認中
H4201281,長豐洗衣店,2015年第3季,0.01,公噸,0,公噸,0,公噸,0,公噸,核算確認中
H4201209,新泰洗衣店,2015年第3季,0.04,公噸,0,公噸,0,公噸,0,公噸,核算確認中
H4201183,麗明洗衣店,2015年第3季,0.01,公噸,0,公噸,0,公噸,0,公噸,核算確認中
H4201174,東洋洗衣店,2015年第3季,0.01,公噸,0,公噸,0,公噸,0,公噸,核算確認中
H4201156,永裕洗衣店,2015年第3季,0.1,公噸,0,公噸,0,公噸,0,公噸,核算確認中
H4201101,原正洗衣店,2015年第3季,0.01,公噸,0,公噸,0,公噸,0,公噸,核算確認中
H4201058,德新洗衣店,2015年第3季,0.13,公噸,0,公噸,0,公噸,0,公噸,核算確認中
H4201012,速潔洗衣店,2015年第3季,0.05,公噸,0,公噸,0,公噸,0,公噸,核算確認中
H4200999,建信洗衣店,2015年第3季,0.1,公噸,0,公噸,0,公噸,0,公噸,核算確認中
H4200980,華龍洗衣店,2015年第3季,0.03,公噸,0,公噸,0,公噸,0,公噸,核算確認中
H4200953,富新洗衣店,2015年第3季,0.15,公噸,0,公噸,0,公噸,0,公噸,核算確認中
H4200784,潔美自助洗衣店,2015年第3季,0,公噸,0,公噸,0,公噸,0,公噸,核算確認中
H4200739,金正德洗衣店,2015年第3季,0.03,公噸,0,公噸,0,公噸,0,公噸,核算確認中
H4200659,大仁洗衣店,2015年第3季,0.05,公噸,0,公噸,0,公噸,0,公噸,核算確認中
H4200631,豪美洗衣店,2015年第3季,0.05,公噸,0,公噸,0,公噸,0,公噸,核算確認中
F1600964,三友漂染廠,2015年第3季,0.018,公噸,0,公噸,0.228,公噸,0.158,公噸,核算確認中
F1505688,唯一鋁業有限公司,2015年第3季,0,公噸,0,公噸,0.026,公噸,0.018,公噸,核算確認中
F11A4665,帛宏興業股份有限公司,2015年第3季,0.025,公噸,0,公噸,0,公噸,0,公噸,核算確認中
F0901800,國裕電線電纜股份有限公司,2015年第3季,1.211,公噸,0,公噸,0.171,公噸,0.119,公噸,核算確認中
F0709913,聖坤紙業股份有限公司,2015年第3季,0,公噸,0,公噸,0.095,公噸,0.066,公噸,核算確認中
F0709815,福星鐵工廠股份有限公司,2015年第3季,0,公噸,0,公噸,0.456,公噸,0.316,公噸,核算確認中
F06A3242,合邦實業股份有限公司新莊廠,2015年第3季,0.065,公噸,0,公噸,0,公噸,0,公噸,核算確認中
F0601029,松記食品工業有限公司,2015年第3季,0,公噸,0,公噸,0.028,公噸,0.02,公噸,完成申報
F04A7373,京典印刷事業股份有限公司,2015年第3季,1.187,公噸,0,公噸,0,公噸,0,公噸,完成申報
F0101373,新北市立聯合醫院(板橋院區),2015年第3季,0,公噸,0,公噸,0.004,公噸,0.053,公噸,完成申報
E5604198,鋼聯資源開發股份有限公司,2015年第3季,0,公噸,0,公噸,0,公噸,0.002,公噸,核算確認中
E5600412,金合發鋼鐵股份有限公司,2015年第3季,0,公噸,0,公噸,0,公噸,22.057,公噸,完成申報
E5600118,台協化學股份有限公司,2015年第3季,0,公噸,0,公噸,1.235,公噸,0.857,公噸,核算確認中
E54A3605,曉唐實業有限公司,2015年第3季,0,公噸,0,公噸,0.138,公噸,0.096,公噸,核算確認中
E5408758,茵歌莉化粧品有限公司,2015年第3季,0,公噸,0,公噸,0,公噸,0,公噸,核算確認中
E5407957,晶威光電股份有限公司,2015年第3季,0,公噸,0,公噸,0,公噸,0,公噸,核算確認中
E5406058,台灣金剛錮鎂股份有限公司前鎮廠,2015年第3季,0,公噸,0,公噸,0.001,公噸,0.014,公噸,核算確認中
E5402489,台灣典範半導體股份有限公司,2015年第3季,0.202,公噸,0,公噸,0,公噸,0,公噸,完成申報
E5302000,宏旺旅館,2015年第3季,0,公噸,0,公噸,0,公噸,0,公噸,核算確認中
E5301987,歌德旅館有限公司,2015年第3季,0,公噸,0,公噸,0,公噸,0,公噸,核算確認中
E5301923,林森會館,2015年第3季,0,公噸,0,公噸,0,公噸,0,公噸,核算確認中
E5301183,財團法人天主教聖功醫院,2015年第3季,0,公噸,0,公噸,0,公噸,0.167,公噸,核算確認中
E5101192,麗景大酒店有限公司,2015年第3季,0,公噸,0,公噸,0,公噸,0.335,公噸,核算確認中
E5101183,麗尊開發股份有限公司,2015年第3季,0,公噸,0,公噸,0,公噸,1.961,公噸,核算確認中
E50A5384,樂齊旅店,2015年第3季,0,公噸,0,公噸,0,公噸,0,公噸,核算確認中
E5003824,高大牧場營業所,2015年第3季,0,公噸,0,公噸,0.042,公噸,0.029,公噸,核算確認中
E5003360,順昌麥芽膏廠,2015年第3季,0,公噸,0,公噸,0.086,公噸,0.059,公噸,核算確認中
E5003253,瑞明鐵工廠,2015年第3季,0,公噸,0,公噸,0.037,公噸,0.026,公噸,核算確認中
E5000743,明正鐵工廠有限公司,2015年第3季,0,公噸,0,公噸,0.181,公噸,0.132,公噸,核算確認中
E4700351,高雄市立聯合醫院,2015年第3季,0,公噸,0,公噸,0,公噸,0.054,公噸,核算確認中
E2900219,成肯國際實業股份有限公司,2015年第3季,1.93,公噸,0,公噸,0,公噸,0,公噸,核算確認中
E1601520,明佑昇有限公司,2015年第3季,0,公噸,0,公噸,0,公噸,0.05,公噸,核算確認中
E1600658,台灣鴻德麵食開發股份有限公司,2015年第3季,0,公噸,0,公噸,0,公噸,0.086,公噸,核算確認中
D3300425,皇家花園汽車旅館,2015年第3季,0,公噸,0,公噸,0,公噸,0,公噸,核算確認中
D32A0660,亨冠企業有限公司,2015年第3季,0.022,公噸,0,公噸,0,公噸,0,公噸,完成申報
D28A3165,華霖塑膠實業股份有限公司,2015年第3季,0.054,公噸,0,公噸,0,公噸,0,公噸,完成申報
D28A1090,光代冷藏食品工業有限公司,2015年第3季,0,公噸,0,公噸,0.106,公噸,0.074,公噸,完成申報
D2805001,松于利實業股份有限公司,2015年第3季,0.509,公噸,0,公噸,0,公噸,0,公噸,完成申報
D2802573,春偉塑膠企業股份有限公司,2015年第3季,0.022,公噸,0,公噸,0,公噸,0,公噸,核算確認中
D2801549,涂火龍鞋楦股份有限公司,2015年第3季,0.001,公噸,0,公噸,0,公噸,0,公噸,核算確認中
D0300790,宏昇生化科技股份有限公司,2015年第3季,0.001,公噸,0,公噸,0,公噸,0,公噸,完成申報
B99A0306,宏益科技材料股份有限公司,2015年第3季,0.504,公噸,0,公噸,0,公噸,0,公噸,完成申報
B99A0247,燕志股份有限公司,2015年第3季,0.003,公噸,0,公噸,0,公噸,0,公噸,核算確認中
B9800964,功揚企業股份有限公司第二廠,2015年第3季,0,公噸,0,公噸,0,公噸,0,公噸,核算確認中
B9501733,彩禾屋家具股份有限公司,2015年第3季,0.561,公噸,0,公噸,0,公噸,0,公噸,核算確認中
B9501457,全邑有限公司,2015年第3季,0.4,公噸,0,公噸,0,公噸,0,公噸,核算確認中
B9500914,三坤塑膠廠,2015年第3季,0.134,公噸,0,公噸,0,公噸,0,公噸,核算確認中
B9401434,九睦企業股份有限公司,2015年第3季,0.007,公噸,0,公噸,0,公噸,0,公噸,核算確認中
B9400384,昱暘企業社,2015年第3季,0.001,公噸,0,公噸,0,公噸,0,公噸,核算確認中
B9302892,里木科技股份有限公司工廠,2015年第3季,0.19,公噸,0,公噸,0,公噸,0,公噸,核算確認中
B9302883,灃和科技股份有限公司,2015年第3季,0.006,公噸,0,公噸,0,公噸,0,公噸,完成申報
B9302874,永元電機股份有限公司,2015年第3季,1.339,公噸,0,公噸,0,公噸,0,公噸,核算確認中
B9302589,何榮工業股份有限公司,2015年第3季,0,公噸,0,公噸,0,公噸,0,公噸,完成申報
B9302178,美而盈金屬企業有限公司,2015年第3季,0.014,公噸,0,公噸,0,公噸,0,公噸,完成申報
B9301886,順翔嘉企業社,2015年第3季,0.031,公噸,0,公噸,0,公噸,0,公噸,完成申報
B9301608,嘉祐鋁業股份有限公司豐洲廠,2015年第3季,0,公噸,0,公噸,0.105,公噸,0.071,公噸,完成申報
B9301304,華美軒企業有限公司二廠,2015年第3季,0,公噸,0,公噸,0.38,公噸,0.264,公噸,完成申報
B9201970,正鎘工業股份有限公司,2015年第3季,0,公噸,0,公噸,0.002,公噸,0.027,公噸,完成申報
B9201961,興錦工業社,2015年第3季,0.011,公噸,0,公噸,0,公噸,0,公噸,核算確認中
B9201952,佑駿紙業有限公司,2015年第3季,0.008,公噸,0,公噸,0,公噸,0,公噸,核算確認中
B9201943,巨堡五金工業股份有限公司,2015年第3季,0.038,公噸,0,公噸,0.075,公噸,0.051,公噸,完成申報
B9201934,嘉元全機械廠有限公司,2015年第3季,0.053,公噸,0,公噸,0,公噸,0,公噸,完成申報
B9201925,順原企業社,2015年第3季,0.001,公噸,0,公噸,0,公噸,0,公噸,核算確認中
B9101724,杏合生醫股份有限公司台中分公司,2015年第3季,0.252,公噸,0,公噸,0,公噸,0,公噸,完成申報
B9101046,瑞源豆類股份有限公司,2015年第3季,0,公噸,0,公噸,0,公噸,0.095,公噸,完成申報
B9100512,東亞運輸倉儲股份有限公司,2015年第3季,0.003,公噸,0,公噸,0,公噸,0,公噸,完成申報
B9100503,峰展塑膠股份有限公司,2015年第3季,0.497,公噸,0,公噸,0,公噸,0,公噸,完成申報
B9100496,翔富裕股份有限公司,2015年第3季,0.005,公噸,0,公噸,0,公噸,0,公噸,完成申報
B9100478,成龍塑膠廠股份有限公司,2015年第3季,0.695,公噸,0,公噸,0,公噸,0,公噸,完成申報
B9003250,嘉祥美術印刷有限公司,2015年第3季,0.101,公噸,0,公噸,0,公噸,0,公噸,核算確認中
B8901202,大進實業股份有限公司,2015年第3季,0,公噸,0,公噸,0,公噸,0,公噸,完成申報
B8900885,采鴻明鏡股份有限公司,2015年第3季,0.388,公噸,0,公噸,0,公噸,0,公噸,完成申報
B8801832,美商瑞盟亞洲股份有限公司台灣分公司二廠,2015年第3季,0.121,公噸,0,公噸,0,公噸,0,公噸,完成申報
B8800424,臺中市生命禮儀管所(大甲火化場),2015年第3季,0,公噸,0,公噸,0.001,公噸,0.108,公噸,完成申報
B8603710,佶興科技股份有限公司,2015年第3季,0.001,公噸,0,公噸,0,公噸,0,公噸,核算確認中
B8603685,勝裕砂布有限公司,2015年第3季,0.06,公噸,0,公噸,0,公噸,0,公噸,核算確認中
B8603676,益原企業行,2015年第3季,0.036,公噸,0,公噸,0,公噸,0,公噸,完成申報
B25A1633,佑龍股份有限公司,2015年第3季,0.001,公噸,0,公噸,0,公噸,0,公噸,完成申報
B2502670,新天地國際實業股份有限公司北區分公司,2015年第3季,0,公噸,0,公噸,0,公噸,0.107,公噸,完成申報
B2502072,昆林企業社,2015年第3季,0.027,公噸,0,公噸,0,公噸,0,公噸,完成申報
B24B2504,健豪印刷事業股份有限公司,2015年第3季,1.866,公噸,0,公噸,0,公噸,0,公噸,完成申報
B24B1516,大東樹脂化學股份有限公司精科廠,2015年第3季,0.007,公噸,0,公噸,0,公噸,0,公噸,完成申報
B24A7973,溢沅塑膠工業股份有限公司,2015年第3季,0.34,公噸,0,公噸,0,公噸,0,公噸,完成申報
B24A7963,代奇商號實業有限公司,2015年第3季,0.062,公噸,0,公噸,0,公噸,0,公噸,完成申報
B24A7913,蓁和塑膠工業(股)公司,2015年第3季,0.028,公噸,0,公噸,0,公噸,0,公噸,完成申報
B24A7814,合濟工業股份有限公司,2015年第3季,0.485,公噸,0,公噸,0,公噸,0,公噸,完成申報
B24A1054,美食達人股份有限公司,2015年第3季,0,公噸,0,公噸,0,公噸,0.056,公噸,完成申報
B24A0294,翰樺美術印刷廠有限公司,2015年第3季,0.201,公噸,0,公噸,0,公噸,0,公噸,完成申報
B24A0284,永記美術印刷廠,2015年第3季,0,公噸,0,公噸,0,公噸,0,公噸,完成申報
B2409003,潔屋股份有限公司,2015年第3季,0.62,公噸,0,公噸,0.314,公噸,0.217,公噸,完成申報
B2408917,環隆科技股份有限公司二廠,2015年第3季,0.205,公噸,0,公噸,0,公噸,0,公噸,完成申報
B2407803,東昇砂布有限公司,2015年第3季,0.048,公噸,0,公噸,0,公噸,0,公噸,完成申報
B2403609,樹沅塑膠工業股份有限公司台中工業區廠,2015年第3季,0.568,公噸,0,公噸,0,公噸,0,公噸,完成申報
B2403538,台灣東亞水質淨化有限公司,2015年第3季,0,公噸,0,公噸,0,公噸,0,公噸,完成申報
B2403341,祐林企業股份有限公司,2015年第3季,0.099,公噸,0,公噸,0,公噸,0,公噸,完成申報
B2403332,尚品塑膠股份有限公司,2015年第3季,0.268,公噸,0,公噸,0,公噸,0,公噸,完成申報
B2401374,衛達化學製藥股份有限公司,2015年第3季,0.001,公噸,0,公噸,0,公噸,0.013,公噸,完成申報
B2401043,華國製藥股份有限公司,2015年第3季,0,公噸,0,公噸,0,公噸,0,公噸,完成申報
B2400822,台灣薄膜工業股份有限公司,2015年第3季,5.894,公噸,0,公噸,0,公噸,0,公噸,核算確認中
B2400813,有力化學有限公司,2015年第3季,0.004,公噸,0,公噸,0,公噸,0,公噸,完成申報
B2400733,台灣旭華塑膠股份有限公司,2015年第3季,0.031,公噸,0,公噸,0,公噸,0,公噸,完成申報
B23A5308,美淳香料股份有限公司,2015年第3季,2.187,公噸,0,公噸,0,公噸,0,公噸,核算確認中
B23A5289,士禾企業股份有限公司,2015年第3季,0.007,公噸,0,公噸,0,公噸,0,公噸,完成申報
B23A5249,鈺記企業股份有限公司二廠,2015年第3季,0.004,公噸,0,公噸,0,公噸,0,公噸,完成申報
B23A4895,豪豐工業股份有限公司,2015年第3季,0.039,公噸,0,公噸,0.023,公噸,0.04,公噸,完成申報
B23A4706,晶遠光學工程股份有限公司,2015年第3季,0.002,公噸,0,公噸,0,公噸,0,公噸,完成申報
B2311982,品笳紙器股份有限公司,2015年第3季,0.023,公噸,0,公噸,0,公噸,0,公噸,完成申報
B2308896,中部汽車股份有限公司,2015年第3季,0.729,公噸,0,公噸,0.009,公噸,0.006,公噸,完成申報
B2304138,蔡國鑫工業區原料有限公司,2015年第3季,0.014,公噸,0,公噸,0,公噸,0,公噸,完成申報
B2304030,偉益紙器工業股份有限公司,2015年第3季,0,公噸,0,公噸,0.639,公噸,0.443,公噸,完成申報
B2303775,元泰紙業有限公司,2015年第3季,0,公噸,0,公噸,0,公噸,0,公噸,完成申報
B2303462,澄清綜合醫院中港院,2015年第3季,0,公噸,0,公噸,0,公噸,0.083,公噸,完成申報
B2302670,福輪汽車股份有限公司,2015年第3季,0.541,公噸,0,公噸,0.003,公噸,0.002,公噸,完成申報
B2302652,中華賓士汽車股份有限公司,2015年第3季,0.159,公噸,0,公噸,0,公噸,0.008,公噸,完成申報
B2302054,世同金屬股份有限公司,2015年第3季,1,公噸,0,公噸,0,公噸,0.148,公噸,完成申報
B2301315,嘉祥美術印刷有限公司,2015年第3季,0,公噸,0,公噸,0,公噸,0,公噸,完成申報
B2300498,佑鑫膠業有限公司,2015年第3季,0.012,公噸,0,公噸,0,公噸,0,公噸,完成申報
B2300238,世達藥品工業股份有限公司,2015年第3季,0.324,公噸,0,公噸,0,公噸,0,公噸,完成申報
B22A5472,富山塑膠廠,2015年第3季,0.036,公噸,0,公噸,0,公噸,0,公噸,核算確認中
B21A4390,克美快速印刷有限公司,2015年第3季,0.001,公噸,0,公噸,0,公噸,0,公噸,核算確認中
B21A0299,龍門印刷設計股份有限公司,2015年第3季,0,公噸,0,公噸,0,公噸,0,公噸,完成申報
B21A0219,廣琪印刷事業有限公司,2015年第3季,0.031,公噸,0,公噸,0,公噸,0,公噸,核算確認中
B2102518,祥年企業有限公司,2015年第3季,0,公噸,0,公噸,0,公噸,0,公噸,完成申報
B2100014,長興美術印刷股份有限公司,2015年第3季,0,公噸,0,公噸,0,公噸,0,公噸,核算確認中
B19A2786,惠昌機械廠有限公司,2015年第3季,0.02,公噸,0,公噸,0,公噸,0,公噸,核算確認中
B19A1689,中農粉絲有限公司,2015年第3季,0,公噸,0,公噸,0.855,公噸,0.593,公噸,核算確認中
B19A0215,穎弘文具印刷有限公司,2015年第3季,0,公噸,0,公噸,0,公噸,0,公噸,核算確認中
B19A0176,明利凸版印刷廠有限公司,2015年第3季,0.002,公噸,0,公噸,0,公噸,0,公噸,完成申報
B1905695,唯誠實業股份有限公司,2015年第3季,0.01,公噸,0,公噸,0,公噸,0,公噸,核算確認中
B1902587,龍宏塑膠廠,2015年第3季,0.002,公噸,0,公噸,0,公噸,0,公噸,核算確認中
B1902578,力達塑膠廠,2015年第3季,0.002,公噸,0,公噸,0,公噸,0,公噸,核算確認中
B1902550,初興鑄造廠,2015年第3季,0,公噸,0,公噸,0.036,公噸,0.025,公噸,核算確認中
B1902363,建成食品工廠,2015年第3季,0,公噸,0,公噸,0.005,公噸,0.003,公噸,完成申報
B1900378,資昌塑膠工業股份有限公司,2015年第3季,0.043,公噸,0,公噸,0,公噸,0,公噸,核算確認中
B1800239,滿吉機器乾洗股份有限公司,2015年第3季,0.4,公噸,0,公噸,0,公噸,0.001,公噸,完成申報
B0505520,台駿科技塑膠有限公司,2015年第3季,0.116,公噸,0,公噸,0,公噸,0,公噸,核算確認中
B0505511,協辰興業有限公司,2015年第3季,2.307,公噸,0,公噸,0,公噸,0,公噸,核算確認中
B0505306,偉霸工業股份有限公司仁化二廠,2015年第3季,0,公噸,0,公噸,0,公噸,0,公噸,完成申報
B0504210,嘉政塑膠鋼模廠,2015年第3季,0.005,公噸,0,公噸,0,公噸,0,公噸,完成申報
B0504194,直綠春實業股份有限公司分廠,2015年第3季,0.009,公噸,0,公噸,0,公噸,0,公噸,完成申報
B0504185,誠鑫股份有限公司,2015年第3季,0.026,公噸,0,公噸,0,公噸,0,公噸,完成申報
B0502976,上毅工業社,2015年第3季,0,公噸,0,公噸,0,公噸,0,公噸,完成申報
B0502805,金麗緻工業有限公司仁化廠,2015年第3季,0,公噸,0,公噸,0,公噸,0,公噸,完成申報
B0501906,錦億網版有限公司,2015年第3季,0.7,公噸,0,公噸,0,公噸,0,公噸,完成申報
B0501835,喬展印刷股份有限公司,2015年第3季,0.025,公噸,0,公噸,0,公噸,0,公噸,完成申報
B0501808,慶豐印刷廠,2015年第3季,0,公噸,0,公噸,0,公噸,0,公噸,完成申報
B0501782,銓美貼標廠,2015年第3季,0.05,公噸,0,公噸,0,公噸,0,公噸,完成申報
B0501773,環盟網版印刷有限公司,2015年第3季,0.412,公噸,0,公噸,0,公噸,0,公噸,完成申報
B0500472,孟鄉生化科技股份有限公司,2015年第3季,0.003,公噸,0,公噸,0,公噸,0,公噸,完成申報
B0403094,大億塑膠廠,2015年第3季,0.01,公噸,0,公噸,0,公噸,0,公噸,完成申報
B0402999,佑吉機械股份有限公司,2015年第3季,0.055,公噸,0,公噸,0.078,公噸,0.007,公噸,完成申報
B0401885,元龍紙製品股份有限公司,2015年第3季,0.145,公噸,0,公噸,0,公噸,0,公噸,完成申報
B0401876,合信塑膠企業有限公司,2015年第3季,0.013,公噸,0,公噸,0,公噸,0,公噸,完成申報
B0401867,明佳美有限公司,2015年第3季,0.07,公噸,0,公噸,0,公噸,0,公噸,完成申報
B0301326,合信鋼模塑膠股份有限公司,2015年第3季,0.242,公噸,0,公噸,0,公噸,0,公噸,完成申報
B0300025,伍輝金屬工業股份有限公司霧峰廠,2015年第3季,0,公噸,0,公噸,0.002,公噸,0.026,公噸,完成申報
B0100918,康慈寵物樂園,2015年第3季,0,公噸,0,公噸,0,公噸,0.046,公噸,完成申報
B0100669,霖慶顏料行,2015年第3季,0.446,公噸,0,公噸,0,公噸,0,公噸,完成申報
B0002659,翰鑫企業股份有限公司,2015年第3季,0.026,公噸,0,公噸,0,公噸,0,公噸,核算確認中
B0002533,詠峰鋁鑄有限公司,2015年第3季,0,公噸,0,公噸,0.018,公噸,0.012,公噸,完成申報
B0002499,駿宏企業社,2015年第3季,0,公噸,0,公噸,0,公噸,0,公噸,完成申報
B0001830,尼克森堆高機股份有限公司,2015年第3季,0.061,公噸,0,公噸,0,公噸,0,公噸,完成申報
T57A0604,合順資源科技有限公司,2015年第2季,0.135,公噸,0,公噸,0.015,公噸,0.054,公噸,完成核算
T42A7384,太子國際股份有限公司,2015年第2季,0.41,公噸,0,公噸,0.192,公噸,0.166,公噸,核算確認中
Q7304556,國塑塑膠工業股份有限公司,2015年第2季,0.286,公噸,0,公噸,0,公噸,0,公噸,完成核算
P46A6562,明徽能源股份有限公司,2015年第2季,2.833,公噸,0,公噸,0,公噸,0,公噸,完成申報
N08A5268,三榮企業行,2015年第2季,0.397,公噸,0,公噸,0,公噸,0,公噸,完成核算
L8900381,新益機械工廠股份有限公司,2015年第2季,0.498,公噸,0,公噸,0,公噸,0,公噸,完成核算
K7700634,金晶矽砂股份有限公司銅鑼廠,2015年第2季,0,公噸,0,公噸,0,公噸,0,公噸,完成核算
H50A5224,富利源企業有限公司,2015年第2季,0.252,公噸,0,公噸,0,公噸,0.004,公噸,完成核算
H49B0272,益大理研股份有限公司,2015年第2季,0,公噸,0,公噸,0.001,公噸,0.018,公噸,完成核算
H48A8957,合利精密有限公司,2015年第2季,0.201,公噸,0,公噸,0,公噸,0,公噸,完成核算
H4602582,桃園市肉品市場,2015年第2季,0,公噸,0,公噸,0.57,公噸,0.412,公噸,完成核算
H45B0915,觀鑫木業有限公司,2015年第2季,0,公噸,0,公噸,0,公噸,0,公噸,完成核算
H4504689,彭平昌畜牧場,2015年第2季,0,公噸,0,公噸,0,公噸,0,公噸,核算確認中
H43C2384,寶程實業股份有限公司,2015年第2季,0.186,公噸,0,公噸,0.342,公噸,0.237,公噸,完成核算
F0720609,呈錩工業有限公司樹林廠,2015年第2季,0,公噸,0,公噸,0.133,公噸,0.092,公噸,完成核算
E3200398,農生企業股份有限公司,2015年第2季,0,公噸,0,公噸,0,公噸,0.007,公噸,完成核算
E2901181,雄順金屬股份有限公司,2015年第2季,0,公噸,0,公噸,0,公噸,0.22,公噸,完成核算
E2900219,成肯國際實業股份有限公司,2015年第2季,2.041,公噸,0,公噸,0,公噸,0,公噸,完成核算
E1601566,璞方生醫科技股份有限公司,2015年第2季,0.029,公噸,0,公噸,0,公噸,0,公噸,完成核算
E1601520,明佑昇有限公司,2015年第2季,0,公噸,0,公噸,0,公噸,0.064,公噸,完成核算
E1600416,高雄市梓官區農會家禽屠宰場,2015年第2季,0,公噸,0,公噸,0,公噸,0.04,公噸,完成核算
B9800964,功揚企業股份有限公司第二廠,2015年第2季,1.7,公噸,0,公噸,0,公噸,0.003,公噸,完成核算
B9600320,光國股份有限公司六廠,2015年第2季,1.36,公噸,0,公噸,0,公噸,0,公噸,完成核算
B9302892,里木科技股份有限公司工廠,2015年第2季,0.215,公噸,0,公噸,0,公噸,0,公噸,完成核算
B9302883,灃和科技股份有限公司,2015年第2季,0.001,公噸,0,公噸,0,公噸,0,公噸,完成申報
B9302874,永元電機股份有限公司,2015年第2季,1.174,公噸,0,公噸,0,公噸,0,公噸,完成核算
B9201970,正鎘工業股份有限公司,2015年第2季,0,公噸,0,公噸,0,公噸,0.001,公噸,完成核算
B9201943,巨堡五金工業股份有限公司,2015年第2季,0.038,公噸,0,公噸,0.027,公噸,0.023,公噸,完成核算
B9201934,嘉元全機械廠有限公司,2015年第2季,0.053,公噸,0,公噸,0,公噸,0,公噸,完成核算
B9201925,順原企業社,2015年第2季,0,公噸,0,公噸,0,公噸,0,公噸,完成核算
B9103611,竣騰紡織股份有限公司,2015年第2季,0.427,公噸,0,公噸,0,公噸,0.129,公噸,完成核算
B9003250,嘉祥美術印刷有限公司,2015年第2季,0.114,公噸,0,公噸,0,公噸,0,公噸,完成核算
B8603710,佶興科技股份有限公司,2015年第2季,0.001,公噸,0,公噸,0,公噸,0,公噸,完成核算
B8603701,富皇塑膠工業有限公司,2015年第2季,0.014,公噸,0,公噸,0,公噸,0,公噸,完成核算
B8603685,勝裕砂布有限公司,2015年第2季,0.135,公噸,0,公噸,0,公噸,0,公噸,完成核算
B8603676,益原企業行,2015年第2季,0.036,公噸,0,公噸,0,公噸,0,公噸,完成核算
B0505520,台駿科技塑膠有限公司,2015年第2季,0.159,公噸,0,公噸,0,公噸,0,公噸,完成核算
B0505511,協辰興業有限公司,2015年第2季,1.707,公噸,0,公噸,0,公噸,0,公噸,完成核算
B0504756,鑫二昶企業有限公司,2015年第2季,0,公噸,0,公噸,0,公噸,0,公噸,完成核算
B0002659,翰鑫企業股份有限公司,2015年第2季,0.009,公噸,0,公噸,0,公噸,0,公噸,完成核算
Q7304556,國塑塑膠工業股份有限公司,2015年第1季,0.219,公噸,0,公噸,0,公噸,0,公噸,完成核算
P46A6562,明徽能源股份有限公司,2015年第1季,3.627,公噸,0,公噸,0,公噸,0,公噸,完成申報
N08A5268,三榮企業行,2015年第1季,0.228,公噸,0,公噸,0,公噸,0,公噸,完成核算
L8900381,新益機械工廠股份有限公司,2015年第1季,0.428,公噸,0,公噸,0,公噸,0,公噸,完成核算
K7700634,金晶矽砂股份有限公司銅鑼廠,2015年第1季,0,公噸,0,公噸,0,公噸,0,公噸,完成核算
H4602582,桃園市肉品市場,2015年第1季,0,公噸,0,公噸,0.57,公噸,0.395,公噸,完成核算
H45B0915,觀鑫木業有限公司,2015年第1季,0,公噸,0,公噸,0,公噸,0,公噸,完成核算
F0720609,呈錩工業有限公司樹林廠,2015年第1季,0,公噸,0,公噸,0.104,公噸,0.072,公噸,完成核算
E2901181,雄順金屬股份有限公司,2015年第1季,0,公噸,0,公噸,0,公噸,0.205,公噸,完成核算
E2900219,成肯國際實業股份有限公司,2015年第1季,1.815,公噸,0,公噸,0,公噸,0,公噸,完成核算
E1601566,璞方生醫科技股份有限公司,2015年第1季,0.03,公噸,0,公噸,0,公噸,0,公噸,完成核算
E1601520,明佑昇有限公司,2015年第1季,0,公噸,0,公噸,0,公噸,0.054,公噸,完成核算
E1600416,高雄市梓官區農會家禽屠宰場,2015年第1季,0,公噸,0,公噸,0,公噸,0.054,公噸,完成核算
B9800964,功揚企業股份有限公司第二廠,2015年第1季,1.1,公噸,0,公噸,0,公噸,0.002,公噸,完成核算
B9600320,光國股份有限公司六廠,2015年第1季,2.105,公噸,0,公噸,0,公噸,0,公噸,完成核算
B9302892,里木科技股份有限公司工廠,2015年第1季,0.168,公噸,0,公噸,0,公噸,0,公噸,完成核算
B9302883,灃和科技股份有限公司,2015年第1季,0.001,公噸,0,公噸,0,公噸,0,公噸,完成申報
B9302874,永元電機股份有限公司,2015年第1季,2.056,公噸,0,公噸,0,公噸,0,公噸,完成核算
B9201970,正鎘工業股份有限公司,2015年第1季,0,公噸,0,公噸,0,公噸,0.001,公噸,完成核算
B9201943,巨堡五金工業股份有限公司,2015年第1季,0.038,公噸,0,公噸,0.027,公噸,0.023,公噸,完成核算
B9201934,嘉元全機械廠有限公司,2015年第1季,0.053,公噸,0,公噸,0,公噸,0,公噸,完成核算
B9201925,順原企業社,2015年第1季,0.001,公噸,0,公噸,0,公噸,0,公噸,完成核算
B9103611,竣騰紡織股份有限公司,2015年第1季,0.834,公噸,0,公噸,0,公噸,0.049,公噸,完成核算
B9003250,嘉祥美術印刷有限公司,2015年第1季,0.094,公噸,0,公噸,0,公噸,0,公噸,完成核算
B8603710,佶興科技股份有限公司,2015年第1季,0.001,公噸,0,公噸,0,公噸,0,公噸,完成核算
B8603701,富皇塑膠工業有限公司,2015年第1季,0.014,公噸,0,公噸,0,公噸,0,公噸,完成核算
B8603685,勝裕砂布有限公司,2015年第1季,0.135,公噸,0,公噸,0,公噸,0,公噸,完成核算
B8603676,益原企業行,2015年第1季,0.036,公噸,0,公噸,0,公噸,0,公噸,完成核算
B0505520,台駿科技塑膠有限公司,2015年第1季,0.122,公噸,0,公噸,0,公噸,0,公噸,完成核算
B0505511,協辰興業有限公司,2015年第1季,1.707,公噸,0,公噸,0,公噸,0,公噸,完成核算
B0504756,鑫二昶企業有限公司,2015年第1季,0,公噸,0,公噸,0,公噸,0,公噸,完成核算
B0002659,翰鑫企業股份有限公司,2015年第1季,0.006,公噸,0,公噸,0,公噸,0,公噸,完成核算
T5000134,廣豐工業股份有限公司里港廠,2014年第4季,0,公噸,28.023,公噸,0,公噸,0,公噸,完成申報
D9100830,明祥馨企業有限公司二場,2014年第4季,0,公噸,1.439,公噸,0,公噸,0,公噸,完成季登錄確認
D9100821,明祥馨企業有限公司一場,2014年第4季,0,公噸,0,公噸,0,公噸,0,公噸,完成季登錄確認
T5000134,廣豐工業股份有限公司里港廠,2014年第3季,0,公噸,28.259,公噸,0,公噸,0,公噸,完成申報
D9100830,明祥馨企業有限公司二場,2014年第3季,0,公噸,0.348,公噸,0,公噸,0,公噸,完成季登錄確認
D9100821,明祥馨企業有限公司一場,2014年第3季,0,公噸,0.2,公噸,0,公噸,0,公噸,完成季登錄確認
T5000134,廣豐工業股份有限公司里港廠,2014年第2季,0,公噸,28.026,公噸,0,公噸,0,公噸,完成申報
D9100821,明祥馨企業有限公司一場,2014年第2季,0,公噸,0.937,公噸,0,公噸,0,公噸,完成季登錄確認
T5000134,廣豐工業股份有限公司里港廠,2014年第1季,0,公噸,26.465,公噸,0,公噸,0,公噸,完成申報
D9100821,明祥馨企業有限公司一場,2014年第1季,0,公噸,0.888,公噸,0,公噸,0,公噸,完成季登錄確認
Q7304556,國塑塑膠工業股份有限公司,2014年第4季,0.208,公噸,0,公噸,0,公噸,0,公噸,完成核算
P46A6562,明徽能源股份有限公司,2014年第4季,3.22,公噸,0,公噸,0,公噸,0,公噸,完成申報
L8900381,新益機械工廠股份有限公司,2014年第4季,0.47,公噸,0,公噸,0,公噸,0,公噸,完成核算
K7700634,金晶矽砂股份有限公司銅鑼廠,2014年第4季,0,公噸,0,公噸,0,公噸,0,公噸,完成核算
H45B0915,觀鑫木業有限公司,2014年第4季,0,公噸,0,公噸,0,公噸,0,公噸,完成核算
F0720609,呈錩工業有限公司樹林廠,2014年第4季,0,公噸,0,公噸,0.141,公噸,0.098,公噸,完成核算
E2901181,雄順金屬股份有限公司,2014年第4季,0,公噸,0,公噸,0,公噸,0.202,公噸,完成核算
E2900219,成肯國際實業股份有限公司,2014年第4季,2.262,公噸,0,公噸,0,公噸,0,公噸,完成核算
B9800964,功揚企業股份有限公司第二廠,2014年第4季,1.9,公噸,0,公噸,0,公噸,0.003,公噸,完成核算
B9600320,光國股份有限公司六廠,2014年第4季,1.175,公噸,0,公噸,0,公噸,0,公噸,完成核算
B9302892,里木科技股份有限公司工廠,2014年第4季,0.022,公噸,0,公噸,0,公噸,0,公噸,完成核算
B9302883,灃和科技股份有限公司,2014年第4季,0.001,公噸,0,公噸,0,公噸,0,公噸,完成申報
B9302874,永元電機股份有限公司,2014年第4季,1.813,公噸,0,公噸,0,公噸,0,公噸,完成核算
B9201943,巨堡五金工業股份有限公司,2014年第4季,0.038,公噸,0,公噸,0.027,公噸,0.023,公噸,完成核算
B9201934,嘉元全機械廠有限公司,2014年第4季,0.053,公噸,0,公噸,0,公噸,0,公噸,完成核算
B9201925,順原企業社,2014年第4季,0,公噸,0,公噸,0,公噸,0,公噸,完成核算
B9003250,嘉祥美術印刷有限公司,2014年第4季,0.089,公噸,0,公噸,0,公噸,0,公噸,完成核算
B8603710,佶興科技股份有限公司,2014年第4季,0.001,公噸,0,公噸,0,公噸,0,公噸,完成核算
B8603701,富皇塑膠工業有限公司,2014年第4季,0.014,公噸,0,公噸,0,公噸,0,公噸,完成核算
B8603685,勝裕砂布有限公司,2014年第4季,0.135,公噸,0,公噸,0,公噸,0,公噸,完成核算
B8603676,益原企業行,2014年第4季,0.036,公噸,0,公噸,0,公噸,0,公噸,完成核算
B0505520,台駿科技塑膠有限公司,2014年第4季,0.119,公噸,0,公噸,0,公噸,0,公噸,完成核算
B0505511,協辰興業有限公司,2014年第4季,1.707,公噸,0,公噸,0,公噸,0,公噸,完成核算
B0002659,翰鑫企業股份有限公司,2014年第4季,0.005,公噸,0,公噸,0,公噸,0,公噸,完成核算
Q7304556,國塑塑膠工業股份有限公司,2014年第3季,0.208,公噸,0,公噸,0,公噸,0,公噸,完成核算
P46A6562,明徽能源股份有限公司,2014年第3季,2.501,公噸,0,公噸,0,公噸,0,公噸,完成申報
L8900381,新益機械工廠股份有限公司,2014年第3季,0.505,公噸,0,公噸,0,公噸,0,公噸,完成核算
K7700634,金晶矽砂股份有限公司銅鑼廠,2014年第3季,0,公噸,0,公噸,0,公噸,0,公噸,完成核算
H45B0915,觀鑫木業有限公司,2014年第3季,0,公噸,0,公噸,0,公噸,0,公噸,完成核算
F0720609,呈錩工業有限公司樹林廠,2014年第3季,0,公噸,0,公噸,0.114,公噸,0.079,公噸,完成核算
E2901181,雄順金屬股份有限公司,2014年第3季,0,公噸,0,公噸,0,公噸,0.185,公噸,完成核算
E2900219,成肯國際實業股份有限公司,2014年第3季,2.279,公噸,0,公噸,0,公噸,0,公噸,完成核算
B9800964,功揚企業股份有限公司第二廠,2014年第3季,3.3,公噸,0,公噸,0,公噸,0.005,公噸,完成核算
B9600320,光國股份有限公司六廠,2014年第3季,1.358,公噸,0,公噸,0,公噸,0,公噸,完成核算
B9302892,里木科技股份有限公司工廠,2014年第3季,0.024,公噸,0,公噸,0,公噸,0,公噸,完成核算
B9302883,灃和科技股份有限公司,2014年第3季,0.001,公噸,0,公噸,0,公噸,0,公噸,完成申報
B9302874,永元電機股份有限公司,2014年第3季,2.148,公噸,0,公噸,0,公噸,0,公噸,完成核算
B9201943,巨堡五金工業股份有限公司,2014年第3季,0.038,公噸,0,公噸,0.027,公噸,0.023,公噸,完成核算
B9201934,嘉元全機械廠有限公司,2014年第3季,0.053,公噸,0,公噸,0,公噸,0,公噸,完成核算
B9201925,順原企業社,2014年第3季,0.001,公噸,0,公噸,0,公噸,0,公噸,完成核算
B9003250,嘉祥美術印刷有限公司,2014年第3季,0.091,公噸,0,公噸,0,公噸,0,公噸,完成核算
B8603710,佶興科技股份有限公司,2014年第3季,0.001,公噸,0,公噸,0,公噸,0,公噸,完成核算
B8603701,富皇塑膠工業有限公司,2014年第3季,0.014,公噸,0,公噸,0,公噸,0,公噸,完成核算
B8603685,勝裕砂布有限公司,2014年第3季,0.135,公噸,0,公噸,0,公噸,0,公噸,完成核算
B8603676,益原企業行,2014年第3季,0.036,公噸,0,公噸,0,公噸,0,公噸,完成核算
B0505520,台駿科技塑膠有限公司,2014年第3季,0.133,公噸,0,公噸,0,公噸,0,公噸,完成核算
B0505511,協辰興業有限公司,2014年第3季,1.707,公噸,0,公噸,0,公噸,0,公噸,完成核算
B0002659,翰鑫企業股份有限公司,2014年第3季,0.019,公噸,0,公噸,0,公噸,0,公噸,完成核算
Q7304556,國塑塑膠工業股份有限公司,2014年第2季,0.196,公噸,0,公噸,0,公噸,0,公噸,完成核算
P46A6562,明徽能源股份有限公司,2014年第2季,1.621,公噸,0,公噸,0,公噸,0,公噸,完成申報
L8900381,新益機械工廠股份有限公司,2014年第2季,0.428,公噸,0,公噸,0,公噸,0,公噸,完成核算
K7700634,金晶矽砂股份有限公司銅鑼廠,2014年第2季,0,公噸,0,公噸,0,公噸,0,公噸,完成核算
H45B0915,觀鑫木業有限公司,2014年第2季,0,公噸,0,公噸,0,公噸,0.004,公噸,完成核算
F0720609,呈錩工業有限公司樹林廠,2014年第2季,0,公噸,0,公噸,0.114,公噸,0.079,公噸,完成核算
E2901181,雄順金屬股份有限公司,2014年第2季,0,公噸,0,公噸,0,公噸,0.173,公噸,完成核算
E2900219,成肯國際實業股份有限公司,2014年第2季,2.206,公噸,0,公噸,0,公噸,0,公噸,完成核算
B9800964,功揚企業股份有限公司第二廠,2014年第2季,2.4,公噸,0,公噸,0,公噸,0.004,公噸,完成核算
B9600320,光國股份有限公司六廠,2014年第2季,1.573,公噸,0,公噸,0,公噸,0,公噸,完成核算
B9302892,里木科技股份有限公司工廠,2014年第2季,0.028,公噸,0,公噸,0,公噸,0,公噸,完成核算
B9302874,永元電機股份有限公司,2014年第2季,1.278,公噸,0,公噸,0,公噸,0,公噸,完成核算
B9201943,巨堡五金工業股份有限公司,2014年第2季,0.038,公噸,0,公噸,0.027,公噸,0.023,公噸,完成核算
B9201934,嘉元全機械廠有限公司,2014年第2季,0.053,公噸,0,公噸,0,公噸,0,公噸,完成核算
B9003250,嘉祥美術印刷有限公司,2014年第2季,0.091,公噸,0,公噸,0,公噸,0,公噸,完成核算
B8603710,佶興科技股份有限公司,2014年第2季,0.001,公噸,0,公噸,0,公噸,0,公噸,完成核算
B8603701,富皇塑膠工業有限公司,2014年第2季,0.014,公噸,0,公噸,0,公噸,0,公噸,完成核算
B8603685,勝裕砂布有限公司,2014年第2季,0.135,公噸,0,公噸,0,公噸,0,公噸,完成核算
B8603676,益原企業行,2014年第2季,0.036,公噸,0,公噸,0,公噸,0,公噸,完成核算
B0505520,台駿科技塑膠有限公司,2014年第2季,0.176,公噸,0,公噸,0,公噸,0,公噸,完成核算
B0505511,協辰興業有限公司,2014年第2季,1.707,公噸,0,公噸,0,公噸,0,公噸,完成核算
B0002659,翰鑫企業股份有限公司,2014年第2季,0.017,公噸,0,公噸,0,公噸,0,公噸,完成核算
Q7304556,國塑塑膠工業股份有限公司,2014年第1季,0.13,公噸,0,公噸,0,公噸,0,公噸,完成核算
P46A6562,明徽能源股份有限公司,2014年第1季,1.618,公噸,0,公噸,0,公噸,0,公噸,完成申報
L8900381,新益機械工廠股份有限公司,2014年第1季,0.36,公噸,0,公噸,0,公噸,0,公噸,完成核算
K7700634,金晶矽砂股份有限公司銅鑼廠,2014年第1季,0,公噸,0,公噸,0,公噸,0,公噸,完成核算
H45B0915,觀鑫木業有限公司,2014年第1季,0,公噸,0,公噸,0,公噸,0.008,公噸,完成核算
F0720609,呈錩工業有限公司樹林廠,2014年第1季,0,公噸,0,公噸,0.114,公噸,0.079,公噸,完成核算
E2901181,雄順金屬股份有限公司,2014年第1季,0,公噸,0,公噸,0,公噸,0.16,公噸,完成核算
E2900219,成肯國際實業股份有限公司,2014年第1季,2.029,公噸,0,公噸,0,公噸,0,公噸,完成核算
B9800964,功揚企業股份有限公司第二廠,2014年第1季,1.4,公噸,0,公噸,0,公噸,0.002,公噸,完成核算
B9600320,光國股份有限公司六廠,2014年第1季,1.709,公噸,0,公噸,0,公噸,0,公噸,完成核算
B9302892,里木科技股份有限公司工廠,2014年第1季,0.012,公噸,0,公噸,0,公噸,0,公噸,完成核算
B9302874,永元電機股份有限公司,2014年第1季,2.25,公噸,0,公噸,0,公噸,0,公噸,完成核算
B9201943,巨堡五金工業股份有限公司,2014年第1季,0.038,公噸,0,公噸,0.027,公噸,0.023,公噸,完成核算
B9201934,嘉元全機械廠有限公司,2014年第1季,0.053,公噸,0,公噸,0,公噸,0,公噸,完成核算
B9003250,嘉祥美術印刷有限公司,2014年第1季,0.096,公噸,0,公噸,0,公噸,0,公噸,完成核算
B8603710,佶興科技股份有限公司,2014年第1季,0.001,公噸,0,公噸,0,公噸,0,公噸,完成核算
B8603701,富皇塑膠工業有限公司,2014年第1季,0.014,公噸,0,公噸,0,公噸,0,公噸,完成核算
B8603685,勝裕砂布有限公司,2014年第1季,0.135,公噸,0,公噸,0,公噸,0,公噸,完成核算
B8603676,益原企業行,2014年第1季,0.036,公噸,0,公噸,0,公噸,0,公噸,完成核算
B0505520,台駿科技塑膠有限公司,2014年第1季,0.112,公噸,0,公噸,0,公噸,0,公噸,完成核算
B0505511,協辰興業有限公司,2014年第1季,1.707,公噸,0,公噸,0,公噸,0,公噸,完成核算
B0002659,翰鑫企業股份有限公司,2014年第1季,0.017,公噸,0,公噸,0,公噸,0,公噸,完成核算
Q7304556,國塑塑膠工業股份有限公司,2013年第4季,0.153,公噸,0,公噸,0,公噸,0,公噸,完成核算
L8900381,新益機械工廠股份有限公司,2013年第4季,0.513,公噸,0,公噸,0,公噸,0,公噸,完成核算
H45B0915,觀鑫木業有限公司,2013年第4季,0,公噸,0,公噸,0,公噸,0.008,公噸,完成核算
F0720609,呈錩工業有限公司樹林廠,2013年第4季,0,公噸,0,公噸,0.114,公噸,0.079,公噸,完成核算
E2901181,雄順金屬股份有限公司,2013年第4季,0,公噸,0,公噸,0,公噸,0.15,公噸,完成核算
E2900782,隆興鋼鐵工業股份有限公司路竹廠,2013年第4季,4.295,公噸,0,公噸,0.002,公噸,0.019,公噸,完成核算
E2900219,成肯國際實業股份有限公司,2013年第4季,2.385,公噸,0,公噸,0,公噸,0,公噸,完成核算
B9800964,功揚企業股份有限公司第二廠,2013年第4季,1.8,公噸,0,公噸,0,公噸,0.003,公噸,完成核算
B9600320,光國股份有限公司六廠,2013年第4季,1.262,公噸,0,公噸,0,公噸,0,公噸,完成核算
B9302892,里木科技股份有限公司工廠,2013年第4季,0.205,公噸,0,公噸,0,公噸,0,公噸,完成核算
B9302874,永元電機股份有限公司,2013年第4季,1.032,公噸,0,公噸,0,公噸,0,公噸,完成核算
B9201943,巨堡五金工業股份有限公司,2013年第4季,0.038,公噸,0,公噸,0.027,公噸,0.023,公噸,完成核算
B9201934,嘉元全機械廠有限公司,2013年第4季,0.053,公噸,0,公噸,0,公噸,0,公噸,完成核算
B8603710,佶興科技股份有限公司,2013年第4季,0.001,公噸,0,公噸,0,公噸,0,公噸,完成核算
B8603701,富皇塑膠工業有限公司,2013年第4季,0.014,公噸,0,公噸,0,公噸,0,公噸,完成核算
B8603685,勝裕砂布有限公司,2013年第4季,0.135,公噸,0,公噸,0,公噸,0,公噸,完成核算
B8603676,益原企業行,2013年第4季,0.036,公噸,0,公噸,0,公噸,0,公噸,完成核算
B0505520,台駿科技塑膠有限公司,2013年第4季,0.061,公噸,0,公噸,0,公噸,0,公噸,完成核算
B0505511,協辰興業有限公司,2013年第4季,1.707,公噸,0,公噸,0,公噸,0,公噸,完成核算
B0002659,翰鑫企業股份有限公司,2013年第4季,0.02,公噸,0,公噸,0,公噸,0,公噸,完成核算
Q7304556,國塑塑膠工業股份有限公司,2013年第3季,0.27,公噸,0,公噸,0,公噸,0,公噸,完成核算
L8900381,新益機械工廠股份有限公司,2013年第3季,0.523,公噸,0,公噸,0,公噸,0,公噸,完成核算
H45B0915,觀鑫木業有限公司,2013年第3季,0,公噸,0,公噸,0,公噸,0.008,公噸,完成核算
F0720609,呈錩工業有限公司樹林廠,2013年第3季,0,公噸,0,公噸,0.114,公噸,0.079,公噸,完成核算
E2901181,雄順金屬股份有限公司,2013年第3季,0,公噸,0,公噸,0,公噸,0.133,公噸,完成核算
E2900782,隆興鋼鐵工業股份有限公司路竹廠,2013年第3季,1.776,公噸,0,公噸,0,公噸,0.026,公噸,完成核算
E2900219,成肯國際實業股份有限公司,2013年第3季,2.284,公噸,0,公噸,0,公噸,0,公噸,完成核算
B9800964,功揚企業股份有限公司第二廠,2013年第3季,2.7,公噸,0,公噸,0,公噸,0.004,公噸,完成核算
B9600320,光國股份有限公司六廠,2013年第3季,1.246,公噸,0,公噸,0,公噸,0,公噸,完成核算
B9302892,里木科技股份有限公司工廠,2013年第3季,0.207,公噸,0,公噸,0,公噸,0,公噸,完成核算
B9302874,永元電機股份有限公司,2013年第3季,2.165,公噸,0,公噸,0,公噸,0,公噸,完成核算
B9201943,巨堡五金工業股份有限公司,2013年第3季,0.038,公噸,0,公噸,0.027,公噸,0.023,公噸,完成核算
B9201934,嘉元全機械廠有限公司,2013年第3季,0.053,公噸,0,公噸,0,公噸,0,公噸,完成核算
B8603710,佶興科技股份有限公司,2013年第3季,0.001,公噸,0,公噸,0,公噸,0,公噸,完成核算
B8603701,富皇塑膠工業有限公司,2013年第3季,0.014,公噸,0,公噸,0,公噸,0,公噸,完成核算
B8603685,勝裕砂布有限公司,2013年第3季,0.045,公噸,0,公噸,0,公噸,0,公噸,完成核算
B8603676,益原企業行,2013年第3季,0.012,公噸,0,公噸,0,公噸,0,公噸,完成核算
B0505520,台駿科技塑膠有限公司,2013年第3季,0.074,公噸,0,公噸,0,公噸,0,公噸,完成核算
B0505511,協辰興業有限公司,2013年第3季,1.707,公噸,0,公噸,0,公噸,0,公噸,完成核算
B0002659,翰鑫企業股份有限公司,2013年第3季,0.02,公噸,0,公噸,0,公噸,0,公噸,完成核算
Q7304556,國塑塑膠工業股份有限公司,2013年第2季,0.272,公噸,0,公噸,0,公噸,0,公噸,完成核算
L8900381,新益機械工廠股份有限公司,2013年第2季,0.48,公噸,0,公噸,0,公噸,0,公噸,完成核算
H45B0915,觀鑫木業有限公司,2013年第2季,0,公噸,0,公噸,0,公噸,0.008,公噸,完成核算
F0720609,呈錩工業有限公司樹林廠,2013年第2季,0,公噸,0,公噸,0.114,公噸,0.079,公噸,完成核算
E2901181,雄順金屬股份有限公司,2013年第2季,0,公噸,0,公噸,0,公噸,0.118,公噸,完成核算
E2900782,隆興鋼鐵工業股份有限公司路竹廠,2013年第2季,9.034,公噸,0,公噸,0,公噸,0.015,公噸,完成核算
E2900219,成肯國際實業股份有限公司,2013年第2季,2.112,公噸,0,公噸,0,公噸,0,公噸,完成核算
B9800964,功揚企業股份有限公司第二廠,2013年第2季,2.1,公噸,0,公噸,0,公噸,0.003,公噸,完成核算
B9600320,光國股份有限公司六廠,2013年第2季,1.473,公噸,0,公噸,0,公噸,0,公噸,完成核算
B9302892,里木科技股份有限公司工廠,2013年第2季,0.192,公噸,0,公噸,0,公噸,0,公噸,完成核算
B9302874,永元電機股份有限公司,2013年第2季,1.34,公噸,0,公噸,0,公噸,0,公噸,完成核算
B9201943,巨堡五金工業股份有限公司,2013年第2季,0.038,公噸,0,公噸,0.027,公噸,0.023,公噸,完成核算
B9201934,嘉元全機械廠有限公司,2013年第2季,0.053,公噸,0,公噸,0,公噸,0,公噸,完成核算
B8603710,佶興科技股份有限公司,2013年第2季,0.001,公噸,0,公噸,0,公噸,0,公噸,完成核算
B8603701,富皇塑膠工業有限公司,2013年第2季,0.014,公噸,0,公噸,0,公噸,0,公噸,完成核算
B0505520,台駿科技塑膠有限公司,2013年第2季,0.109,公噸,0,公噸,0,公噸,0,公噸,完成核算
B0505511,協辰興業有限公司,2013年第2季,1.707,公噸,0,公噸,0,公噸,0,公噸,完成核算
B0002659,翰鑫企業股份有限公司,2013年第2季,0.035,公噸,0,公噸,0,公噸,0,公噸,完成核算
Q7304556,國塑塑膠工業股份有限公司,2013年第1季,0.199,公噸,0,公噸,0,公噸,0,公噸,完成核算
L8900381,新益機械工廠股份有限公司,2013年第1季,0.386,公噸,0,公噸,0,公噸,0,公噸,完成核算
H45B0915,觀鑫木業有限公司,2013年第1季,0,公噸,0,公噸,0,公噸,0.008,公噸,完成核算
F0720609,呈錩工業有限公司樹林廠,2013年第1季,0,公噸,0,公噸,0.114,公噸,0.079,公噸,完成核算
E2901181,雄順金屬股份有限公司,2013年第1季,0,公噸,0,公噸,0,公噸,0.104,公噸,完成核算
E2900782,隆興鋼鐵工業股份有限公司路竹廠,2013年第1季,1.79,公噸,0,公噸,0,公噸,0.014,公噸,完成核算
E2900219,成肯國際實業股份有限公司,2013年第1季,2.033,公噸,0,公噸,0,公噸,0,公噸,完成核算
B9800964,功揚企業股份有限公司第二廠,2013年第1季,1.3,公噸,0,公噸,0,公噸,0.002,公噸,完成核算
B9600320,光國股份有限公司六廠,2013年第1季,1.288,公噸,0,公噸,0,公噸,0,公噸,完成核算
B9302892,里木科技股份有限公司工廠,2013年第1季,0.155,公噸,0,公噸,0,公噸,0,公噸,完成核算
B9201943,巨堡五金工業股份有限公司,2013年第1季,0.038,公噸,0,公噸,0.027,公噸,0.023,公噸,完成核算
B9201934,嘉元全機械廠有限公司,2013年第1季,0.053,公噸,0,公噸,0,公噸,0,公噸,完成核算
B8603710,佶興科技股份有限公司,2013年第1季,0.001,公噸,0,公噸,0,公噸,0,公噸,完成核算
B8603701,富皇塑膠工業有限公司,2013年第1季,0.014,公噸,0,公噸,0,公噸,0,公噸,完成核算
B0505520,台駿科技塑膠有限公司,2013年第1季,0.108,公噸,0,公噸,0,公噸,0,公噸,完成核算
B0505511,協辰興業有限公司,2013年第1季,1.707,公噸,0,公噸,0,公噸,0,公噸,完成核算
B0002659,翰鑫企業股份有限公司,2013年第1季,0.001,公噸,0,公噸,0,公噸,0,公噸,完成核算
Q7304556,國塑塑膠工業股份有限公司,2012年第4季,0.276,公噸,0,公噸,0,公噸,0,公噸,完成核算
L8900381,新益機械工廠股份有限公司,2012年第4季,0.517,公噸,0,公噸,0,公噸,0,公噸,完成核算
H45B0915,觀鑫木業有限公司,2012年第4季,0,公噸,0,公噸,0,公噸,0.008,公噸,完成核算
F0720609,呈錩工業有限公司樹林廠,2012年第4季,0,公噸,0,公噸,0.114,公噸,0.079,公噸,完成核算
E2901181,雄順金屬股份有限公司,2012年第4季,0,公噸,0,公噸,0,公噸,0.011,公噸,完成核算
E2900782,隆興鋼鐵工業股份有限公司路竹廠,2012年第4季,6.32,公噸,0,公噸,0,公噸,0.014,公噸,完成核算
E2900219,成肯國際實業股份有限公司,2012年第4季,2.324,公噸,0,公噸,0,公噸,0,公噸,完成核算
B9800964,功揚企業股份有限公司第二廠,2012年第4季,2.4,公噸,0,公噸,0,公噸,0.004,公噸,完成核算
B9302892,里木科技股份有限公司工廠,2012年第4季,0.202,公噸,0,公噸,0,公噸,0,公噸,完成核算
B9201943,巨堡五金工業股份有限公司,2012年第4季,0.038,公噸,0,公噸,0.027,公噸,0.023,公噸,完成核算
B9201934,嘉元全機械廠有限公司,2012年第4季,0.053,公噸,0,公噸,0,公噸,0,公噸,完成核算
B8603710,佶興科技股份有限公司,2012年第4季,0.001,公噸,0,公噸,0,公噸,0,公噸,完成核算
B8603701,富皇塑膠工業有限公司,2012年第4季,0.014,公噸,0,公噸,0,公噸,0,公噸,完成核算
B0505520,台駿科技塑膠有限公司,2012年第4季,0.232,公噸,0,公噸,0,公噸,0,公噸,完成核算
B0505511,協辰興業有限公司,2012年第4季,1.707,公噸,0,公噸,0,公噸,0,公噸,完成核算
B0002659,翰鑫企業股份有限公司,2012年第4季,0.003,公噸,0,公噸,0,公噸,0,公噸,完成核算
Q7304556,國塑塑膠工業股份有限公司,2012年第3季,0.403,公噸,0,公噸,0,公噸,0,公噸,完成核算
L8900381,新益機械工廠股份有限公司,2012年第3季,0.525,公噸,0,公噸,0,公噸,0,公噸,完成核算
H45B0915,觀鑫木業有限公司,2012年第3季,0,公噸,0,公噸,0,公噸,0.008,公噸,完成核算
F0720609,呈錩工業有限公司樹林廠,2012年第3季,0,公噸,0,公噸,0.114,公噸,0.079,公噸,完成核算
E2900782,隆興鋼鐵工業股份有限公司路竹廠,2012年第3季,7.338,公噸,0,公噸,0,公噸,0.016,公噸,完成核算
E2900219,成肯國際實業股份有限公司,2012年第3季,2.133,公噸,0,公噸,0,公噸,0,公噸,完成核算
B9800964,功揚企業股份有限公司第二廠,2012年第3季,2.4,公噸,0,公噸,0,公噸,0.004,公噸,完成核算
B9302892,里木科技股份有限公司工廠,2012年第3季,0.234,公噸,0,公噸,0,公噸,0,公噸,完成核算
B9201943,巨堡五金工業股份有限公司,2012年第3季,0.038,公噸,0,公噸,0.027,公噸,0.023,公噸,完成核算
B9201934,嘉元全機械廠有限公司,2012年第3季,0.053,公噸,0,公噸,0,公噸,0,公噸,完成核算
B8603710,佶興科技股份有限公司,2012年第3季,0.001,公噸,0,公噸,0,公噸,0,公噸,完成核算
B8603701,富皇塑膠工業有限公司,2012年第3季,0.014,公噸,0,公噸,0,公噸,0,公噸,完成核算
B0505520,台駿科技塑膠有限公司,2012年第3季,0.118,公噸,0,公噸,0,公噸,0,公噸,完成核算
B0505511,協辰興業有限公司,2012年第3季,1.707,公噸,0,公噸,0,公噸,0,公噸,完成核算
B0002659,翰鑫企業股份有限公司,2012年第3季,0.024,公噸,0,公噸,0,公噸,0,公噸,完成核算
Q7304556,國塑塑膠工業股份有限公司,2012年第2季,0.244,公噸,0,公噸,0,公噸,0,公噸,完成核算
L8900381,新益機械工廠股份有限公司,2012年第2季,0.489,公噸,0,公噸,0,公噸,0,公噸,完成核算
H45B0915,觀鑫木業有限公司,2012年第2季,0,公噸,0,公噸,0,公噸,0.008,公噸,完成核算
F0720609,呈錩工業有限公司樹林廠,2012年第2季,0,公噸,0,公噸,0.114,公噸,0.079,公噸,完成核算
E2900782,隆興鋼鐵工業股份有限公司路竹廠,2012年第2季,14.127,公噸,0,公噸,0,公噸,0.016,公噸,完成核算
E2900219,成肯國際實業股份有限公司,2012年第2季,2.109,公噸,0,公噸,0,公噸,0,公噸,完成核算
B9800964,功揚企業股份有限公司第二廠,2012年第2季,1.8,公噸,0,公噸,0,公噸,0.003,公噸,完成核算
B9302892,里木科技股份有限公司工廠,2012年第2季,0.204,公噸,0,公噸,0,公噸,0,公噸,完成核算
B9201943,巨堡五金工業股份有限公司,2012年第2季,0.038,公噸,0,公噸,0.027,公噸,0.023,公噸,完成核算
B9201934,嘉元全機械廠有限公司,2012年第2季,0.053,公噸,0,公噸,0,公噸,0,公噸,完成核算
B8603710,佶興科技股份有限公司,2012年第2季,0.001,公噸,0,公噸,0,公噸,0,公噸,完成核算
B8603701,富皇塑膠工業有限公司,2012年第2季,0.014,公噸,0,公噸,0,公噸,0,公噸,完成核算
B0505520,台駿科技塑膠有限公司,2012年第2季,0.154,公噸,0,公噸,0,公噸,0,公噸,完成核算
B0505511,協辰興業有限公司,2012年第2季,1.707,公噸,0,公噸,0,公噸,0,公噸,完成核算
B0002659,翰鑫企業股份有限公司,2012年第2季,0.035,公噸,0,公噸,0,公噸,0,公噸,完成核算
Q7304556,國塑塑膠工業股份有限公司,2012年第1季,0.229,公噸,0,公噸,0,公噸,0,公噸,完成核算
L8900381,新益機械工廠股份有限公司,2012年第1季,0.382,公噸,0,公噸,0,公噸,0,公噸,完成核算
H45B0915,觀鑫木業有限公司,2012年第1季,0,公噸,0,公噸,0,公噸,0.008,公噸,完成核算
F0720609,呈錩工業有限公司樹林廠,2012年第1季,0,公噸,0,公噸,0.114,公噸,0.079,公噸,完成核算
E2900782,隆興鋼鐵工業股份有限公司路竹廠,2012年第1季,10.133,公噸,0,公噸,0,公噸,0.015,公噸,完成核算
E2900219,成肯國際實業股份有限公司,2012年第1季,1.99,公噸,0,公噸,0,公噸,0,公噸,完成核算
B9800964,功揚企業股份有限公司第二廠,2012年第1季,1.2,公噸,0,公噸,0,公噸,0.002,公噸,完成核算
B9302892,里木科技股份有限公司工廠,2012年第1季,0.18,公噸,0,公噸,0,公噸,0,公噸,完成核算
B9201943,巨堡五金工業股份有限公司,2012年第1季,0.038,公噸,0,公噸,0.027,公噸,0.023,公噸,完成核算
B9201934,嘉元全機械廠有限公司,2012年第1季,0.053,公噸,0,公噸,0,公噸,0,公噸,完成核算
B8603710,佶興科技股份有限公司,2012年第1季,0.001,公噸,0,公噸,0,公噸,0,公噸,完成核算
B8603701,富皇塑膠工業有限公司,2012年第1季,0.014,公噸,0,公噸,0,公噸,0,公噸,完成核算
B0505520,台駿科技塑膠有限公司,2012年第1季,0.099,公噸,0,公噸,0,公噸,0,公噸,完成核算
B0505511,協辰興業有限公司,2012年第1季,1.707,公噸,0,公噸,0,公噸,0,公噸,完成核算
Q7304556,國塑塑膠工業股份有限公司,2011年第4季,0.39,公噸,0,公噸,0,公噸,0,公噸,完成核算
L8900381,新益機械工廠股份有限公司,2011年第4季,0.519,公噸,0,公噸,0,公噸,0,公噸,完成核算
K7903439,宏昇洗衣店,2011年第4季,0,公噸,0,公噸,0.024,公噸,0.016,公噸,完成核算
H45B0915,觀鑫木業有限公司,2011年第4季,0,公噸,0,公噸,0,公噸,0.008,公噸,完成核算
F0720609,呈錩工業有限公司樹林廠,2011年第4季,0,公噸,0,公噸,0.114,公噸,0.079,公噸,完成核算
E2900782,隆興鋼鐵工業股份有限公司路竹廠,2011年第4季,6.515,公噸,0,公噸,0.001,公噸,0.011,公噸,完成核算
E2900219,成肯國際實業股份有限公司,2011年第4季,2.27,公噸,0,公噸,0,公噸,0,公噸,完成核算
B9800964,功揚企業股份有限公司第二廠,2011年第4季,2.2,公噸,0,公噸,0,公噸,0.003,公噸,完成核算
B9302892,里木科技股份有限公司工廠,2011年第4季,0.221,公噸,0,公噸,0,公噸,0,公噸,完成核算
B9201943,巨堡五金工業股份有限公司,2011年第4季,0.038,公噸,0,公噸,0.027,公噸,0.023,公噸,完成核算
B9201934,嘉元全機械廠有限公司,2011年第4季,0.053,公噸,0,公噸,0,公噸,0,公噸,完成核算
B8603710,佶興科技股份有限公司,2011年第4季,0.001,公噸,0,公噸,0,公噸,0,公噸,完成核算
B8603701,富皇塑膠工業有限公司,2011年第4季,0.014,公噸,0,公噸,0,公噸,0,公噸,完成核算
B0505520,台駿科技塑膠有限公司,2011年第4季,0.101,公噸,0,公噸,0,公噸,0,公噸,完成核算
B0505511,協辰興業有限公司,2011年第4季,1.707,公噸,0,公噸,0,公噸,0,公噸,完成核算
Q7304556,國塑塑膠工業股份有限公司,2011年第3季,0.4,公噸,0,公噸,0,公噸,0,公噸,完成核算
L8900381,新益機械工廠股份有限公司,2011年第3季,0.528,公噸,0,公噸,0,公噸,0,公噸,完成核算
K7903439,宏昇洗衣店,2011年第3季,0,公噸,0,公噸,0.038,公噸,0.026,公噸,完成核算
H45B0915,觀鑫木業有限公司,2011年第3季,0,公噸,0,公噸,0,公噸,0.008,公噸,完成核算
F0720609,呈錩工業有限公司樹林廠,2011年第3季,0,公噸,0,公噸,0.114,公噸,0.079,公噸,完成核算
F04A9498,珍典食品有限公司,2011年第3季,0,公噸,0,公噸,0.028,公噸,0.02,公噸,完成申報
E2900782,隆興鋼鐵工業股份有限公司路竹廠,2011年第3季,6.388,公噸,0,公噸,0.001,公噸,0.013,公噸,完成核算
E2900219,成肯國際實業股份有限公司,2011年第3季,2.222,公噸,0,公噸,0,公噸,0,公噸,完成核算
B9800964,功揚企業股份有限公司第二廠,2011年第3季,1.6,公噸,0,公噸,0,公噸,0.002,公噸,完成核算
B9201943,巨堡五金工業股份有限公司,2011年第3季,0.038,公噸,0,公噸,0.027,公噸,0.023,公噸,完成核算
B9201934,嘉元全機械廠有限公司,2011年第3季,0.053,公噸,0,公噸,0,公噸,0,公噸,完成核算
B8603710,佶興科技股份有限公司,2011年第3季,0.001,公噸,0,公噸,0,公噸,0,公噸,完成核算
B8603701,富皇塑膠工業有限公司,2011年第3季,0.014,公噸,0,公噸,0,公噸,0,公噸,完成核算
B0505520,台駿科技塑膠有限公司,2011年第3季,0.09,公噸,0,公噸,0,公噸,0,公噸,完成核算
B0505511,協辰興業有限公司,2011年第3季,1.707,公噸,0,公噸,0,公噸,0,公噸,完成核算
Q7304556,國塑塑膠工業股份有限公司,2011年第2季,0.596,公噸,0,公噸,0,公噸,0,公噸,完成核算
L8900381,新益機械工廠股份有限公司,2011年第2季,0.509,公噸,0,公噸,0,公噸,0,公噸,完成核算
K7903439,宏昇洗衣店,2011年第2季,0,公噸,0,公噸,0.038,公噸,0.027,公噸,完成核算
H45B0915,觀鑫木業有限公司,2011年第2季,0,公噸,0,公噸,0,公噸,0.008,公噸,完成核算
F0720609,呈錩工業有限公司樹林廠,2011年第2季,0.5,公噸,0,公噸,0.114,公噸,0.079,公噸,完成核算
F04A9498,珍典食品有限公司,2011年第2季,0,公噸,0,公噸,0.028,公噸,0.02,公噸,完成申報
E2900219,成肯國際實業股份有限公司,2011年第2季,2.045,公噸,0,公噸,0,公噸,0,公噸,完成核算
B9800964,功揚企業股份有限公司第二廠,2011年第2季,1.8,公噸,0,公噸,0,公噸,0.003,公噸,完成核算
B9201943,巨堡五金工業股份有限公司,2011年第2季,0.038,公噸,0,公噸,0.027,公噸,0.023,公噸,完成核算
B9201934,嘉元全機械廠有限公司,2011年第2季,0.053,公噸,0,公噸,0,公噸,0,公噸,完成核算
B8603710,佶興科技股份有限公司,2011年第2季,0.001,公噸,0,公噸,0,公噸,0,公噸,完成核算
B8603701,富皇塑膠工業有限公司,2011年第2季,0.014,公噸,0,公噸,0,公噸,0,公噸,完成核算
B0505520,台駿科技塑膠有限公司,2011年第2季,0.065,公噸,0,公噸,0,公噸,0,公噸,完成核算
B0505511,協辰興業有限公司,2011年第2季,1.707,公噸,0,公噸,0,公噸,0,公噸,完成核算
Q7304556,國塑塑膠工業股份有限公司,2011年第1季,0.332,公噸,0,公噸,0,公噸,0,公噸,完成核算
L8900381,新益機械工廠股份有限公司,2011年第1季,0.401,公噸,0,公噸,0,公噸,0,公噸,完成核算
K7903439,宏昇洗衣店,2011年第1季,0,公噸,0,公噸,0.17,公噸,0.118,公噸,完成核算
H45B0915,觀鑫木業有限公司,2011年第1季,0,公噸,0,公噸,0,公噸,0.008,公噸,完成核算
F0720609,呈錩工業有限公司樹林廠,2011年第1季,0.5,公噸,0,公噸,0.114,公噸,0.079,公噸,完成核算
F04A9498,珍典食品有限公司,2011年第1季,0,公噸,0,公噸,0.028,公噸,0.02,公噸,完成申報
E2900219,成肯國際實業股份有限公司,2011年第1季,1.861,公噸,0,公噸,0,公噸,0,公噸,完成核算
B9800964,功揚企業股份有限公司第二廠,2011年第1季,1.1,公噸,0,公噸,0,公噸,0.002,公噸,完成核算
B9201943,巨堡五金工業股份有限公司,2011年第1季,0.038,公噸,0,公噸,0.027,公噸,0.023,公噸,完成核算
B9201934,嘉元全機械廠有限公司,2011年第1季,0.053,公噸,0,公噸,0,公噸,0,公噸,完成核算
B8603710,佶興科技股份有限公司,2011年第1季,0.001,公噸,0,公噸,0,公噸,0,公噸,完成核算
B8603701,富皇塑膠工業有限公司,2011年第1季,0.014,公噸,0,公噸,0,公噸,0,公噸,完成核算
B0505520,台駿科技塑膠有限公司,2011年第1季,0.025,公噸,0,公噸,0,公噸,0,公噸,完成核算
B0505511,協辰興業有限公司,2011年第1季,1.707,公噸,0,公噸,0,公噸,0,公噸,完成核算
