"序號","統一編號","公司名稱","公司所在地","代表人","資本額","核准設立日期","核准解散日期"
"1","01860560","鐿樺企業有限公司","新北市板橋區新府路110號22樓","","5000000","0740702","1050218"
"2","04987129","偉盈工程企業有限公司","高雄市鳥松區松埔北巷2之92號15樓之1","","12000000","0641119","1050224"
"3","05013969","力拓企業有限公司","臺北市大安區羅斯福路3段271號12樓之3","","1000000","0740116","1050205"
"4","05422824","晉堃不銹鋼有限公司","新北市汐止區福德一路１７５號１樓","","10000000","0731126","1050203"
"5","07644415","羅和鋼業有限公司","臺北市中山區濱江街152之8號","","2000000","0681009","1050202"
"6","09460882","春星有限公司","臺北市大安區敦化南路2段168號12樓","","5000000","0731109","1050218"
"7","12381243","洪藝企業有限公司","臺北市中山區松江路330巷48號1樓","","5000000","0710517","1050224"
"8","12628323","太平洋國際開發有限公司","臺南市東區東寧路186號10樓之3","","500000","0891003","1050205"
"9","12658634","永捷環保服務事業有限公司","臺北市文山區一壽街4號1樓","","10000000","0891024","1050224"
"10","12661770","為榮數位科技有限公司","臺北市南港區研究院路2段98巷29號1樓","","5000000","0891104","1050219"
"11","12665591","運動熱線股份有限公司","桃園市楊梅區高榮里6鄰北高山頂20之2號","","1000000","0891118","1050201"
"12","12686202","喬美旅店股份有限公司","臺北市松山區八德路4段16號1至7樓","","12000000","0900213","1050218"
"13","12746588","南夏企業有限公司","新北市新莊區思源路287巷1弄14號4樓","","1000000","0900212","1050216"
"14","12762290","引豐有限公司","基隆市中山區中山一路一一三巷十六號一樓　","","3000000","0900312","1050203"
"15","12769505","瑆鋐鋼鐵有限公司","桃園市中壢區明德里環中東路二段508號","","10000000","0900321","1050201"
"16","12791268","嘉悅實業有限公司","彰化縣埔心鄉油車村忠義北路294巷37號","","500000","0900426","1050205"
"17","12833794","國民樹脂化工有限公司","新竹縣竹北市東海一街95巷46號","","1000000","0900710","1050223"
"18","12858393","貫弘實業有限公司","臺北市中山區龍江路149巷26號1樓","","500000","0900427","1050202"
"19","12865486","長欣藥品有限公司","臺北市大安區信義路4段265巷21弄22號1樓","","5000000","0900521","1050225"
"20","12875983","維吉尼亞企業有限公司","臺北市北投區大興街111號2樓","","5000000","0900628","1050223"
"21","12940154","聖金廣告有限公司","新北市林口區忠孝路581巷8號(1樓)","","2000000","0900821","1050225"
"22","12945833","蓮園餐廳有限公司","臺北市中正區廈門街113巷14號5樓","","24800000","0900911","1050201"
"23","12962092","百利生股份有限公司","臺北市內湖區內湖路1段737巷49之1號地下室","","5000000","0901126","1050223"
"24","13053296","堅實化工股份有限公司","新北市板橋區吳鳳路3號1樓","","5000000","0910328","1050216"
"25","13067685","永耀電通有限公司","新北市新店區民權路42巷6弄23號","","1000000","0910417","1050203"
"26","13078705","柏登刺繡股份有限公司","彰化縣彰化市華北里中山路2段358號","","1000000","0910429","1050216"
"27","13136846","敏鴻企業有限公司","基隆市暖暖區碇祥里碇內街131之3號2樓","","5000000","0910709","1050216"
"28","13140638","豪庭投資顧問股份有限公司","臺北市萬華區漢口街2段107號4樓","","30000000","0910719","1050217"
"29","13141263","祿翔實業有限公司","臺北市大同區承德路2段81號9樓之2","","1000000","0910722","1050224"
"30","13142501","滿田科技開發有限公司","高雄市小港區平和路213號","","1000000","0900219","1050204"
"31","13165834","生活智慧王管理顧問有限公司","臺中市西屯區何源里華美西街二段311號9樓之3","","1000000","0910215","1050219"
"32","13187443","頡翰科技有限公司","高雄市苓雅區永樂街137號10樓之3","","1000000","0911011","1050219"
"33","13191740","晉雨企業有限公司","高雄市左營區文奇路48號1樓","","18000000","0911126","1050216"
"34","15505020","雙發企業有限公司","新北市板橋區萬安街六七號","","1100000","0580428","1050222"
"35","15819280","華達交通有限公司","臺北市中正區和平西路2段21之1號1樓","","3000000","0660706","1050225"
"36","15848813","岳誠企業有限公司","桃園市蘆竹區文中路1段19巷27號","","1000000","0671216","1050201"
"37","15886196","歐美視聽器材股份有限公司","臺北市萬華區內江街112號3樓","","8000000","0700119","1050226"
"38","16028969","倖韻果生物科技有限公司","新北市板橋區中山路1段2號5樓之5","","1000000","0860607","1050217"
"39","16038544","史比特有限公司","桃園市平鎮區義興里育達路二五五巷七弄五號","","5000000","0860618","1050215"
"40","16106021","富涵室內設計工程有限公司","高雄市前鎮區沱江街146巷2號","","1000000","0860710","1050202"
"41","16123128","于舜資訊有限公司","高雄市左營區政德路2號","","1000000","0861222","1050219"
"42","16148140","功名電腦有限公司","臺北市中山區民權東路3段75巷2弄20號","","5000000","0860820","1050226"
"43","16181007","騏揚企業有限公司","新北市板橋區廣和街75巷8號5樓","","1000000","0860729","1050217"
"44","16189274","得鼎工業股份有限公司","桃園市八德區和平路七○四巷二五號","","5000000","0860806","1050222"
"45","16243952","茂機科技股份有限公司","高雄市左營區新下里新莊一路151號10樓之2","","12000000","0861015","1050203"
"46","16303971","勝回企業有限公司","臺北市中山區松江路152號12樓","","1000000","0870210","1050226"
"47","16337058","八爪娛事業有限公司","新北市土城區中正路1號15樓之6","","5000000","0861208","1050204"
"48","16345466","佳舜企業有限公司","新北市三重區仁福街8號","","2000000","0861218","1050216"
"49","16355196","本宗工程有限公司","雲林縣莿桐鄉興貴村興南路一號","","1000000","0861230","1050218"
"50","16380012","新成有限公司","新北市中和區安樂路189號(1樓)","","1000000","0870212","1050223"
"51","16386584","三禾管理顧問有限公司","新北市新莊區新北大道3段5號22樓之6","","10000000","0870221","1050203"
"52","16395253","順宇興業有限公司","臺中市豐原區南村里水源路709號","","1000000","0870306","1050217"
"53","16417003","和達國際有限公司","新北市三重區和平街43號","","1000000","0870402","1050219"
"54","16430110","治盛興業有限公司","新北市五股區登林路36之2號","","5000000","0870418","1050224"
"55","16461400","久登企業有限公司","高雄市三民區達仁里吉林街70號","","10000000","0870717","1050219"
"56","16663095","盛媛有限公司","臺南市北區賢北街23巷98號2樓","","500000","0870925","1050204"
"57","16677175","龍膳食品有限公司","新北市新莊區西盛里新樹路333巷6號2樓","","5500000","0871017","1050223"
"58","16705763","遠強工程有限公司","新北市板橋區篤行路2段77巷9弄4號","","6000000","0871201","1050218"
"59","16886949","晟民鐵材有限公司","臺北市大同區太原路115巷8號1樓","","2000000","0880407","1050204"
"60","16978377","銘爵貿易有限公司","嘉義市西區港坪里育人路258巷74弄2號","","1000000","0880809","1050216"
"61","20873875","旭華企業有限公司","臺北市大安區永康街31巷10號1樓","","5000000","0691202","1050217"
"62","22009589","新大飼料股份有限公司","臺北市松山區光復南路17巷26號","","66600000","0750122","1050201"
"63","22068192","首皓實業開發有限公司","臺中市北區太原路一段532號11樓之1","","5000000","0750214","1050205"
"64","22185749","福臨門餐廳股份有限公司","臺北市大安區信義路3段128號2樓","","2658010","0750823","1050223"
"65","22274159","鈞成機械工業股份有限公司","桃園市桃園區春日路一六五一巷一二弄三號","","3000000","0750919","1050224"
"66","22355103","麟耀企業有限公司","臺北市中正區羅斯福路3段100號1樓之12","","5000000","0760121","1050216"
"67","22468161","余記行股份有限公司","基隆市仁愛區孝三路83號2樓","","10000000","0760619","1050217"
"68","22482987","葦麗製鞋業股份有限公司","彰化縣埔心鄉瓦北村瑤鳳路一段176巷16號","","11500000","0760421","1050225"
"69","22523349","鼎疆企業有限公司","高雄市新興區永寧里仁愛二街121巷22號1樓","","5000000","0760319","1050204"
"70","22527817","南星藥房有限公司","高雄市新興區秋山里中山一路173號5樓","","10000000","0760509","1050129"
"71","22566374","金樹有限公司","嘉義市東區安業里世賢路四段315號","","5000000","0820802","1050224"
"72","22602245","麥花田國際股份有限公司","彰化縣花壇鄉金墩街63號","","5000000","0760924","1050223"
"73","22619920","利健股份有限公司","臺北市內湖區成功路3段75號7樓","","15000000","0760803","1050219"
"74","22717485","東尼體育事業有限公司","新竹縣竹東鎮中興路一段147巷139弄50-1號臨","","20000000","0761107","1050224"
"75","22883110","文翔裝訂有限公司","新北市中和區立德街148巷26號2樓","","4150000","0770513","1050203"
"76","22896614","佳宇實業有限公司","新北市中和區中山路２段３６５巷２弄５號（２、３樓）","","6000000","0770608","1050224"
"77","22996959","舜得有限公司","新北市三重區成功路41巷11弄3號2樓","","5000000","0770824","1050201"
"78","23102789","中塤實業有限公司","臺中市大雅區員林里大林路66巷72號","","2000000","0771130","1050222"
"79","23117137","台群印刷有限公司","臺北市大同區重慶北路3段9巷22號","","1000000","0771015","1050225"
"80","23140284","百寬有限公司","臺北市北投區大業路160號5樓","","5000000","0771214","1050202"
"81","23192091","任佑實業有限公司","新北市新莊區後港一路六五巷九弄二號","","3000000","0780127","1050224"
"82","23248790","柏昇紙業有限公司","新北市新莊區後港一路28巷1弄10號1樓","","1000000","0780424","1050223"
"83","23273495","黃泳興實業有限公司","臺中市豐原區豐田里豐原大道2段230巷79號1樓","","2000000","0780530","1050217"
"84","23388736","涵雲實業股份有限公司","嘉義縣朴子市大鄉里一００二巷二一六弄一三號　","","5000000","0780711","1050222"
"85","23399852","喬業工業股份有限公司","桃園市蘆竹區內厝里內厝87號","","5000000","0780731","1050202"
"86","23401479","高特汽車有限公司","新竹市東區東園里中華路二段95號","","2000000","0780802","1050219"
"87","23433991","明獎塑膠實業有限公司","臺北市南港區中南街148號1樓","","5000000","0780801","1050218"
"88","23472240","堅成建設股份有限公司","臺南市中西區忠義路二段49號5樓　","","10000000","0780921","1050201"
"89","23568596","協鈞針織廠有限公司","新北市五股區五權三路41號","","5000000","0790111","1050226"
"90","23622352","登輝保全科技股份有限公司","新北市中和區景安里安平路16號4樓","","10000000","0790220","1050216"
"91","23715302","長瑞企業有限公司","苗栗縣竹南鎮聖福里十三鄰建國路八四巷八九號","","5000000","0790508","1050224"
"92","23884144","保智機械有限公司","臺北市松山區民權東路5段82號1樓","","5000000","0790808","1050204"
"93","23920253","泛成國際貨運有限公司","臺北市松山區南京東路4段107號8樓","","8000000","0791127","1050203"
"94","24200817","伊麗來富企業有限公司","彰化縣埔鹽鄉南港村埔港路28-63號1樓","","19200000","0970716","1050217"
"95","24211743","宏太裝潢有限公司","高雄市大社區神農里翠屏路84巷39號13樓","","1000000","0970804","1050222"
"96","24215831","傳都食品股份有限公司","新竹縣竹北市竹義里新泰路５３巷８號１１樓","","6000000","0970811","1050223"
"97","24236337","炤順有限公司","臺中市大里區西湖里西湖路305號","","500000","0970919","1050225"
"98","24237856","立吉不動產仲介經紀有限公司","臺中市太平區永平里東平路613號1樓","","500000","0970923","1050201"
"99","24249092","光碩科技股份有限公司","新北市樹林區大慶街7號","","20000000","0971015","1050223"
"100","24268415","峰銘木業有限公司","臺南市新化區崙頂里崙子頂253號","","1000000","0971120","1050222"
"101","24271018","璞拓科技有限公司","桃園市桃園區中寧里同德二街189巷6號1樓","","5000000","0971126","1050225"
"102","24275801","圓智電訊有限公司","新北市淡水區中正路2段149巷7號1樓","","1000000","0971205","1050226"
"103","24293630","河富源工程有限公司","新北市汐止區中興路295號2樓","","500000","0980115","1050226"
"104","24298092","大都國際有限公司","臺中市中區民族路92號6樓之2","","250000","0980122","1050223"
"105","24310482","福星國際有限公司","臺北市大安區羅斯福路3段135號","","3000000","0971201","1050225"
"106","24334219","詠晟投資股份有限公司","臺北市松山區南京東路4段171號12樓","","50000000","0980326","1050218"
"107","24343076","福基室內裝修工程有限公司","臺北市內湖區內湖路3段173巷3弄2號","","250000","0980429","1050202"
"108","24347501","名詳有限公司","臺北市大安區敦化南路1段161巷63號1樓","","250000","0980519","1050225"
"109","24352095","御筌科技股份有限公司","高雄市鼓山區中華一路350號11樓之2","","4000000","0980210","1050202"
"110","24366957","升友有限公司","臺中市大里區仁堤二街47巷5號1樓","","500000","0980310","1050216"
"111","24370973","珍數國際股份有限公司","高雄市三民區本松街73巷2號1樓","","10000000","0980317","1050223"
"112","24373789","三泰德興有限公司","臺南市中西區西湖街218號4樓","","5000000","0980320","1050202"
"113","24375864","碩大國際有限公司","臺北市信義區基隆路1段432號14樓之2","","1000000","0980325","1050202"
"114","24378497","春大霖實業股份有限公司","臺中市西屯區西屯路二段231號","","10000000","0980330","1050223"
"115","24379756","鋒成科技股份有限公司","新竹縣竹北市北崙里縣政十三路158號3樓","","13500000","0980401","1050216"
"116","24401173","誠顥科技股份有限公司","新竹市牛埔南路171之5號","","2000000","0980506","1050201"
"117","24415606","仁厚有限公司","臺北市信義區忠孝東路5段1之10號2樓","","250000","0980602","1050224"
"118","24426630","品冠國際事業有限公司","臺南市永康區網寮里永大一路241號","","2500000","0980618","1050223"
"119","24432751","霈妮科技有限公司","臺南市永康區中正路279巷21弄85號","","500000","0980629","1050215"
"120","24435440","喜和願有限公司","桃園市桃園區成功里園一街51號一樓","","1000000","0980702","1050222"
"121","24438880","富仲興業有限公司","新北市板橋區振興里中山路2段465巷74弄1之2號","","1000000","0980708","1050218"
"122","24440703","峰展昇科技有限公司","桃園市中壢區龍昌里龍川六街73號","","2000000","0980710","1050204"
"123","24442391","昶升農牧實業有限公司","臺中市北屯區后庄里中清路112巷22弄7號1樓","","1000000","0980713","1050223"
"124","24457366","采昇日式料理有限公司","臺北市大安區忠孝東路4段208之1號","","3160000","0980821","1050216"
"125","24463228","奕榮實業有限公司","新北市三重區興德路96號9樓","","16800","0980914","1050204"
"126","24474528","大逗逗有限公司","臺北市文山區育英街10號4樓","","200000","0981026","1050226"
"127","24474626","弘泰齒研有限公司","臺北市士林區華齡街35巷18號1樓","","500000","0981026","1050216"
"128","24477222","動靜生活發展事業股份有限公司","臺北市大安區新生南路3段16之1號","","5000000","0981105","1050203"
"129","24480649","帝寶資源產業股份有限公司","新北市新店區北新路1段89號6樓之3","","15000000","0981119","1050218"
"130","24484217","鼎軒開發企業股份有限公司","臺北市北投區北投路2段13號4樓之2","","5000000","0981102","1050226"
"131","24493692","新策股份有限公司","臺北市士林區中正路385號","","1700000","0990106","1050202"
"132","24501567","穗羽企業有限公司","高雄市左營區博愛三路8號23樓之1","","10000000","0981112","1050130"
"133","24511679","大頭文字股份有限公司","臺南市中西區萬昌里青年路104號2樓","","10000000","0990413","1050218"
"134","24512369","富承興業有限公司","高雄市三民區壽昌路93號11樓之17","","1000000","0990422","1050215"
"135","24517195","翰永國際股份有限公司","高雄市苓雅區三多二路171號9樓之1","","50000000","0990621","1050215"
"136","24520261","海鮮達人有限公司","高雄市三民區晉元街68號1樓","","500000","0990729","1050202"
"137","24526188","裕國開發股份有限公司","高雄市三民區九如二路567號5樓","","5000000","0991015","1050205"
"138","24533408","價值教育顧問有限公司","臺北市大安區忠孝東路4段221號12樓","","150000","1030403","1050218"
"139","24533723","呈祥不動產經紀有限公司","臺北市信義區松隆路314號","","1000000","1030407","1050205"
"140","24538353","擎天國際餐飲有限公司","臺北市大安區安和路2段217巷2弄1號","","1600000","1030417","1050222"
"141","24540180","七哩蟹美式餐廳股份有限公司","臺北市松山區民生東路4段45號及地下","","19000000","1030423","1050216"
"142","24546558","可凌創意有限公司","臺北市信義區崇德街203巷6弄臨23號","","250000","1030508","1050202"
"143","24548211","愷辰醫療器材科技有限公司","臺北市士林區承德路4段362號5樓","","1000000","1030514","1050217"
"144","24549669","輕鬆創意國際股份有限公司","臺北市信義區東興路51號1樓","","20000000","1030519","1050222"
"145","24551067","謝仲偉寶石鑑定有限公司","臺北市中山區民生西路16號9樓之2","","1500000","1030523","1050223"
"146","24554677","四分衛國際教育有限公司","臺北市大安區忠孝東路4段107號12樓之1","","1000000","1030604","1050226"
"147","24558343","鈺創合成有限公司","臺北市信義區基隆路1段155號8樓之8","","500000","1030616","1050217"
"148","24564416","正心堂有機人蔘有限公司","臺北市信義區忠孝東路5段1-1號11樓","","100000","1030703","1050201"
"149","24567504","斑比諾國際有限公司","臺北市中正區忠孝西路1段33號7樓","","100000","1030711","1050222"
"150","24567602","展特科技有限公司","臺北市大同區承德路1段35號10樓之2","","2000000","1030714","1050219"
"151","24571985","艾麗萌食品股份有限公司","臺北市士林區中山北路6段43之2號1-2樓","","2000000","1030728","1050218"
"152","24573668","亮典整合行銷有限公司","臺北市松山區南京東路5段188號6樓之5","","1000000","1030801","1050202"
"153","24575568","引力娛樂有限公司","臺北市大安區忠孝東路4段221號12樓","","600000","1030808","1050224"
"154","24576644","井波企業有限公司","臺北市信義區逸仙路42巷16號1樓","","1500000","1030813","1050201"
"155","24580366","金尚和有限公司","臺中市梧棲區永寧里中華路一段525巷30號","","200000","1030605","1050203"
"156","24581891","晶沛國際貿易股份有限公司","臺中市北屯區舊社里北屯路426號之5","","5000000","1030612","1050201"
"157","24586045","響應式科技有限公司","臺中市西區公民里五權路1之67號18樓之1","","2000000","1030704","1050222"
"158","24587608","卡米喀餐飲有限公司","臺中市北區進化北路396之3號1樓","","500100","1030711","1050217"
"159","24593812","中威不動產有限公司","臺中市大里區中新里中興路二段192號1樓","","1000000","1030814","1050202"
"160","24593910","上揚資訊顧問有限公司","臺中市北區賴旺里青島一街39-6號7樓","","2000000","1030814","1050226"
"161","24604212","友家有限公司","臺中市西屯區上德里青海路二段155號1樓","","500000","1031013","1050203"
"162","24604402","永佳工程有限公司","臺中市北屯區松竹里熱河路三段69巷8號","","500000","1031014","1050226"
"163","24604584","名角有限公司","臺中市外埔區大東里甲后路755巷4弄12號","","500000","1031014","1050217"
"164","24607750","健宏有限公司","臺中市北區中清路一段100號5樓之2","","500000","1031029","1050218"
"165","24607999","駿暐國際汽車有限公司","臺中市北屯區和平里建和路二段166號","","5000000","1031030","1050223"
"166","24608596","詠銓機械設備有限公司","桃園市中壢區興平里環北路220號1樓","","500000","1030606","1050130"
"167","24612873","頤豐泰工程有限公司","苗栗縣竹南鎮大厝里大厝83號1樓","","500000","1030620","1050204"
"168","24620043","振熙實業有限公司","桃園市龜山區萬壽路二段1181號5樓","","1000000","1030716","1050217"
"169","24622582","正玖益農產有限公司","彰化縣大城鄉王厝巷36號1樓","","3000000","1030724","1050222"
"170","24625309","京冠先進科技股份有限公司","新竹市東區北大路21號6樓之1","","1000000","1030804","1050225"
"171","24626525","鼎昌興業有限公司","苗栗縣苑裡鎮房裡里1鄰16-2號","","1000000","1030807","1050224"
"172","24631935","恒勵堂資訊管理顧問有限公司","新竹縣竹東鎮員山里員山路205巷28弄35號1樓","","300000","1030828","1050218"
"173","24632982","海芋有限公司","桃園市桃園區永安里埔新路66號","","300000","1030902","1050215"
"174","24636684","愷捷投資股份有限公司","彰化縣福興鄉橋頭村東興路6號2樓","","15000000","1030916","1050205"
"175","24638705","君麟科技有限公司","桃園市桃園區建國路8號","","300000","1030923","1050205"
"176","24638748","榮鶯食品有限公司","桃園市中壢區興平里元化路二段56號","","250000","1030923","1050226"
"177","24643411","風騰雲端股份有限公司","桃園市大溪區仁善街108號5樓之6","","1000000","1031008","1050223"
"178","24643480","品雅興業有限公司","桃園市中壢區永光里環西路2段300巷21號8樓","","600000","1031009","1050216"
"179","24650685","新釘城實業有限公司","彰化縣鹿港鎮山崙里鹿草路五段176號","","1000000","1031103","1050226"
"180","24651312","班鳩有限公司","臺東縣臺東市自強里新生路400號1樓","","1000000","1031105","1050225"
"181","24655099","伊美香氛有限公司","彰化縣田中鎮中路里中興南街16號1樓","","100000","1031119","1050204"
"182","24660305","威德樂有限公司","高雄市三民區臥龍路60弄2巷8號14樓","","200000","1030827","1050203"
"183","24662182","奧森水藝有限公司","高雄市左營區文學路277號1樓","","200000","1030916","1050130"
"184","24662401","冠立貿易有限公司","高雄市鳳山區八德路433巷26號1樓","","1000000","1030918","1050202"
"185","24663197","樂餚複合餐飲有限公司","高雄市左營區富民路353號1樓","","4000000","1030924","1050224"
"186","24675052","祐成有機肥料有限公司","高雄市鳳山區輜汽南路26之1號1樓","","100000","1031226","1050204"
"187","24679901","和一科技有限公司","高雄市三民區大中一路235巷6號3樓","","500000","1040205","1050218"
"188","24686987","安創爵影數位媒體有限公司","高雄市鹽埕區五福四路197號","","2000000","1040408","1050217"
"189","24690764","耀閣室內設計有限公司","新北市三峽區中正路1段226號","","500000","1030822","1050223"
"190","24692952","富奕財務顧問有限公司","新北市永和區永和路2段6號3樓","","2000000","1030903","1050223"
"191","24696063","漾美生技有限公司","新北市林口區麗園路127號","","2500000","1030919","1050217"
"192","24704850","和齊國際貿易有限公司","新北市土城區延和路39巷3號","","1300000","1031029","1050226"
"193","24706626","吼珍饈國際股份有限公司","新北市板橋區四川路1段70號","","12000000","1031106","1050225"
"194","24715863","通化國際有限公司","新北市三重區五華街75巷13號3樓","","1000000","1031222","1050216"
"195","24716146","水綠有限公司","新北市三峽區中園街128號","","200000","1031222","1050217"
"196","24721247","寬和工程有限公司","新北市蘆洲區復興路142號2樓","","5000000","1040116","1050216"
"197","24730288","萬璟有限公司","新北市板橋區深丘里中山路1段162號(1樓)","","500000","1040304","1050225"
"198","24730512","聚力思科技有限公司","新北市新莊區昌明街14巷1弄1號(1樓)","","300000","1040310","1050224"
"199","24732856","普歐特企業有限公司","新北市泰山區明志路1段352巷10號之1二樓","","200000","1040318","1050203"
"200","24734658","美格英德商貿有限公司","新北市板橋區重慶路155巷45號2樓","","200000","1040325","1050218"
"201","24735045","富而登國際股份有限公司","","","0","1040326","1050205"
"202","24735256","振揚創新科技有限公司","新北市中和區員富里中正路988巷19號","","1000000","1040327","1050202"
"203","24741341","驚采創意行銷有限公司","臺北市松山區寶清街18之2號","","150000","1030827","1050202"
"204","24741932","安澤管理顧問有限公司","臺北市大安區忠孝東路4段146巷1號5樓","","300000","1030829","1050202"
"205","24745114","薪勤有限公司","臺北市大安區永康街81號3樓","","600000","1030909","1050217"
"206","24747112","教父有限公司","臺北市中正區青島東路5號6樓之1","","200000","1030915","1050203"
"207","24747844","多樂點有限公司","臺北市內湖區洲子街106號","","1000000","1030918","1050223"
"208","24749049","宜保科技有限公司","臺北市文山區興隆路4段145巷83弄2號7樓","","2000000","1030918","1050203"
"209","24750137","瑞曲迪實業有限公司","臺北市信義區信義路6段64號1樓","","6000000","1030923","1050225"
"210","24751810","寒舍健康生活科技股份有限公司","臺北市中正區杭州南路1段15之1號21樓","","3000000","1030926","1050215"
"211","24752992","禮沃生技有限公司","臺北市大安區復興南路1段259號13樓之1","","1000000","1031001","1050218"
"212","24753319","星火媒體科技有限公司","臺北市大安區忠孝東路4段221號12樓","","500000","1031002","1050224"
"213","24768185","緁森國際運動有限公司","臺北市中正區衡陽路51號5樓之10","","200000","1031117","1050205"
"214","24772701","金加州貿易有限公司","臺北市信義區吳興街439號2樓","","500000","1031202","1050205"
"215","24773770","鑫兆投顧有限公司","臺北市松山區南京東路5段239號9樓之20","","1000000","1030702","1050203"
"216","24773791","立永興有限公司","臺北市大同區南京西路163號2樓之6","","3000000","1031203","1050203"
"217","24774335","二度蛋糕有限公司","臺北市南港區忠孝東路7段568號","","250000","1031204","1050201"
"218","24776565","典美線時尚美學有限公司","臺北市中山區松江路297巷16號1樓","","2000000","1031211","1050218"
"219","24777207","寶馬購有限公司","臺北市信義區基隆路2段107之5號11樓之1","","1000000","1031212","1050215"
"220","24777810","法米達有限公司","臺北市中山區北安路621巷13號","","250000","1031215","1050201"
"221","24780131","就要玩娛樂科技股份有限公司","臺北市信義區松隆路102號7樓之1","","1000000","1031222","1050224"
"222","24780977","優雅文創有限公司","臺北市中正區忠孝東路1段152號10樓之1","","1501000","1031223","1050222"
"223","24821365","青春淇教育企業有限公司","臺中市大甲區文曲里東安路501巷17號1樓","","2000000","1031118","1050201"
"224","24824449","美凱投資有限公司","臺中市西區美村路一段540號12樓之3","","400000","1031203","1050222"
"225","24825340","金太豐資產管理有限公司","臺中市大甲區文武里大甲街52號","","5000000","1031209","1050130"
"226","24827987","艾揚有限公司","臺中市北區文心路四段182號地下第1層2","","1000000","1031222","1050222"
"227","24828064","新吉成國際資產投資有限公司","臺中市西屯區文心路三段117號1樓","","3000000","1031223","1050217"
"228","24832264","祥龍貿易有限公司","臺中市大里區大里里瓦磘路73之19號1樓","","1000000","1040115","1050219"
"229","24832855","宏紹貿易有限公司","臺中市霧峰區五福里四德北路85巷25號1樓","","500000","1040120","1050223"
"230","24833165","星羽電子商務有限公司","臺中市南屯區公益路二段61號14樓之2","","100000","1040121","1050219"
"231","24837129","竑威不動產有限公司","臺中市沙鹿區北勢東路596號1樓","","250000","1040210","1050225"
"232","24839490","帕妃思股份有限公司","臺中市南區永興里工學二街115巷35號1樓","","1000000","1040303","1050223"
"233","24841257","安杰爾科技有限公司","臺中市大雅區二和里雅潭路四段661巷36號八樓之2","","150000","1040312","1050223"
"234","24842615","藍品有限公司","臺中市北屯區平福里大連路二段50號","","600000","1040318","1050219"
"235","24846226","興強倫精機有限公司","臺中市北屯區水湳里大連西路20巷23號1樓","","3000000","1040331","1050130"
"236","24847386","思博客咖啡有限公司","臺中市西屯區惠來里惠來路三段150號1樓","","3000000","1040407","1050219"
"237","24847674","港興國際餐飲有限公司","臺中市西屯區漢口路二段136號1樓","","1000000","1040408","1050218"
"238","24873742","星承科技股份有限公司","新竹縣竹北市文興路263號4樓","","5000000","1040302","1050219"
"239","24873898","振曜投資顧問有限公司","新竹市光復路二段287號4樓之1","","1000000","1040303","1050219"
"240","24875333","阿里八八有限公司","嘉義縣阿里山鄉山美村山美1之2號1樓","","1000000","1040309","1050219"
"241","24880737","振瑋國際興業有限公司","桃園市平鎮區新英里新富街86號1樓","","500000","1040325","1050215"
"242","24882587","幸運草有限公司","嘉義市東區安寮里吳鳳南路487-1號1樓","","1000000","1040330","1050226"
"243","24885156","曜鵬科技股份有限公司","","","0","1040407","1050215"
"244","24885249","弘豐有限公司","新竹市東區關東里光復路一段40號","","1000000","1040407","1050216"
"245","24887540","大頡實業有限公司","南投縣南投市營北里向上路166號1樓","","2000000","1040415","1050216"
"246","24893058","樂安有限公司","彰化縣彰化市和調里建國南路109巷107弄7-3號1樓","","500000","1040430","1050219"
"247","24897771","十二籃國際企業有限公司","新竹縣竹北市東平里六家一路一段140號10樓之1","","320000","1040514","1050216"
"248","24901085","台灣安清有限公司","臺南市學甲區新榮里建國東路50巷17號","","80000","1040428","1050205"
"249","24902134","采漾有限公司","臺南市中西區青年里民權路一段279號1樓","","500000","1040515","1050218"
"250","24913786","簞食瓢飲有限公司","臺南市柳營區大農里工一路７號","","250000","1041105","1050120"
"251","24928628","台北聚原有限公司","臺北市松山區復興北路367號8樓","","200000","1040119","1050218"
"252","24931588","松榕有限公司","臺北市信義區基隆路1段155號5樓之9","","6000000","1040126","1050225"
"253","24931665","穰恩國際有限公司","臺北市大安區忠孝東路3段305號6樓之1","","100000","1040126","1050204"
"254","24934810","松岩餐飲有限公司","臺北市萬華區昆明街92之1號3樓","","300000","1040204","1050204"
"255","24937470","騰璦妮國際事業股份有限公司","臺北市松山區八德路4段795號8樓","","1000000","1040211","1050216"
"256","24938668","領冠資訊股份有限公司","臺北市大安區復興南路2段237號13樓","","200000","1040213","1050219"
"257","24939147","皇岑實業有限公司","臺北市大安區和平東路3段63號8樓","","1000000","1040216","1050216"
"258","24939646","福協國際有限公司","臺北市內湖區行善路48巷18號6樓之2","","7500000","1040217","1050225"
"259","24940545","原町餐飲股份有限公司","臺北市信義區中坡南路203號","","3000000","1040225","1050225"
"260","24941930","宸翰有限公司","臺北市信義區基隆路2段22號6樓之6","","500000","1040304","1050225"
"261","24944021","多寶實業有限公司","臺北市松山區八德路3段155巷26弄12號5樓","","100000","1040312","1050219"
"262","24944280","富虹光有限公司","臺北市中正區中華路2段75巷42號1樓","","500000","1040312","1050218"
"263","24946111","菲朵莎股份有限公司","臺北市中山區建國北路2段260號3樓","","550000","1040317","1050226"
"264","24946294","忠信貿易有限公司","臺北市信義區基隆路1段155號7樓","","5000000","1040318","1050223"
"265","24949139","臺梵生技有限公司","臺北市中正區許昌街42之1號10樓","","2000000","1040325","1050222"
"266","24949320","翔翡國際有限公司","臺北市文山區景興路195號7樓之11","","1200000","1040326","1050217"
"267","24950536","泰旺國際地產有限公司","臺北市大安區敦化南路2段182號17樓","","5000000","1040330","1050223"
"268","24954195","美魔舞精靈國際有限公司","臺北市大同區民權西路216號8樓之1","","500000","1040410","1050223"
"269","24954527","八斗米科技有限公司","臺北市松山區敦化北路170號3樓","","250000","1040413","1050223"
"270","24955053","越前屋有限公司","臺北市文山區木新路2段188、188號2樓","","500000","1040414","1050216"
"271","24955315","沛捷廣告行銷有限公司","臺北市內湖區文德路210巷30弄6號","","580000","1040414","1050216"
"272","24955461","沁陞有限公司","臺北市大同區承德路1段8號12樓","","1000000","1040414","1050218"
"273","24957030","敏庭國際有限公司","臺北市大安區辛亥路2段159號11樓","","1000000","1040417","1050226"
"274","24959163","忠鼎生技有限公司","臺北市中正區八德路1段46號9樓","","1000000","1040423","1050224"
"275","24968120","布朗奇餐飲有限公司","臺北市內湖區瑞光路358巷38弄34號","","5000000","1040519","1050202"
"276","24968212","快捷租屋有限公司","臺北市中山區南京東路2段95號11樓","","200000","1040518","1050204"
"277","24968803","錟沐企業有限公司","臺北市大安區安和路1段21巷15號1樓","","1500000","1040519","1050219"
"278","24971238","金頂電池股份有限公司","臺北市信義區信義路5段106號7樓","","250000","1040527","1050224"
"279","24974919","捷西利有限公司","臺北市中山區新生北路3段61號4樓之1","","300000","1040605","1050203"
"280","24977227","孟騰管理顧問有限公司","臺北市中正區忠孝西路1段7號5樓之1","","500000","1040612","1050224"
"281","24977232","豐翊國際有限公司","臺北市大同區南京西路327號6樓","","500000","1040612","1050225"
"282","24980291","采霖有限公司","高雄市鳥松區美山路70巷12之27號3樓","","100000","1040430","1050215"
"283","24981453","承潢工程有限公司","高雄市前鎮區瑞愛街31號","","500000","1040507","1050129"
"284","24982143","威傑有限公司","高雄市苓雅區行信路2之2號","","500000","1040512","1050218"
"285","24984563","合鈞欣業有限公司","高雄市鳳山區中山東路356巷2號","","38000","1040602","1050225"
"286","24984661","東彤企業有限公司","高雄市仁武區仁雄路97之3號","","1000000","1040602","1050215"
"287","24989357","鴻盛育樂開發有限公司","高雄市楠梓區德賢路267巷14號6樓","","1000000","1040706","1050201"
"288","24994632","伊豆生醫股份有限公司","高雄市苓雅區武漢街119之7號2樓","","4300000","1040813","1050225"
"289","24995581","修園室內裝潢工程有限公司","高雄市前金區大同二路133之21號","","200000","1040821","1050218"
"290","24995793","羽臣有限公司","高雄市三民區大豐一路300號1樓","","100000","1040825","1050216"
"291","24995920","麵屋祥企業有限公司","高雄市鼓山區大順一路459號","","500000","1040825","1050215"
"292","25003320","航順水產企業有限公司","新北市中和區建康路73號7樓","","6000000","0980729","1050226"
"293","25007655","暘鋼金屬有限公司","臺中市大雅區四德里學府路101巷10號1樓","","5000000","0980804","1050203"
"294","25014298","得富紡織有限公司","桃園市大園區五權里下埔29-52號","","2000000","0980817","1050223"
"295","25020741","立鈁金屬股份有限公司","臺中市西區民龍里模範街31巷9之2號2樓","","10000000","0980826","1050202"
"296","25026837","謹鴻工程有限公司","桃園市八德區瑞祥里興豐路836巷1弄11號1樓","","2000000","0980907","1050223"
"297","25027913","戴金燕國際企業有限公司","新竹市香山區埔前里牛埔北路77巷33弄18號","","1000000","0980908","1050201"
"298","25029166","川匯科技有限公司","高雄市梓官區赤崁里赤崁北路131之3號","","3000000","0980909","1050129"
"299","25036498","圓珠創意有限公司","新北市永和區竹林里28鄰竹林路179巷12號3樓","","500000","0980923","1050225"
"300","25042739","好家庭不動產有限公司","臺中市南屯區文山里文山九街72號2樓","","1300000","0981002","1050218"
"301","25050168","康傑國際貿易有限公司","臺南市中西區西門路一段703巷13號3樓之1","","2000000","0981014","1050218"
"302","25051201","泓宇科技有限公司","新北市三芝區楓林一街10號 ","","1250000","0981015","1050219"
"303","25051743","昱呈設計有限公司","桃園市蘆竹區南興里南福街27之1號12樓","","1000000","0981016","1050215"
"304","25058680","楚鼎國際教育文化事業有限公司","臺南市東區東門路1段354號8樓","","5000000","0981028","1050219"
"305","25059111","武德實業有限公司","臺北市中山區民族東路256號","","10000000","0981028","1050225"
"306","25065541","久安投資有限公司","新竹縣竹北市隘口里隘口28之7號1樓","","1000000","0981109","1050223"
"307","25074963","恒昇資訊股份有限公司","臺中市西屯區西屯路2段256巷6號17樓之8","","6500000","0981125","1050224"
"308","25091631","久安開發不動產有限公司","新竹縣竹北市嘉興路298之1號1樓","","1000000","0981218","1050222"
"309","25095257","南州科技有限公司","新北市板橋區中正路325巷3弄7號(1樓)","","10000000","0981224","1050226"
"310","25113712","玖欣不動產有限公司","新北市三重區三和路4段103號11樓","","5000000","0990324","1050224"
"311","25124443","福田真珠有限公司","新北市新莊區公園路84號","","10000000","0990428","1050226"
"312","25126054","尼比寵物有限公司","臺北市松山區敦化北路222巷26號","","300000","0990503","1050224"
"313","25147543","騰祥國際企業有限公司","新北市新莊區中華路2段171號10樓","","1000000","0990719","1050222"
"314","25149681","利陽鋼業有限公司","臺北市信義區光復南路561號8樓","","250000","0990727","1050205"
"315","25150151","八叔環保有限公司","新北市樹林區西圳街1段90號3樓","","200000","0981231","1050201"
"316","25152117","晴億實業有限公司","臺北市中正區中華路1段25號6樓之6","","1000000","0990106","1050215"
"317","25155472","邏思音樂分析有限公司","臺中市北屯區水湳里文心路四段81號9樓之1","","5000","0990113","1050203"
"318","25161354","保成工業有限公司","新竹縣竹東鎮員山里下員山路70號1樓","","1000000","0990125","1050216"
"319","25173204","品浚企業有限公司","基隆市仁愛區愛三路87號4樓之10","","200000","0990226","1050222"
"320","25180486","錦秀軒國際事業有限公司","臺中市西屯區漢成五街9-17號","","1000000","0990316","1050215"
"321","25185383","京傳不動產經紀有限公司","臺中市大里區永隆里國光路二段359號1樓","","750000","0990324","1050201"
"322","27214429","明展五金實業有限公司","高雄市小港區鳳宮里九鄰大業北路28號1樓","","1500000","0931228","1050224"
"323","27217811","日發物流有限公司","高雄市苓雅區復興2路57之1號1樓","","3000000","0940204","1050130"
"324","27269710","德陞有限公司","新北市中和區中正路９０９號７樓","","5000000","0930420","1050202"
"325","27292347","奕通國際貿易有限公司","桃園市平鎮區新榮里崇德街91號2樓","","20000000","0930517","1050223"
"326","27293556","頡松有限公司","臺中市西屯區四川路一二○巷廿八號","","500000","0930518","1050218"
"327","27317620","萬長順股份有限公司","","","0","0930510","1050201"
"328","27334347","大彩星國際有限公司","臺北市中山區林森北路520號6樓","","500000","0930625","1050223"
"329","27354645","山弘造紙股份有限公司","臺北市中山區龍江路149巷26號1樓","","12000000","0930820","1050202"
"330","27360196","摩根室內裝修事業有限公司","臺北市松山區復興北路313巷16號","","7000000","0930909","1050203"
"331","27370912","一級棒數位文化股份有限公司","新北市板橋區中山路2段443巷53號","","6000000","0930609","1050218"
"332","27411505","弘安工程有限公司","新北市蘆洲區中正路243巷7弄4號","","5000000","0930729","1050222"
"333","27414995","弘鼎地產股份有限公司","桃園市中壢區溪洲街189號1樓","","1000000","0930804","1050218"
"334","27424001","旺倉國際有限公司","新北市三重區重新路五段六○九巷十八號六樓之二","","5000000","0930816","1050226"
"335","27475113","勞務師股份有限公司","新北市板橋區莒光路47之3號","","2000000","0931025","1050215"
"336","27508748","逸家工程有限公司","新竹市北區民富里西大路五九九巷一弄二七號","","6000000","0931208","1050202"
"337","27531157","漢驊創業投資股份有限公司","臺北市信義區基隆路1段333號32樓","","57456000","0931110","1050215"
"338","27537167","霓燕生技化粧品股份有限公司","臺北市中山區吉林路343巷15號1樓","","3000000","0931126","1050204"
"339","27539637","順翌興業股份有限公司","臺北市大安區信義路3段186號5樓","","2500000","0931203","1050222"
"340","27541710","盈汛科技股份有限公司","臺北市內湖區民權東路6段160號13樓之2","","186000000","0931210","1050226"
"341","27556683","浮遊設計有限公司","臺北市大同區承德路3段208巷6號11樓之3","","2500000","0940125","1050226"
"342","27557260","宸齊不動產股份有限公司","臺北市萬華區萬大路63之1號","","1000000","0940127","1050225"
"343","27559210","日越科技有限公司","臺北市中山區新生北路2段31-1號11樓","","1000000","0940202","1050225"
"344","27575632","愛慕得有限公司","臺北市中山區中山北路3段56號1樓","","500000","0940329","1050215"
"345","27577998","捷希資訊顧問股份有限公司","新北市中和區佳和里中山路2段64巷12弄3之2號","","15000000","0940404","1050226"
"346","27657113","星三合股份有限公司","臺中市豐原區中正路78巷2-1號","","25000000","0940401","1050219"
"347","27663229","造福勞基顧問有限公司","苗栗縣竹南鎮正南里15鄰福德路9號","","2100000","0940408","1050204"
"348","27666767","金嬴企業有限公司","臺中市烏日區螺潭里溪南路二段388巷86號","","1000000","0940413","1050225"
"349","27687453","奈是達國際事業股份有限公司","高雄市前金區中華3路73之5號","","1000000","0940802","1050223"
"350","27711926","美延茶業有限公司","高雄市新興區七賢二路21號11樓之8","","1000000","0950426","1050219"
"351","27728877","凱稜實業有限公司","新北市板橋區莊敬路217號5樓","","1000000","0940520","1050201"
"352","27737637","統一休閒開發股份有限公司","臺北市中正區牯嶺街76號9樓","","3000000","0940615","1050225"
"353","27744659","金啟富實業有限公司","臺北市中正區銅山街37號1樓","","3000000","0940704","1050215"
"354","27746544","芯義棠企業有限公司","臺北市中山區長安東路2段246號9樓之1","","6000000","0940708","1050216"
"355","27765372","振瀚國際企業有限公司","臺北市大安區復興南路2段291號9樓之3","","1000000","0940902","1050222"
"356","27783786","宏立祺資訊股份有限公司","臺中市西區五權五街151號4樓之3","","1000000","0940509","1050226"
"357","27830872","冠亨科技企業有限公司","臺南市新營區新東里東智街12號1樓","","3000000","0940629","1050219"
"358","27843460","煒泓科技有限公司","臺南市安平區平通里國平路595號1樓","","5000000","0940713","1050202"
"359","27850996","辰均傢俱有限公司","新北市新店區安康路２段２０號１樓","","1000000","0940725","1050226"
"360","27875552","欣逸通信有限公司","苗栗縣苗栗市中苗里5鄰中正路529號","","1000000","0940822","1050225"
"361","27877910","暐鉅科技股份有限公司","臺北市南港區三重路19號2樓","","4000000","0940825","1050223"
"362","27880730","宇勝投資有限公司","新北市新莊區中華路2段202號","","120384","0940829","1050224"
"363","27901931","金永益企業有限公司","臺中市北屯區文心路４段８３號８樓之２","","500000","0940926","1050226"
"364","27969663","三草堂數位多媒體有限公司","臺北市中山區中山北路2段96號5樓","","500000","0941114","1050219"
"365","27992658","東方夢電腦動畫股份有限公司","臺北市南港區忠孝東路6段21號9樓","","1000000","0950123","1050222"
"366","28003767","曜中股份有限公司","臺北市松山區南京東路5段202號9樓之5","","5000000","0950310","1050217"
"367","28008778","友齊實業有限公司","臺北市大安區忠孝東路4段76號10樓之6","","500000","0950324","1050217"
"368","28012978","鑫燿國際股份有限公司","基隆市暖暖區八堵路20巷11號2樓","","1000000","0941020","1050216"
"369","28049709","銓宥實業有限公司","臺北市文山區興隆路3段192巷8弄52號","","1000000","0941208","1050226"
"370","28060197","美日康生物科技有限公司","臺南市南區喜東里明興路655巷7號1樓","","600000","0941221","1050202"
"371","28075327","興富塑膠企業有限公司","桃園市桃園區中原里泰昌一街70號7樓","","1000000","0950111","1050219"
"372","28077198","鐳拓科技有限公司","桃園市桃園區天祥七街74號5樓","","1000000","0950116","1050217"
"373","28081279","順波科技有限公司","新北市土城區中正路1號7樓","","5000000","0950119","1050225"
"374","28112527","傳芯科技股份有限公司","新竹縣寶山鄉創新一路19-1號5樓","","400000000","0960929","1050219"
"375","28113820","漢磊半導體晶圓股份有限公司","新竹縣寶山鄉創新一路3號","黃民奇","800500000","1031121","1050219"
"376","28114010","十方智能有限公司","新竹市力行一路1號A12-9","李慧平","5000000","1040618","1050223"
"377","28121075","陽錩綜合零件有限公司","宜蘭縣宜蘭市農權路三段177號","","2700000","0950314","1050217"
"378","28134374","惠千康實業有限公司","新北市新店區中正路５４巷３２號１樓","","5000000","0950329","1050224"
"379","28150177","大灣生技有限公司","臺南市永康區復國路88號","","500000","0950414","1050216"
"380","28160920","暘訊科技有限公司","臺北市中正區羅斯福路3段216號2樓之1","","1500000","0950427","1050222"
"381","28168795","誠意堂廣告有限公司","新北市三重區龍濱路219巷17號","","500000","0950508","1050219"
"382","28192330","元森室內裝修有限公司","新北市汐止區新台五路1段234號9樓之2","","2000000","0950612","1050219"
"383","28196146","楷達國際有限公司","臺北市松山區南京東路5段50號10樓之2","","5000000","0950623","1050225"
"384","28203126","富立葉股份有限公司","臺北市松山區民生東路5段168號","","20000000","0950717","1050215"
"385","28281023","青翔有限公司","高雄市三民區光富路47巷2號","","5000000","0950508","1050205"
"386","28293962","滿益不動產有限公司","高雄市楠梓區土庫1路2號","","500000","0951013","1050203"
"387","28302723","優緯有限公司","高雄市小港區桂華街328號1樓","","1000000","0960207","1050204"
"388","28303103","阡騰企業有限公司","高雄市左營區博愛三路8號23樓之1","","10000000","0960209","1050201"
"389","28308640","亞欣國際實業有限公司","高雄市三民區民族1路340號","","3000000","0960501","1050223"
"390","28309438","鴻遠國際水產有限公司","高雄市苓雅區三多四路110號7樓之1","","9000000","0960510","1050216"
"391","28333176","沅霆科技有限公司","苗栗縣苗栗市福星里中華路212巷13號1樓","","500000","0950609","1050226"
"392","28333351","羅山健康事業股份有限公司","桃園市桃園區中正路985號3樓","","5000000","0950609","1050130"
"393","28357753","有樂家有限公司","臺北市士林區永平街80巷22號1樓","","1000000","0950712","1050218"
"394","28384267","景福國際實業有限公司","新北市泰山區泰林路2段116巷1弄7號","","1000000","0950821","1050215"
"395","28397729","陽嘉建設股份有限公司","新北市新莊區新泰路421之1號","","3500000","0950908","1050222"
"396","28448966","京龍國際能源股份有限公司","臺北市中山區新生北路3段19巷17號","","30000000","0951117","1050219"
"397","28483013","特埔有限公司","臺北市內湖區康樂街186巷27號地下","","2000000","0960330","1050219"
"398","28506901","福皇鑫有限公司","新北市板橋區金門街372巷20號","","500000","0951026","1050203"
"399","28513184","民鑫工程有限公司","高雄市鳥松區仁美里美山路263巷7之6號1樓","","3000000","0951103","1050201"
"400","28522141","長豐開發建設有限公司","桃園市桃園區中正路1071號8樓之8","","10000000","0951117","1050204"
"401","28530445","富怡科技有限公司","新北市中和區景平路6號1樓","","1000000","0951130","1050223"
"402","28542890","大山雞場股份有限公司","臺南市歸仁區大廟里大廟一街29巷18號","","70000000","0951219","1050222"
"403","28587713","茂熔國際煙草有限公司","桃園市桃園區長安里愛六街39號1樓","","1000000","0960305","1050218"
"404","28595777","庫塔國際貿易有限公司","高雄市前金區自強1路46號6樓之1","","1000000","0960803","1050205"
"405","28598275","愛迪而開發有限公司","高雄市新興區南台路1號3樓","","2000000","0960911","1050218"
"406","28599915","竑億興業有限公司","高雄市三民區民族1路628巷5號","","2000000","0961009","1050125"
"407","28622922","弘軒文化事業有限公司","新北市土城區明德路1段234巷2號4樓","","500000","0960315","1050223"
"408","28659498","雄翎科技有限公司","高雄市三民區復興一路176號7樓之5","","3000000","0960507","1050203"
"409","28681365","宏圖興業有限公司","臺北市士林區重慶北路4段79號7樓之9","","1000000","0960531","1050223"
"410","28684341","元惇有限公司","臺北市中山區林森北路609號10樓","","500000","0960612","1050218"
"411","28696070","元豐醫療器材有限公司","臺北市中山區敬業一路162號6樓","","500000","0960724","1050202"
"412","28708955","寶發資訊有限公司","臺北市松山區民族東路676號1樓","","500000","0960912","1050224"
"413","28709363","復盛機電工程有限公司","臺北市中山區德惠街34號10樓之1","","12000000","0960913","1050224"
"414","28711142","異晟工程股份有限公司","臺北市北投區知行路311號","","5000000","0960926","1050202"
"415","28719405","旅途線上有限公司","臺北市中山區中山北路1段140巷19號2樓","","500000","0961024","1050217"
"416","28722400","晉材國際企業有限公司","臺北市信義區基隆路1段155號7樓","","5000000","0960525","1050219"
"417","28730350","瑞燕機械有限公司","臺東縣卑南鄉明峰村14鄰忠孝路168號1樓","","650000","0960606","1050203"
"418","28736869","琿鍚科技股份有限公司","桃園市龜山區南上路520巷6弄28號2樓","","12000000","0960615","1050201"
"419","28746135","日祐國際有限公司","臺中市北區賴厝里東漢街7號1樓","","1000000","0960629","1050226"
"420","28757131","証泰保險經紀人有限公司","新北市板橋區大智街25巷11之3號","","3000000","0960717","1050204"
"421","28759567","綺威有限公司","嘉義市東區大雅路1段858巷7-5號","","2000000","0960719","1050217"
"422","28759601","富歐娜國際企業有限公司","彰化縣員林市三和里明德街28號","","2000000","0960719","1050222"
"423","28760699","鈦星科技股份有限公司","新竹縣竹北市嘉豐十一路1段100號10樓之5","","3000000","0960720","1050216"
"424","28775779","和多股份有限公司","新竹縣竹北市鹿場里自強六街6號10樓之3","","1000000","0960813","1050224"
"425","28787156","鑫保貿易有限公司","新北市中和區中正路909號7樓","","5000000","0960831","1050202"
"426","28787888","度形室內設計有限公司","臺中市北區文心路四段182號17樓之2","","1000000","0960903","1050202"
"427","28790981","宇惠國際有限公司","新北市板橋區忠孝路忠義巷3弄47號","","5000000","0960907","1050219"
"428","28798267","展晨服飾有限公司","新北市板橋區懷德街139巷20弄3號","","1000000","0960921","1050224"
"429","28801642","彩華有限公司","臺南市安南區溪心里功安四街37號1樓","","500000","0960929","1050224"
"430","28828939","豪運物流有限公司","臺北市中山區松江路220號4樓","","1000000","0961130","1050202"
"431","28831081","朋郡有限公司","臺北市萬華區環河南路2段48巷2號3樓","","1000000","0961207","1050202"
"432","28834263","比奇實業有限公司","新北市新店區北新路1段89號6樓之1","","1000000","0961220","1050202"
"433","28846676","逸顏堂國際事業有限公司","臺北市中正區重慶南路1段88號3樓","","500000","0970220","1050218"
"434","28858686","創識能國際股份有限公司","臺北市中山區松江路158號10樓","","2000000","0970408","1050225"
"435","28861042","朗思國際有限公司","新北市板橋區文化路2段385號10樓","","600000","0970416","1050219"
"436","28870627","好事發生有限公司","新北市三重區成功路165號1樓","","2000000","0961101","1050224"
"437","28881531","明日之星國際藝術推廣有限公司","基隆市七堵區明德一路155之2號3樓","","3660000","0961120","1050217"
"438","28884919","祥澐工程有限公司","嘉義縣六腳鄉正義村大橋頭192號","","5000000","0961126","1050201"
"439","28903113","順禹科技股份有限公司","新竹縣新埔鎮四座里仁屋一街68號1樓","","1000000","0961225","1050226"
"440","28917876","展承實業有限公司","臺中市東區樂成里東英二街30巷8弄3號1樓","","3000000","0970122","1050215"
"441","28926707","農田發展股份有限公司","臺南市北區成德里西門路四段171巷20弄17號","","1000000","0970212","1050201"
"442","28934761","國承電腦有限公司","新竹縣竹北市竹北里中山路181號1樓","","500000","0970229","1050217"
"443","28943972","瑞影科技有限公司","臺中市北屯區熱河路3段66號2樓","","500000","0970317","1050202"
"444","29000459","亞洲富誠資產管理有限公司","高雄市左營區大順1路548號1、2樓","","1000000","0970724","1050202"
"445","29003499","永豐富有限公司","嘉義縣太保市麻寮里中山路二段46之6號","","1000000","0970915","1050204"
"446","29026583","升豪實業有限公司","高雄市左營區重信路415號4樓","","5000000","0980828","1050215"
"447","29028061","力鵬建設股份有限公司","高雄市楠梓區大學32街369巷7號1樓","","2000000","0980917","1050219"
"448","29029060","錫寶國際有限公司","高雄市仁武區澄合街468號","","1000000","0981001","1050225"
"449","29030067","翔韻開發服飾有限公司","高雄市三民區天津街142號1樓","","2770000","0981015","1050215"
"450","29042079","貝拉頌有限公司","新北市中和區宜安路52巷7號1樓","","250000","0970703","1050219"
"451","29064143","裕翔科技有限公司","臺北市內湖區江南街96巷7號2樓","","2000000","0971006","1050203"
"452","29071117","普羅創意股份有限公司","新北市新店區北新路3段213號8樓","","1000000","0980619","1050226"
"453","29072707","拓樸創意行銷股份有限公司","臺北市中正區中華路1段25之3號5樓","","1000000","0980626","1050217"
"454","29077935","羽宸廣告有限公司","臺北市松山區南京東路3段248號11樓之2","","2200000","0980715","1050215"
"455","29080116","宏捷國際興業股份有限公司","新北市永和區中和路345號14樓之2","","6000000","0980724","1050204"
"456","29094717","力沛企業有限公司","臺中市西屯區光明路169號1樓","","500000","0970516","1050130"
"457","29098410","得賢先進材料有限公司","高雄市鳳山區五福一路2號1樓","","2000000","0970522","1050203"
"458","29100577","大統瓦斯有限公司","臺南市新市區潭頂里潭頂50號","","500000","0970526","1050216"
"459","29110189","易蒙有限公司","臺北市中山區合江街100巷27號1樓","","2000000","0970611","1050224"
"460","29111785","關展貿易有限公司","臺中市北區明德里太原南二街32-4號","","3000000","0970613","1050216"
"461","29126112","亞可曼股份有限公司","臺南市安平區平通里國平路419號1樓","","3000000","0970708","1050222"
"462","29130782","振洋清潔有限公司","新北市淡水區新春街65巷20號15樓","","300000","0990105","1050204"
"463","29131570","大三通國際通訊有限公司","新北市板橋區館前東路156巷2號4樓","","1000000","0990111","1050222"
"464","29133541","富涵實業有限公司","新北市汐止區鄉長路1段33號13樓之5","","200000","0990120","1050217"
"465","29138829","圓海國際有限公司","新北市新莊區立信三街12巷3號2樓","","500000","0990225","1050224"
"466","29160125","鋒凌企業有限公司","新北市汐止區汐萬路1段343巷13弄5號(1樓)","","1000000","0990603","1050223"
"467","29163122","廷翊企業有限公司","新北市板橋區三民路2段110之1號3樓","","250000","0990617","1050226"
"468","29168415","中潤彩色印刷有限公司","新北市中和區立德街7巷11號（1樓）","","2000000","0990708","1050224"
"469","29174036","立鎧五金有限公司","新北市中和區員山路546號(1樓)","","2000000","0990803","1050201"
"470","29174839","萬達隆股份有限公司","新北市三重區永安北路2段13巷17號1樓","","2000000","0990806","1050202"
"471","29175008","樂華不動產仲介經紀有限公司","新北市永和區中山路1段159號1,2樓","","1500000","0990809","1050216"
"472","29179927","永文建材有限公司","新北市土城區中華路2段89巷9弄5號","","200000","0990902","1050204"
"473","30961341","古翔晨有限公司","臺北市大安區仁愛路3段24巷1弄4之1號","","5200000","0701127","1050202"
"474","33744896","順隆鋁材有限公司","新北市三重區正義北路二六六號","","6000000","0630118","1050224"
"475","33824477","明昌育樂有限公司","新北市新店區北新路1段45巷2號","","3000000","0660428","1050216"
"476","33901488","裕嵐製版有限公司","新北市樹林區三龍街94巷13號","","5000000","0630716","1050205"
"477","34101415","同順有限公司","新北市板橋區中正路一三五巷一二弄一九號之一（二樓）","","5000000","0650513","1050219"
"478","34207418","明志陶瓷有限公司","新北市鶯歌區中正三路309巷18號","","800000","0670505","1050224"
"479","34316416","裕彬水電工程有限公司","新北市永和區秀朗里永利路171號1樓","","10000000","0681115","1050224"
"480","34382935","九群企業有限公司","新北市中和區興南路2段128巷26號1樓","","5000000","0710804","1050201"
"481","34720112","誠宇興業有限公司","新北市中和區景新街二七四巷七號一樓","","1000000","0731107","1050226"
"482","35019602","大協化工廠有限公司","新北市三重區中正北路３９３巷５號","","1000000","0550304","1050217"
"483","35872038","寶島瓶蓋有限公司","新北市蘆洲區信義路１５７巷１５號１樓","","1000000","0661011","1050218"
"484","35960095","名翔金屬實業有限公司","新北市三重區碧華街318號7樓","","3000000","0680523","1050224"
"485","36113393","創異鞋業股份有限公司","新北市五股區中興路一段四六巷二五號","","10000000","0710706","1050224"
"486","36279491","晴達實業有限公司","新北市新莊區裕民街19巷24號","","4000000","0731106","1050226"
"487","42560525","玟妃柔國際貿易有限公司","桃園市大溪區仁武里仁善一街125號1樓","","500000","1040518","1050217"
"488","42561783","佰潤國際有限公司","桃園市蘆竹區南崁里經國路896號9樓","","500000","1040520","1050217"
"489","42563494","百翊青果有限公司","桃園市八德區大信里介壽路二段685巷50弄38衖38號2樓","","2000000","1040525","1050225"
"490","42565423","威爾斯國際地產有限公司","桃園市中壢區青埔里領航南路四段188號1樓","","3000000","1040603","1050225"
"491","42570122","鮮極日本料理有限公司","新竹市東區關新里關新北路171號1樓","","500000","1040616","1050130"
"492","42570869","兆鑫有限公司","南投縣草屯鎮中正里和平街22號1樓","","1000000","1040617","1050215"
"493","42571662","鑫永昌國際貿易有限公司","南投縣南投市福興里彰南路三段983巷14號1樓","","500000","1040622","1050215"
"494","42573401","臨界點視覺傳達設計有限公司","桃園市桃園區龍岡里文中路509號4樓","","1251000","1040625","1050204"
"495","42575739","康境企業有限公司","彰化縣和美鎮彰草路二段122-2號1樓","","2000000","1040702","1050216"
"496","42577130","豐稔照明有限公司","基隆市中正區真砂里豐稔街121號2樓","","500000","1040707","1050216"
"497","42580584","沁泰科技有限公司","新竹縣竹北市興安里縣政二路488號6樓","","1000000","1040717","1050222"
"498","42581943","瑞聰貿易有限公司","嘉義市西區港坪里永樂五街26號5樓","","200000","1040722","1050225"
"499","42591604","捷陽綠能科技股份有限公司","宜蘭縣員山鄉湖西村隘界一路51號1樓","","5000000","1040820","1050204"
"500","42591864","信達精密科技股份有限公司","新竹市光復路一段89巷145號2樓","","3000000","1040821","1050224"
"501","42595019","正合有限公司","新竹市北區北大路239巷1號5樓","","3290000","1040901","1050226"
"502","42596973","黃黑紅有限公司","南投縣集集鎮和平里集集街184號","","1000000","1040908","1050215"
"503","42598022","祥汛有限公司","桃園市中壢區華勛里華勛街297巷17號5樓","","1600000","1040911","1050215"
"504","42601188","莞茵有限公司","桃園市觀音區樹林里成功路一段727號1．2樓","","100000","1040922","1050204"
"505","42603186","詚希有限公司","桃園市大溪區一心里慈湖路131．133號2樓","","100000","1041001","1050215"
"506","42608773","龍創水電有限公司","桃園市桃園區龍鳳里龍安街67號5樓","","1000000","1041020","1050224"
"507","42611904","博昇造型有限公司","臺北市大安區安和路1段21巷14號1樓","","500000","1040622","1050218"
"508","42614584","七勇士企業有限公司","臺北市士林區中山北路5段505巷20號","","850000","1040629","1050215"
"509","42616056","信源股份有限公司","臺北市大安區忠孝東路4段107號12樓之6","","500000","1040702","1050222"
"510","42617386","矽凌科技有限公司","臺北市大安區忠孝東路4段270號7樓之1","","500000","1040706","1050215"
"511","42618863","擎輝國際有限公司","臺北市中正區中華路2段315巷4弄3號2樓之6","","500000","1040709","1050215"
"512","42622249","好家菜股份有限公司","臺北市大安區嘉興街363巷15之1號","","1500000","1040720","1050201"
"513","42623731","邦林有限公司","臺北市內湖區文湖街21巷86號2樓","","300000","1040723","1050225"
"514","42625148","承浩生醫有限公司","臺北市中山區南京東路1段34號7樓","","1000000","1040728","1050223"
"515","42627666","光傣餐飲股份有限公司","臺北市大安區安和路1段141巷3號1樓","","8000000","1040804","1050226"
"516","42631296","上朋國際股份有限公司","臺北市中山區樂群二路55號地下1樓","","60000000","1040813","1050225"
"517","42636975","喚得國際數位股份有限公司","臺北市信義區松仁路178號2樓","","3000000","1040831","1050203"
"518","42637030","極力海倫旅行社有限公司","臺北市中山區南京東路2段66號11樓之1","","7000000","1040831","1050225"
"519","42637073","個人喜好咖啡館有限公司","臺北市北投區實踐街82巷6號","","1000000","1040831","1050204"
"520","42638024","凱渤國際有限公司","臺北市中山區南京東路2段137號7樓","","1000000","1040902","1050222"
"521","42638312","萬安不動產有限公司","臺北市大同區民族西路154號","","500000","1040903","1050201"
"522","42638973","台灣鴻龍綠金生技有限公司","臺北市士林區延平北路6段116巷39弄29號2樓","","1000000","1040907","1050223"
"523","42642625","成鴻國際管理顧問有限公司","臺北市中山區吉林路369號2樓之22","","500000","1040917","1050224"
"524","42651623","同隆股份有限公司","臺北市大安區信義路4段1號4樓之7","","2500000","1041015","1050202"
"525","42656036","駿騰創意整合行銷有限公司","臺北市士林區重慶北路4段253號4樓","","1000000","1041026","1050215"
"526","42662179","翔銳資訊科技有限公司","臺中市南屯區田心里大墩四街321號地下1層","","5000000","1040907","1050225"
"527","42665437","楷智有限公司","臺中市西屯區西屯路二段256巷6號18樓之1","","5000000","1040924","1050216"
"528","42665696","寶輝實業有限公司","臺中市南屯區大同里向上南路一段163號5樓之17","","1000000","1040925","1050217"
"529","42668552","財富時代行銷有限公司","臺中市西區公益里忠明南路237號9樓之4","","206000","1041015","1050204"
"530","42670797","曜緯不動產經紀有限公司","臺中市南屯區文心里大墩路311號1樓","","200000","1041026","1050222"
"531","42672937","俠道股份有限公司","臺中市中區大誠里公園路105號2樓","","1000000","1041105","1050226"
"532","42673128","展佑國際事業股份有限公司","臺中市南屯區南屯里五權西路二段666號12樓之4","","20000000","1041105","1050201"
"533","42689613","上炎有限公司","臺中市神岡區圳堵里和睦路一段99巷16號1樓","","500000","1050127","1050225"
"534","42703621","浩瀚國際文教有限公司","新北市汐止區忠三街118巷43號(1樓)","","500000","1050113","1050222"
"535","42705233","嘉哲水產有限公司","新北市土城區永豐路255巷25弄14號(1樓)","","500000","1050120","1050222"
"536","42705959","丞合紙管有限公司","新北市鶯歌區朝陽街16號","","200000","1050122","1050223"
"537","42745973","丹諦斯股份有限公司","桃園市桃園區信一街1號1樓","","1000000","1041110","1050204"
"538","42760122","三度文創國際有限公司","宜蘭縣五結鄉福興村五結路三段508巷12弄8號","","1000000","1041224","1050218"
"539","42796938","城鼎建設股份有限公司","高雄市左營區立大路32號","","10000000","1050113","1050202"
"540","42797388","郝亮有限公司","高雄市鳳山區鳳甲路133號1樓","","200000","1050118","1050223"
"541","43742480","名得企業有限公司","桃園市大溪區一心里康莊路199之1號","","1000000","0650511","1050216"
"542","43866025","中筌汽車有限公司","桃園市大園區菓林里崁下45-11號1樓","","2000000","0701001","1050224"
"543","47323488","逢威企業有限公司","新竹市福林里成功路七三號","","1000000","0740617","1050226"
"544","52586263","首門廣告有限公司","臺中市北區太原路一段532號11樓之1","","3000000","0690707","1050205"
"545","52656274","彩雲彩色冲印股份有限公司","臺中市北區明新里太原北路174號","","19800000","0701130","1050225"
"546","52932172","邦農企業有限公司","臺中市北區賴村里五常街232號1樓","","2000000","0740319","1050223"
"547","53034280","騏鼎新開發有限公司","臺南市東山區東中里青葉路一段182號1樓 ","","3000000","0990429","1050222"
"548","53041304","崑志有限公司","臺中市神岡區社口里社口街235號1樓","","500000","0990513","1050224"
"549","53044604","經典時尚有限公司","臺中市西屯區何南里精明二街43號1樓","","700000","0990519","1050225"
"550","53054172","富臨生活家有限公司","臺中市北屯區仁愛里水湳路121之14號","","1000000","0990607","1050225"
"551","53057585","宏鈺建設有限公司","桃園市蘆竹區上竹里大竹路428之8號","","500000","0990614","1050202"
"552","53060890","亞利達國際貿易有限公司","新竹縣湖口鄉鳳山村榮光路117號","","1000000","0990621","1050219"
"553","53070546","上海星企業有限公司","基隆市中正區中砂里豐稔街26巷55之1號2樓","","1000000","0990709","1050215"
"554","53085718","藍海環宇生技股份有限公司","桃園市桃園區中正路985號3樓","","10000000","0990820","1050224"
"555","53087949","群勵工程有限公司","臺北市士林區文林路102之6號","","800000","0990830","1050204"
"556","53090331","宣雅貿易有限公司","臺北市信義區光復南路559號4樓","","600000","0990908","1050217"
"557","53095342","野浩室有限公司","臺北市中山區民族東路2號2樓","","800000","0990927","1050223"
"558","53102786","綠耀科技股份有限公司","臺北市中山區松江路207號11樓","","1000000","0991022","1050222"
"559","53114782","芸鍴生技有限公司","新北市板橋區五權街30巷12弄12之4號","","7200000","0991206","1050204"
"560","53120139","上姿彩舍有限公司","臺北市南港區忠孝東路7段568號(1樓)","","500000","0991227","1050201"
"561","53122734","天母嚴選興業股份有限公司","臺北市萬華區貴陽街2段160之1號3樓","","65000000","1000105","1050215"
"562","53123966","澄然登峰造極設計有限公司","臺北市中山區松江路156巷17-1號","","2500000","1000110","1050202"
"563","53136131","名登毛刷有限公司","桃園市楊梅區青山里青山一街65巷6弄22之1號","","100000","0990810","1050223"
"564","53154144","安發百貨有限公司","高雄市小港區廈莊六街36號1樓","","5000000","0990915","1050218"
"565","53162186","東騏科技有限公司","新竹縣竹北市中正東路490巷7弄3號","","500000","0991001","1050216"
"566","53166893","歌城視聽歌唱中心有限公司","臺中市南屯區惠中里向上路二段183號1-3樓","","300000","0991012","1050203"
"567","53175295","日月香企業有限公司","臺中市太平區新坪里育德路42巷29弄2號","","1000000","0991028","1050225"
"568","53186770","恆億不動產經紀有限公司","新北市板橋區漢生東路177號(1樓)","","1000000","0991019","1050204"
"569","53187905","澄奇行銷數位股份有限公司","新北市蘆洲區長榮路179號13樓","","5000000","0991025","1050204"
"570","53188382","昱融科技股份有限公司","","","0","0991027","1050222"
"571","53188708","呈宏實業有限公司","新北市五股區水碓路16巷6號9樓","","500000","0991028","1050201"
"572","53192365","尼奧德美股份有限公司","臺北市中山區中山北路3段39號11樓之6","","3000000","0991116","1050201"
"573","53212762","全毅日用品有限公司","新北市鶯歌區鶯桃路535號2樓","","98000","1000303","1050219"
"574","53213214","多體實業股份有限公司","高雄市新興區七賢一路25號3樓之6","","5000000","1000304","1050204"
"575","53221474","誠寶不動產有限公司","新北市樹林區學成路502號","","1000000","1000408","1050217"
"576","53228716","旅行動有限公司","新北市板橋區南雅南路1段8號7樓之7","","1000000","1000511","1050205"
"577","53231233","凱瑞思國際有限公司","高雄市苓雅區泉州街91號1樓","","20000000","0991231","1050222"
"578","53236357","鼓億文化有限公司","高雄市新興區民享街91之1號1樓","","1000000","1000223","1050218"
"579","53240134","廣緯國際有限公司","高雄市苓雅區三多四路110號7樓之1","","5000000","1000324","1050218"
"580","53243202","一德室內裝修設計有限公司","高雄市前鎮區天倫街87巷1號3樓","","1000000","1000425","1050218"
"581","53246720","福設有限公司","高雄市左營區自由二路325號","","1000000","1000504","1050218"
"582","53247024","順豐榮實業有限公司","高雄市楠梓區建楠路236號8樓之4","","280000","1000518","1050219"
"583","53252454","協景隆機械工程有限公司","高雄市鳳山區武營路106巷55之1號","","300000","1000706","1050223"
"584","53263754","灃家有限公司","臺南市北區林森路三段246號1樓","","500000","0991116","1050215"
"585","53266176","富甲天下有限公司","新竹縣湖口鄉鳳凰村大智路2巷61號2樓之5","","500000","0991122","1050225"
"586","53282823","順相科技有限公司","桃園市桃園區龍鳳里龍鳳三街65巷25號3樓","","5000000","0991224","1050219"
"587","53289852","百歐富投資股份有限公司","臺南市北區和緯路4段153號1樓","","14400000","1000107","1050202"
"588","53300478","卡可斯國際精密有限公司","臺南市新營區太北里太子宮8-24號","","250000","1000128","1050216"
"589","53343650","創行健實驗媒體有限公司","臺北市大安區羅斯福路3段325號9樓之9","","3930000","1000531","1050216"
"590","53345192","穎源國際貿易股份有限公司","臺北市萬華區開封街2段48號6樓","","1500000","1000602","1050222"
"591","53358409","硯盛投資有限公司","臺北市大安區信義路4段6號11樓之1","","10000000","1000714","1050218"
"592","53361002","佳新不動產經紀業有限公司","臺中市南屯區三義里河南路四段180之1號1樓","","1000000","1000302","1050218"
"593","53371819","嘉陞開發股份有限公司","彰化縣田中鎮東源里山腳路三段237號1樓","","10000000","1000322","1050204"
"594","53387994","創意國際文化有限公司","新北市樹林區柑園里大雅路395號7樓","","3000000","1000421","1050201"
"595","53388467","亞維德貿易有限公司","臺南市新化區民生路29號1樓","","100000","1000421","1050222"
"596","53396987","耕群企業有限公司","新竹市康樂里東大路三段494巷20號1樓","","200000","1000509","1050218"
"597","53401813","冠發土木包工業有限公司","臺中市和平區梨山里福壽路介壽巷14-1號1樓","","1000000","1000517","1050222"
"598","53402257","保達機械有限公司","桃園市楊梅區水美里民富路1段206巷54號1樓","","300000","1000517","1050225"
"599","53403690","建茂有限公司","彰化縣彰化市新興里永安街323號","","500000","1000519","1050205"
"600","53425012","東愛國際有限公司","臺北市松山區南京東路5段234號14樓","","1000000","1000722","1050223"
"601","53425569","綠澴興業有限公司","新北市永和區民族街67巷19號1樓","","2000000","1000726","1050219"
"602","53429283","力盈國際有限公司","新北市板橋區光復里中山路2段422之1號1樓","","6000000","1000810","1050201"
"603","53430850","亨德生技有限公司","新北市林口區麗園里忠孝路545號(3樓)","","500000","1000818","1050216"
"604","53434960","寰隆工程有限公司","新北市板橋區吉翠里裕民街77之2號","","10000000","1000905","1050201"
"605","53457230","大嘉開發有限公司","新北市板橋區長安街138巷1弄300號","","1000000","1001107","1050223"
"606","53458110","谷耕企業有限公司","新北市三重區三陽路117號(1樓)","","1500000","1001110","1050217"
"607","53458786","應可星星有限公司","新北市永和區保平路292巷46弄1號4樓","","1000000","1001115","1050203"
"608","53463556","捷鼎科技有限公司","新北市中和區中安街56號8樓","","1500000","1001209","1050222"
"609","53470352","合造興國際企業有限公司","臺中市西屯區何南里大安西街60巷3號1樓","","1000000","1000601","1050226"
"610","53485762","銳騎佰客國際有限公司","臺中市西區土庫里五權西路一段237號3樓","","5000000","1000630","1050202"
"611","53493236","瑞勁綠能科技股份有限公司","桃園市大溪區一心里慈湖路109巷36弄7號","","5000000","1000714","1050223"
"612","53494903","璟越國際有限公司","新北市永和區安樂路342號","","500000","1000719","1050222"
"613","53495895","勝豪有限公司","臺中市西屯區逢福里文華路77-5號2樓","","1000000","1000720","1050224"
"614","53500095","元亨璋實業有限公司","屏東縣屏東市信和里海豐街55之3號","","500000","1000727","1050217"
"615","53504395","翊發環保科技股份有限公司","彰化縣鹿港鎮溝墘里溝墘巷183弄1號1樓","","10000000","1000804","1050224"
"616","53511585","巴黎國際時尚有限公司","桃園市中壢區忠孝路304號2樓","","1000000","1000819","1050218"
"617","53512120","祥發肉品有限公司","臺中市西區吉龍里美村路一段668號2樓","","1000000","1000822","1050205"
"618","53517151","煜銘電機有限公司","臺中市太平區新高里民生街20號1樓","","1000000","1000831","1050226"
"619","53517510","亞洲創意行銷有限公司","臺中市北屯區平安里文昌三街79號地下1樓","","200000","1000831","1050202"
"620","53526047","新驛租賃有限公司","臺北市大同區長安西路77號","","1000000","1000809","1050202"
"621","53533321","中悅資產管理有限公司","新北市土城區延壽路77巷6弄11號","","1000000","1000902","1050218"
"622","53567996","佳赫設計有限公司","臺北市信義區忠孝東路4段560號10樓之2","","1000000","1010102","1050224"
"623","53569896","鋒達科技有限公司","高雄市鳳山區青年路2段358號9樓 ","","5000000","1000914","1050203"
"624","53571372","宇珹有限公司","高雄市三民區民族一路792號","","500000","1000928","1050204"
"625","53574286","極緻實業有限公司","高雄市左營區富民路435號6樓之5 ","","100000","1001025","1050216"
"626","53588893","恆信貿易有限公司","高雄市左營區文府路466號4樓之3","","30000","1010319","1050223"
"627","53588937","晨坤建設有限公司","高雄市小港區高坪二十八街137號","","5000000","1010319","1050222"
"628","53596388","比利治玩家股份有限公司","臺北市信義區基隆路1段155號8樓之8","","25000000","1010517","1050201"
"629","53605751","東翊建設有限公司","南投縣草屯鎮山腳里民權東街17號","","250000","1000920","1050219"
"630","53613936","晶美廣告實業有限公司","桃園市桃園區寶慶里中埔二街177巷68號1樓","","1000000","1001006","1050216"
"631","53628071","三鳳建設有限公司","嘉義市東區保建街151巷17號1樓","","1000000","1001104","1050205"
"632","53633166","鉅騰龍國際貿易有限公司","臺南市白河區內角里87號","","1000000","1001116","1050222"
"633","53675192","太金工程有限公司","金門縣金寧鄉盤山村仁愛新邨102號","","2000000","1020726","1050205"
"634","53680717","微晶鑽石應用科技有限公司","新北市三重區清和里福德南路43號","","3000000","1010118","1050226"
"635","53695872","威達科股份有限公司","臺北市文山區羅斯福路5段211巷18號4樓","","7500000","1010406","1050225"
"636","53698456","宜安不動產仲介經紀有限公司","新北市中和區宜安路142號","","1500000","1010418","1050203"
"637","53704529","金健康奈米科技有限公司","基隆市仁愛區龍門里龍安街409號","","500000","1010515","1050225"
"638","53705772","合丞精密科技股份有限公司","桃園市龜山區文化五路86號4樓","","2200000","1010521","1050222"
"639","53707820","卉理國際顧問有限公司","新北市淡水區新市一路3段147號15樓","","300000","1010530","1050222"
"640","53718713","台灣行動應用股份有限公司","臺北市中正區開封街1段37號14樓","","1000000","1010723","1050217"
"641","53720915","鑫昌精密有限公司","新北市新莊區新泰路361巷19號（1樓）","","1000000","1010801","1050204"
"642","53727375","創意麥司數位設計有限公司","新北市新店區裕合街79號","","255000","1010903","1050224"
"643","53736254","方法機車有限公司","新北市永和區中山路1段344號(1樓)","","1000000","1010210","1050216"
"644","53737042","亨皓有限公司","臺北市萬華區長沙街2段159號4樓","","450000","1010214","1050204"
"645","53745900","百匯錦服飾設計有限公司","臺北市松山區南京東路5段291巷38弄13號1樓","","1000000","1010314","1050203"
"646","53751091","小實有限公司","臺北市士林區社子街120號1樓","","1000000","1010329","1050219"
"647","53751352","聲輝通信有限公司","桃園市桃園區中正路931號","","1000000","1010330","1050224"
"648","53752697","至興寶有限公司","臺北市大安區光復南路442號4樓","","300000","1010403","1050217"
"649","53763272","葉子資訊股份有限公司","臺北市大安區忠孝東路4段295號3樓","","3200000","1010509","1050204"
"650","53777070","世通國際開發有限公司","臺北市松山區南京東路4段130號10樓","","10000000","1010621","1050217"
"651","53780883","閎盛科技有限公司","南投縣竹山鎮延和里大義街75號1樓","","3000000","1001222","1050219"
"652","53783354","薇納家居生活有限公司","臺中市北屯區同榮里環中路一段1486號","","480000","1001228","1050223"
"653","53787318","尚譽消防安全設備有限公司","臺中市潭子區頭家里得天街4號1樓","","500000","1010106","1050217"
"654","53804111","大麥克國際企業管理顧問股份有限公司","臺南市東區崇學路127號3樓","","1000000","1010221","1050204"
"655","53815709","翰聲通信有限公司","桃園市桃園區文中路635號1樓","","1000000","1010315","1050202"
"656","53817782","睿觀建設有限公司","臺中市南區南和里忠明南路916號15樓之2","","2000000","1010320","1050224"
"657","53826017","信端精密有限公司","新竹市香山區大庄路106號3樓","","5000000","1010402","1050216"
"658","53833495","合力投資股份有限公司","桃園市桃園區文中路747號7樓","","3000000","1010416","1050226"
"659","53834635","久森洋行企業有限公司","臺南市永康區大橋一街27號1樓","","1000000","1010418","1050219"
"660","53840587","奔昇科技有限公司","南投縣埔里鎮中山路四段69號","","150000","1010430","1050215"
"661","53840876","資富投資有限公司","桃園市楊梅區楊梅里金德路12-1號2樓","","30000000","1010430","1050215"
"662","53851824","新凙國際有限公司","桃園市中壢區內壢里中華路一段94號1樓","","1000000","1010521","1050226"
"663","53857030","毓嘉環境科技有限公司","彰化縣彰化市東興里東民街58號7樓","","1000000","1010530","1050223"
"664","53870300","巧煊國際有限公司","臺中市太平區中和街102巷28號1樓","許淑眞","250000","1010626","1050223"
"665","53873806","紅七國際有限公司","宜蘭縣宜蘭市負郭里民權新路292號1樓","","5800000","1010703","1050223"
"666","53883924","金三角咖啡蛋糕烘焙有限公司","高雄市新興區民族二路136號","","200000","1010723","1050219"
"667","53892249","宏家璜有限公司","高雄市鳥松區本館路26之9號","","1000000","1011012","1050216"
"668","53892557","銘澤科技有限公司","高雄市燕巢區安林路33號","","5000000","1011017","1050201"
"669","53905390","丞庭設計有限公司","高雄市苓雅區武營路469巷6號5樓","","500000","1020205","1050205"
"670","53917451","華河版圖有限公司","臺北市中山區復興北路48號3樓","","20000000","1010725","1050218"
"671","53920337","旺茂工程有限公司","臺北市大安區羅斯福路3段325號8樓之8","","10000000","1010806","1050203"
"672","53922784","高橋智惠美有限公司","新北市三重區中央南路111號3樓之8","","100000","1010815","1050202"
"673","53926276","嘉博富曼國際有限公司","臺北市中山區民權東路2段148號3樓","","1000000","1010827","1050222"
"674","53934260","旻軒國際股份有限公司","臺北市內湖區石潭路27號5樓","","5000000","1010921","1050225"
"675","53935090","新驛事業有限公司","臺北市大同區長安西路81號","","1000000","1010925","1050202"
"676","53935177","漢潮國際股份有限公司","臺北市大安區四維路120號1樓","","20000000","1010925","1050215"
"677","53936252","安盛生活股份有限公司","臺北市松山區八德路4段245巷32弄38號2樓","","1500000","1010927","1050224"
"678","53936751","艾偉塔科技有限公司","臺北市中山區南京東路3段195號4樓","","5000000","1011001","1050224"
"679","53942016","美濟國際事業有限公司","新北市新店區中央五街81號2樓","","5000000","1011018","1050226"
"680","53950330","中日國際環保服務有限公司","臺北市信義區忠孝東路5段1之7號10樓","","1800000","1011113","1050204"
"681","53958662","神米股份有限公司","新北市三重區重新路4段228號2樓","","1000000","1011212","1050216"
"682","53971399","蕾蜜爾有限公司","雲林縣斗南鎮小東里德業路33巷5號","","500000","1010813","1050224"
"683","53976991","優得諾企業有限公司","桃園市中壢區五權里民族路三段222巷20號1樓","","1000000","1010827","1050226"
"684","53983563","現代建設有限公司","嘉義市東區文雅里大雅路1段636號1樓","","1000000","1010912","1050224"
"685","53991753","心花開生活科技有限公司","彰化縣北斗鎮地政路152巷21號","","500000","1011002","1050204"
"686","53992599","長良國際股份有限公司","桃園市中壢區仁福里仁德街33號1樓","","500000","1011004","1050223"
"687","54005122","泓霖開發國際有限公司","臺中市梧棲區頂寮里大仁路二段353巷12號","","600000","1011102","1050218"
"688","54009062","亮妍企業有限公司","南投縣草屯鎮明正里成功路一段381號","","100000","1011114","1050223"
"689","54020209","揚夢國際有限公司","新北市汐止區伯爵街57巷9號","","500000","1011107","1050202"
"690","54025838","奇業有限公司","新北市樹林區三福里三福街70巷2號2樓","","5000000","1011204","1050203"
"691","54026816","晨星國際行銷有限公司","新北市板橋區縣民大道2段110號","","300000","1011210","1050202"
"692","54027786","台員企業有限公司","新北市板橋區民生路1段129號","","2000000","1011214","1050216"
"693","54029969","佳美津企業有限公司","新北市中和區中山路2段47號(1樓)","","2000000","1011224","1050205"
"694","54035765","和央有限公司","新北市新店區寶興路66巷27號(4樓)","","96000","1020122","1050202"
"695","54040795","傑昕國際有限公司","新北市新店區民權路95號10樓","","500000","1020225","1050203"
"696","54053691","全茗科技有限公司","新北市新莊區西盛里大安路30巷16號","","3000000","1020418","1050226"
"697","54058788","台北科立思塔有限公司","新北市新店區安和路1段15號(3樓)","","2400000","1020510","1050202"
"698","54068239","台灣璿盛生物科技股份有限公司","臺南市永康區尚頂路72號","","32500000","1011221","1050215"
"699","54078861","四匕創意版畫有限公司","臺南市永康區中華里小東路685巷8-5號","","1000000","1020620","1050222"
"700","54079496","鼎誠有限公司","臺南市中西區開山路3巷43號1樓","","1000000","1020628","1050216"
"701","54086721","偉翔達建設企業有限公司","臺南市六甲區甲南里文化街49號1樓","","2000000","1021024","1050225"
"702","54099009","德源企業有限公司","桃園市平鎮區平興里延平路三段6-5號3樓","","1000000","1011207","1050217"
"703","54103664","雙子星視聽有限公司","桃園市桃園區永興里中正路249號2樓","","50000","1011218","1050223"
"704","54116437","浤展影像科技有限公司","高雄市前鎮區一心二路84巷16之2號","","3000000","1020117","1050130"
"705","54119130","富棋環保興業有限公司","彰化縣和美鎮鎮平里彰草路二段118巷31弄22號1樓","","2000000","1020123","1050225"
"706","54123508","周家不動產仲介經紀有限公司","南投縣埔里鎮中山路二段5號1樓","","400000","1020201","1050224"
"707","54127390","展誠房屋有限公司","屏東縣東港鎮船頭里船頭路25之222號1樓","","1000000","1020208","1050223"
"708","54128285","山度士企業有限公司","臺中市北區賴厝里山西路一段54號2樓","","200000","1020220","1050223"
"709","54130178","吉田開發有限公司","彰化縣埔心鄉舊館村興霖路195號1樓","","500000","1020226","1050201"
"710","54150259","啓衡文創有限公司","臺北市松山區敦化南路1段25號4樓","","1200000","1011220","1050218"
"711","54150568","四宜貿易有限公司","臺北市松山區民生東路5段190號10樓之7","許雪婷","5000000","1011221","1050202"
"712","54164198","鴻謚工程有限公司","臺北市內湖區內湖路2段263巷6號3樓","","500000","1020206","1050223"
"713","54177779","君霖策略股份有限公司","臺北市大安區復興南路1段390號10樓","","500000","1020401","1050225"
"714","54184949","奕家房屋仲介有限公司","臺北市中山區中山北路1段57之2號","","5000000","1020423","1050204"
"715","54188987","睿逸企業有限公司","臺北市信義區基隆1段420號8樓","","500000","1020506","1050222"
"716","54192292","群倫事業有限公司","高雄市三民區大順二路640號1樓、2樓","","1000000","1020409","1050203"
"717","54193659","鴻益創意數位科技有限公司","高雄市左營區榮德街30號10樓","","200000","1020419","1050219"
"718","54201285","鴻溢不動產經紀有限公司","高雄市鳳山區中山東路166號1樓","","1000000","1020619","1050223"
"719","54204950","哈雷旅行社有限公司","高雄市左營區自由四路486號3樓","","3000000","1020717","1050129"
"720","54220585","冠盈自動化有限公司","新竹市金華里田美三街78巷1號","","500000","1020320","1050225"
"721","54223318","長江地產有限公司","桃園市中壢區環西路2段308號1樓","","4000000","1020326","1050202"
"722","54242981","彤璟工程有限公司","桃園市大園區海口里田寮2號","","2000000","1020506","1050225"
"723","54249318","瑪丹瑪思國際開發有限公司","臺中市北區賴村里大雅路238號3樓","","1000000","1020516","1050203"
"724","54258505","西那不落有限公司","臺中市南屯區大業里公益路二段20號","","1000000","1020604","1050216"
"725","54258694","太禹通信有限公司","桃園市桃園區大興西路二段112巷2-4號","","1000000","1020604","1050202"
"726","54258934","鋒橋開發有限公司","桃園市中壢區青埔路2段325巷7號10樓","","2000000","1020605","1050225"
"727","54262178","榕程饗食有限公司","臺中市東區精武東路85號","","150000","1020611","1050224"
"728","54273512","貓薯薯有限公司","新北市三重區仁義街157巷66號","","300000","1020530","1050217"
"729","54274189","葉子生物科技股份有限公司","桃園市龜山區文化七路40號","","1000000","1020603","1050217"
"730","54281941","佳力屋不動產有限公司","新北市三峽區大德路143號","","1000000","1020704","1050226"
"731","54284047","高翊投資有限公司","新北市板橋區雙玉里三民路1段140號(1樓)","","15000000","1020715","1050201"
"732","54285475","航偉貿易企業有限公司","新北市中和區建康路73號7樓","","3500000","1020722","1050226"
"733","54285812","鎧璽國際投資顧問有限公司","新北市三重區重新路3段1號(3樓)","","300000","1020723","1050201"
"734","54295451","永立有限公司","新北市板橋區光華街19巷74之3號(4樓)","","500000","1020906","1050223"
"735","54299766","艾力出版社有限公司","臺北市中山區中山北路3段58號8樓之8","","100000","1020930","1050205"
"736","54301279","世陞建設開發有限公司","新北市新店區中央五街46號(1樓)","","1000000","1021004","1050217"
"737","54303298","泰雄千加子有限公司","新北市樹林區佳園街2段46號2樓","","102000","1021015","1050216"
"738","54304780","岸本京子有限公司","新北市新店區寶興路66巷14號(1樓)","","97000","1021021","1050216"
"739","54306437","演創整合行銷股份有限公司","臺北市中山區松江路283號5樓","","6000000","1021028","1050217"
"740","54306632","幸福鮮道有限公司","新北市土城區學府路1段98巷16號2樓","","100000","1021029","1050222"
"741","54307674","大程消防工程有限公司","新北市三重區長樂街46號(1樓)","","200000","1021101","1050203"
"742","54309119","采鑫美容有限公司","新北市板橋區信義路193號(1樓)","","500000","1021108","1050203"
"743","54309510","三豆六麥食品有限公司","新北市板橋區雙十路2段46巷19號(1樓)","","100000","1021111","1050203"
"744","54309602","板樹有限公司","新北市板橋區大觀路3段236號3樓、3樓之3","","400000","1021113","1050223"
"745","54326927","揚軒貿易股份有限公司","臺北市信義區忠孝東路5段1之6號10樓","","1000000","1020530","1050223"
"746","54330041","鈺鋒科技有限公司","臺北市士林區文林路766號2樓","","5000000","1020610","1050215"
"747","54342519","安聯國際服務有限公司","臺北市松山區長安東路2段215號11樓之2","","2000000","1020723","1050202"
"748","54351684","東馬國際有限公司","臺北市大安區敦化南路1段177巷37號","","500000","1020816","1050224"
"749","54383638","北太武企業股份有限公司","金門縣金沙鎮大洋里東溪6號","","12000000","1030606","1050202"
"750","54501190","頂樓加蓋音樂有限公司","桃園市中壢區石頭里中平路86-2號","","200000","1020628","1050226"
"751","54511606","合鈦金屬企業有限公司","桃園市龍潭區建林里建國路123巷21號1樓","","2000000","1020801","1050203"
"752","54521674","富川國際開發有限公司","新竹市中福路13號1樓","","200000","1020909","1050222"
"753","54527184","聖安土地開發股份有限公司","彰化縣彰化市香山里彰南路二段569號","","6000000","1021001","1050201"
"754","54530977","達努巴克休憩事業開發有限公司","屏東縣內埔鄉隘寮村1鄰新展路22號2樓","","6689","1021015","1050218"
"755","54534333","新靓麥實業股份有限公司","臺中市西屯區永安里玉門路480號","","10000000","1021025","1050219"
"756","54539034","玉貴妃事業有限公司","彰化縣鹿港鎮順興里民權路214號","","1000000","1021111","1050201"
"757","54539323","立達人力仲介有限公司","新竹縣新豐鄉建興路二段340號4樓","","5000000","1021112","1050203"
"758","54542278","紘暘開發有限公司","桃園市蘆竹區中福里大興路233號2樓","","2000000","1021122","1050202"
"759","54553653","固豪威國際有限公司","臺南市新營區忠政里府西路87巷7號1樓","","1000000","1030224","1050203"
"760","54554512","晶贏有限公司","臺南市東區裕農路835號1樓","","1000000","1030306","1050222"
"761","54561725","長立不動產仲介有限公司","臺南市南區明興里金華路1段104號","","1000000","1030624","1050223"
"762","54563126","普尼建設有限公司","臺南市東區德高里仁和路175號1F","","500000","1030714","1050205"
"763","54575663","崇德昌投資有限公司","臺南市北區中樓里前鋒路293號5樓之4","","300000","1040122","1050219"
"764","54578232","艾迪國際有限公司","臺南市南區文華里文南路342巷13號1樓","","100000","1040309","1050224"
"765","54590242","萓鍒企業有限公司","臺中市大甲區岷山里水源路543巷46號","","200000","1020828","1050216"
"766","54608756","飛冠有限公司","臺中市東勢區隆興里東坑路東福巷55號1樓","","200000","1021217","1050226"
"767","54615481","凱鋭投資有限公司","高雄市鳳山區青年路2段358號8樓","","3000000","1030115","1050203"
"768","54620273","喜恩有限公司","高雄市仁武區名湖街270巷8號","","1000000","1030303","1050217"
"769","54636351","大二科技有限公司","高雄市鳳山區文衡路413號13樓","","100000","1030711","1050219"
"770","54638219","吉秀國際開發有限公司","高雄市苓雅區英明路293巷6號1樓","","3000000","1030730","1050205"
"771","54642564","感恩投資控股有限公司","臺北市大安區光復南路102號8樓","","6632005","1021030","1050222"
"772","54646317","矢田誠有限公司","臺中市豐原區南陽路綠山巷150弄2號1樓","","103000","1021106","1050219"
"773","54654977","群威企業有限公司","臺北市內湖區大湖山莊街219巷51號(1樓)","","1000000","1021204","1050201"
"774","54678653","合寧國際有限公司","臺北市中山區錦州街25號5樓","","500000","1030227","1050202"
"775","54686210","寶量科技股份有限公司","臺北市信義區松隆路102號16樓","","5000000","1030325","1050216"
"776","54692466","謙衡有限公司","新北市永和區永平路81巷12號6樓之8","","18000000","1030114","1050202"
"777","54692607","大江科技有限公司","新北市板橋區四川路2段47巷1弄2號(1樓)","","500000","1030114","1050219"
"778","54695631","江原道食品有限公司","新北市永和區永貞路136號6樓","","600000","1030127","1050222"
"779","54695956","凡捷有限公司","新北市蘆洲區永平街42之1號","","500000","1030128","1050202"
"780","54699496","承信環境清潔有限公司","新北市樹林區樹德街136巷43號4樓","","100000","1030221","1050222"
"781","54700141","識悟有限公司","新北市三峽區龍埔里國光街32號(2樓)","","500000","1030225","1050224"
"782","54703338","大燿建設股份有限公司","新北市蘆洲區長榮路51號4樓","","30000000","1030311","1050224"
"783","54709179","欣誠國際貿易有限公司","新北市永和區得和路57號","","800000","1030401","1050222"
"784","54711463","鼎峰茶話文創有限公司","新北市三芝區中正路1段102號(1樓)","","120000","1030410","1050202"
"785","54716208","羽馬有限公司","新北市樹林區中正路95號","","3000000","1030428","1050202"
"786","54734368","益東開發建設股份有限公司","新北市板橋區中正路100號3樓","","1000000","1030717","1050202"
"787","54735346","創翼有限公司","新北市中和區中正路18號","","200000","1030722","1050218"
"788","54738511","興南有限公司","新北市中和區壽南里興南路1段145號(2樓)","","1000000","1030806","1050226"
"789","54740489","聯豐興開發建設有限公司","臺中市西區忠誠里忠明南路61號8樓","","200000","1021226","1050218"
"790","54745457","承川不動產經紀業有限公司","臺中市西屯區上石里上石路177號","","500000","1030117","1050226"
"791","54753456","嚮往設計有限公司","臺中市西屯區何成里大祥街12號3樓","","500000","1030310","1050203"
"792","54762413","頂勳科技有限公司","臺中市太平區祥順路一段53號9樓之3","","600000","1030421","1050226"
"793","54765235","滙聚地產有限公司","臺中市南屯區大業里大墩十四街194號2樓","","1000000","1030505","1050201"
"794","54766213","鑫廣泰不動產有限公司","臺中市西屯區河南路96號1樓","","1000000","1030512","1050202"
"795","54768325","綠設有限公司","臺中市龍井區龍崗里竹師路二段33號3樓之3","","100000","1030521","1050215"
"796","54771172","福聖德資訊有限公司","彰化縣和美鎮山犁里道周路260號","","500000","1021220","1050204"
"797","54771243","福隆食堂有限公司","新竹縣竹東鎮沿河街381號","","5000000","1021220","1050202"
"798","54771911","格聿有限公司","屏東縣里港鄉塔樓村7鄰塔樓路55之15號1樓","","300000","1021224","1050223"
"799","54777605","星曜先進科技股份有限公司","新北市中和區南山路190號7樓","","10000000","1030115","1050226"
"800","54778576","潁頂有限公司","花蓮縣吉安鄉南昌村南昌路91號1樓","","1000000","1030117","1050226"
"801","54779569","創藝果股份有限公司","新竹市東區科園里光復路一段607巷1弄12號1樓","","1000000","1030121","1050223"
"802","54782121","佳富土地開發有限公司","桃園市中壢區環西路66號","","1500000","1030205","1050222"
"803","54784182","富士東京不動產股份有限公司","新竹市光復路一段205號1樓","","10000000","1030217","1050219"
"804","54785302","佳健生活科技有限公司","彰化縣彰化市平和里平安街3巷13號","","250000","1030219","1050216"
"805","54794739","威紀有限公司","新竹縣湖口鄉鳳凰村大勇路二巷6號","","4000000","1030320","1050202"
"806","54797258","捷達建設股份有限公司","臺北市中山區建國北路2段147號4樓之4","","25000000","1030327","1050219"
"807","54806101","吳卡孜國際有限公司","花蓮縣花蓮市國治里民國路30號","","5000000","1030423","1050204"
"808","54809780","榮昌有限公司","嘉義市東區興仁里興仁街97號7樓之6","","500000","1030506","1050205"
"809","54810055","永淳廣告有限公司","基隆市安樂區基金一路110之78號8樓","","500000","1030506","1050217"
"810","54811478","蜂熱情有限公司","彰化縣花壇鄉中庄村竹子街117巷42號2樓","","250000","1030512","1050216"
"811","54813216","圖走廊有限公司","新竹縣湖口鄉千禧路43巷21弄13號3樓","","20000","1030516","1050225"
"812","54814806","愛家倍不動產有限公司","宜蘭縣羅東鎮信義里愛國路150號1樓","","500000","1030521","1050218"
"813","54815278","豪固國際顧問有限公司","新竹縣竹北市鹿場里莊敬南路67號3樓","","500000","1030523","1050225"
"814","54815615","富麗不動產仲介有限公司","臺中市后里區后里里三豐路290號","","500000","1030523","1050203"
"815","54817091","勝傑不動產仲介經紀有限公司","基隆市仁愛區成功一路136、138號1樓","","500000","1030528","1050216"
"816","54822257","喜順緣實業有限公司","高雄市苓雅區廈門街59號","","200000","1040917","1050128"
"817","54837168","全晨工程有限公司","新北市蘆洲區信義路37巷14號(1樓)","","500000","1040430","1050202"
"818","54838981","御傑餐飲有限公司","新北市淡水區中正路11巷1號(1樓及2樓)","","6000000","1040508","1050222"
"819","54839546","衣美洗衣有限公司","新北市新莊區化成路932之1號(1樓)","","1000000","1040512","1050222"
"820","54848550","聚立思科技有限公司","新北市新莊區昌明街14巷1弄1號(1樓)","","600000","1040615","1050224"
"821","54849191","明豐地產有限公司","新北市中和區安樂路75號","","1000000","1040617","1050224"
"822","54851040","百瓦特有限公司","新北市汐止區莊敬街119巷10號2樓","","1000000","1040625","1050217"
"823","54851787","寶島寶科技有限公司","新北市新店區新坡一街17號","","200000","1040629","1050218"
"824","54855480","篁珅通信有限公司","新北市板橋區新海路352號","","1000000","1040714","1050226"
"825","54861194","憶鈊有限公司","新北市中和區景平路71號12樓之2","","1000000","1040806","1050219"
"826","54862412","安禾國際財務顧問有限公司","臺北市松山區復興北路167號10樓之1","","50000","1040813","1050225"
"827","54866389","清亮家居家清潔有限公司","新北市樹林區啟智街166號","","200000","1040831","1050201"
"828","54877702","創富企業有限公司","新北市五股區中興路1段162號（2樓）","","500000","1041023","1050222"
"829","54883084","才林森有限公司","臺中市中區成功路170號1樓","","10000","1040417","1050130"
"830","54883465","毓鑫冷凍肉品有限公司","臺中市烏日區湖日里新興路377號1樓","","3000000","1040420","1050224"
"831","54885132","毅展電通有限公司","臺中市北區明新里中清路一段447號10樓之3","","1010000","1040427","1050201"
"832","54889405","瑞普材料科技有限公司","臺中市西屯區潮洋里市政北二路236號21樓之3","","1500000","1040518","1050202"
"833","54890091","淬苑國際有限公司","臺中市西區吉龍里五權五街151號9樓之4","","100000","1040520","1050202"
"834","54893885","速配國際行銷有限公司","臺中市西屯區何仁里文心路三段138之13號4樓","","300000","1040605","1050223"
"835","54898642","丞宴股份有限公司","臺中市西屯區智惠街135號1樓","","500000","1040626","1050130"
"836","54909084","唯雅國際品牌策略有限公司","臺中市西屯區上安里臺灣大道三段540號10樓之1","","100000","1040818","1050203"
"837","59345326","保豐企業股份有限公司","彰化縣和美鎮頭前里和頭路四四六號","","6000000","0730615","1050224"
"838","61884854","安濟藥物科技股份有限公司","南投縣竹山鎮延正里公正巷46之21號1樓","","2000000","0730702","1050203"
"839","69598279","光輝精密工業股份有限公司","臺南市北區公園路593巷21號","","5000000","0680814","1050215"
"840","70354672","珈暉工程有限公司","臺北市中山區民族東路128號3樓","","10000000","0880422","1050219"
"841","70380340","志捷國際企業有限公司","臺北市中山區民權東路2段19號5樓之7","","1000000","0880711","1050203"
"842","70389291","大樹體育器材有限公司","新北市深坑區阿柔洋55號1樓","","2000000","0880806","1050203"
"843","70393725","艾德立國際有限公司","新北市新莊區思源路361號2樓","","5000000","0880820","1050215"
"844","70395596","國鼎機電工程有限公司","臺北市中山區新生北路3段1號3樓之21","","5000000","0880825","1050224"
"845","70417310","立體智慧科技有限公司","高雄市三民區建國二路148號1樓","","5000000","0891218","1050224"
"846","70456018","偉琮實業股份有限公司","臺北市內湖區瑞光路298號7樓之1","","6000000","0881125","1050218"
"847","70456869","雙圓國際企業股份有限公司","臺北市文山區木柵路2段137號","","3000000","0881127","1050217"
"848","70562616","杉禾國際有限公司","新北市汐止區明峰街43號2樓","","3000000","0890522","1050203"
"849","70583801","宏太興有限公司","南投縣竹山鎮硘里鯉南路21巷5號","","3000000","0890720","1050216"
"850","70614585","晉葳股份有限公司","臺南市歸仁區後市里中山五街78號1樓","","2000000","0890803","1050218"
"851","70681612","爾東國際有限公司","新北市新莊區思源路25號10樓","","5000000","0881224","1050222"
"852","70693217","富立有限公司","臺南市歸仁區南興里一鄰民生北街106號2樓","","1000000","0890117","1050205"
"853","70830319","精彩實業有限公司","臺北市士林區文昌路149號2樓","","1000000","0890729","1050224"
"854","76315108","暢輝企業有限公司","高雄市前金區市中一路236號12樓","","3000000","0690714","1050224"
"855","79007560","大慶有限公司","高雄市前金區新生里七賢二路350號","","1000000","0601030","1050216"
"856","79833858","利源電化企業有限公司","高雄市三民區市中一路456之1號4樓","","1000000","0690409","1050129"
"857","80003325","菘葆實業有限公司","南投縣草屯鎮富寮里中正路五七三之一五號一樓","","6000000","0920305","1050223"
"858","80013203","溫博士科技有限公司","桃園市蘆竹區山鼻里長興路二段231號","","5000000","0920318","1050226"
"859","80019810","勝茂企業股份有限公司","臺南市新市區永就里永就68之6號","","5500000","0920326","1050224"
"860","80069521","達順科技有限公司","臺南市新市區永就里中山路195巷2號","","5000000","0911029","1050223"
"861","80126305","勁揚景觀有限公司","臺中市太平區光興路558號","","1000000","0920122","1050202"
"862","80153908","又響科技股份有限公司","臺北市大安區敦化南路1段161巷69弄5號1樓","","2000000","0920115","1050222"
"863","80169269","中倫保險經紀人股份有限公司","臺北市中山區民生東路1段54號12樓","","3000000","0920313","1050223"
"864","80177922","法式企業有限公司","臺北市松山區民生東路3段113巷25弄45號","","5000000","0920407","1050217"
"865","80179180","奇蹟影畫製作有限公司","臺北市內湖區成功路4段363號1樓","","500000","0920409","1050225"
"866","80191419","偉鉅科技股份有限公司","臺北市內湖區洲子街71號5樓之2","","1000000","0920512","1050224"
"867","80199637","宇謙興業有限公司","宜蘭縣宜蘭市東村里東港路福德巷13號1樓","","2000000","0920605","1050217"
"868","80209430","遠僑科技股份有限公司","桃園市中壢區福達路2段230號","","10000000","0910715","1050222"
"869","80233451","揚聖塑膠企業有限公司","桃園市中壢區復興里復華九街35-12號2樓","","1000000","0910816","1050225"
"870","80234727","富幼圖書有限公司","桃園市中壢區普仁里榮安一街三六七號一樓","","1000000","0910819","1050202"
"871","80249003","旭曜有限公司","新北市樹林區龍興街60巷8號5樓　","","500000","0910909","1050223"
"872","80260549","偉泓丞實業股份有限公司","臺北市中正區羅斯福路2段102號8樓之1","","9000000","0910731","1050226"
"873","80271807","有信傳播有限公司","臺北市松山區八德路4段445號12樓之18","","2000000","0910830","1050217"
"874","80290157","華明投資股份有限公司","臺北市士林區天玉街39巷10號1樓","","10000000","0911028","1050224"
"875","80297840","金茂國際開發股份有限公司","臺北市中山區南京東路1段92號6樓","","10000000","0911120","1050225"
"876","80304201","寰宇國際企業有限公司","臺北市士林區大南路285巷13號1樓","","10000000","0911209","1050225"
"877","80306616","裕晶科技有限公司","臺北市中山區民權東路2段148號3樓","","5000000","0911216","1050223"
"878","80313779","世紘資訊有限公司","桃園市龜山區龍新街３１號４樓","","4000000","0920417","1050218"
"879","80323447","妙奇國際美容美體有限公司","桃園市桃園區中山北路２４３號","","3000000","0920429","1050215"
"880","80360771","吉集有限公司","高雄市前鎮區佛道街33號右側","","2000000","0920918","1050204"
"881","80370665","佶陽景觀設計工程有限公司","高雄市三民區汾陽路7號","","1800000","0930105","1050215"
"882","80398018","明鑫電子股份有限公司","桃園市中壢區內厝里內厝子六八之十一號一樓","","3000000","0920516","1050219"
"883","80400252","雙英文化事業有限公司","臺中市南區和昌街二五八號一樓","","500000","0920520","1050219"
"884","80411498","嵩振有限公司","新北市中和區興南路1段73巷10之1號","","2500000","0920606","1050224"
"885","80419421","玉紫清潔有限公司","新北市板橋區雙玉里三民路1段138巷6號3樓","","2000000","0920617","1050222"
"886","80421806","捷愷實業有限公司","臺中市北區五常里五順街137號1樓","","5000000","0920619","1050216"
"887","80423430","美樺生化科技股份有限公司","新竹縣竹北市中興里9鄰福興東路二段259號","","10000000","0920620","1050225"
"888","80440971","西軍立潔股份有限公司","桃園市楊梅區萬大路三五巷五號","","1500000","0920715","1050130"
"889","80474964","快速捷國際有限公司","臺北市信義區忠孝東路5段1之6號10樓","","2000000","0920901","1050224"
"890","80509226","騰雲科技照明有限公司","臺北市中山區吉林路247號4樓","","1000000","0920818","1050226"
"891","80522966","賀瓏國際有限公司","臺北市中山區吉林路45號7樓","","8000000","0920926","1050218"
"892","80537905","永泰不動產股份有限公司","臺北市士林區忠誠路1段83號1樓","","15000000","0921105","1050219"
"893","80544053","御宏有限公司","臺北市信義區松仁路234巷1號","","1000000","0921120","1050204"
"894","80556281","鵬展工程有限公司","新北市五股區成泰路二段八０巷二一之二號三樓","","2000000","0921002","1050225"
"895","80617490","元建工程有限公司","臺中市西區公館路211號1樓","","2000000","0921222","1050224"
"896","80630418","台一工程顧問有限公司","南投縣水里鄉北埔村玉山街41號","","3000000","0930107","1050224"
"897","80640078","加貝麗實業有限公司","彰化縣和美鎮鐵山里鎮東路一二０巷五號","","1000000","0930120","1050223"
"898","80642202","鼎風國際事業有限公司","高雄市鳳山區自治街29巷1號","","1000000","0930129","1050222"
"899","80700716","谷蓉不動產仲介有限公司","臺南市北區成德里北安路1段205號","","1500000","0930213","1050202"
"900","81128344","大慶泡綿實業有限公司","高雄市左營區文奇路110巷23號","","1000000","0670529","1050202"
"901","84075996","三輝印製有限公司","新北市三重區三和路三段一七○巷八弄一九號三樓","","1000000","0811203","1050223"
"902","84082244","大承企業有限公司","彰化縣溪州鄉潮洋村馬路巷102號","","1000000","0811209","1050216"
"903","84099478","丸虹企業有限公司","臺北市中正區重慶南路1段10號8樓","","6000000","0811119","1050225"
"904","84169065","金森紙器有限公司","新北市三峽區麻園14之5號","","1000000","0820128","1050201"
"905","84171626","仁中工程有限公司","臺中市北區永興街二九八巷七號","","2000000","0820202","1050225"
"906","84179964","連吉模特兒有限公司","新北市鶯歌區中正三路156巷29號","","10500000","0820212","1050203"
"907","84211964","標泰汽車材料有限公司","嘉義市西區磚里四維南路28號1樓","","1000000","0820318","1050203"
"908","84263630","鉅鑫彩色沖印有限公司","臺北市中正區寧波西街73號1樓","","600000","0820428","1050219"
"909","84270371","德祿有限公司","新北市新莊區福營路97巷11號2樓","","6000000","0820513","1050226"
"910","84296631","歐朝有限公司","","","0","0820716","1050223"
"911","84355390","達利興企業有限公司","桃園市中壢區內厝里內厝子173之3號1樓","","5000000","0820506","1050226"
"912","84470027","晟合光學股份有限公司","臺北市中山區長安東路2段31號5樓之1","","7600000","0821001","1050201"
"913","84481404","比強實業股份有限公司","臺南市新市區永就里9鄰中山路195巷2號","","5200000","0821103","1050222"
"914","84485680","荃品實業股份有限公司","新北市三重區重新路5段609巷10號8樓之2","","5000000","0821118","1050224"
"915","84527725","永遠木業有限公司","新北市林口區粉寮路3之7號3樓","","16000000","0820816","1050223"
"916","84554187","富羿機械股份有限公司","彰化縣和美鎮山犁里大佃路947號","","5000000","0820913","1050202"
"917","84581754","萬邦模特兒有限公司","新北市鶯歌區中正三路156巷31號","","5000000","0821014","1050203"
"918","84636569","叙泓股份有限公司","新竹市牛埔路二二九之一號","","6700000","0821213","1050219"
"919","84690351","伯麟企業有限公司","臺北市信義區忠孝東路5段363號4樓之5","","10000000","0830217","1050217"
"920","84717979","煜凱企業有限公司","高雄市鹽埕區五福四路229巷2號","","1000000","0830125","1050130"
"921","84760671","士隆國際有限公司","新北市林口區林口路272巷8號(1樓)","","10000000","0830324","1050222"
"922","84771163","皇石有限公司","臺北市文山區景福街204號2樓","","5000000","0830416","1050202"
"923","84774921","慶東股份有限公司","新北市鶯歌區鶯桃路365巷28弄11號","","10000000","0830426","1050222"
"924","84776081","康晟企業有限公司","臺北市內湖區內湖路1段91巷92弄44號","","2000000","0830428","1050201"
"925","84822677","傑元興有限公司","新北市新莊區中正路九二九巷二七號一樓","","3000000","0830408","1050222"
"926","84828882","昶興禾實業有限公司","新北市五股區成泰路3段315號2樓","","3000000","0830413","1050216"
"927","84861517","永春刺綉有限公司","彰化縣彰化市富貴里中正路２段２６４號","","5000000","0830506","1050217"
"928","84879707","沅盛企業有限公司","新竹市新雅里成功路四四五號","","5000000","0830521","1050225"
"929","84891456","麗蓁國際有限公司","新北市蘆洲區民族路426巷54號1樓","","5100000","0830530","1050218"
"930","84914774","真如實業股份有限公司","臺北市中山區龍江路149巷26號","","5000000","0830705","1050202"
"931","84975173","名州鷹架有限公司","嘉義市西榮里蘭井街305號9樓2","","4000000","0830620","1050218"
"932","86035149","安捷航空貨運承攬股份有限公司","臺北市大安區和平東路3段36號5樓之1","","5000000","0800501","1050219"
"933","86129666","平行實業有限公司","基隆市七堵區友一里 麗景一街32巷2號","","5000000","0800516","1050223"
"934","86180332","千淇實業股份有限公司","桃園市大園區大觀路99號","","15000000","0800507","1050224"
"935","86200870","仲昇有限公司","桃園市大園區大園里五鄰中山南路一號一樓","","1000000","0800530","1050204"
"936","86259323","普達企業有限公司","新北市板橋區僑中一街102巷5弄13之4號","","5000000","0800810","1050201"
"937","86388038","森江針織有限公司","新北市五股區成泰路二段十一巷四弄十二號四樓","","1000000","0801101","1050224"
"938","86598196","高翊金屬建材有限公司","新北市土城區中正路一段五二巷三號三樓","","1000000","0810325","1050203"
"939","86624194","盛瀚機械工程有限公司","新北市土城區千歲路28巷2號5樓","","10000000","0810418","1050216"
"940","86698012","圖美都企業開發有限公司","臺中市大里區永明街１７０號１樓","","2000000","0810511","1050203"
"941","86698147","昇隆企業有限公司","臺北市文山區興隆路2段22巷8弄4號1樓","","5000000","0810501","1050225"
"942","86791122","信和建材有限公司","新竹市北大路166巷46號6樓之1","","3000000","0810714","1050223"
"943","86839408","宇侖股份有限公司","屏東縣屏東市公園西路七五巷六號","","5000000","0810827","1050216"
"944","86844079","旭麗電腦科技有限公司","臺北市中山區天祥路24號","","2000000","0810725","1050218"
"945","86947531","凱傑機械有限公司","新竹縣竹北市斗崙里縣政十九街45號","","3000000","0810924","1050217"
"946","89249709","張安企業有限公司","臺中市沙鹿區埔子里正德路160巷23號1樓","","5000000","0830823","1050201"
"947","89270195","世統藥業有限公司","高雄市鹽埕區新興街192號","","500000","0831125","1050215"
"948","89305103","丕勝企業有限公司","臺中市西區忠明南路１８１號１樓","","1000000","0840116","1050223"
"949","89508091","晉亞貿易有限公司","臺南市佳里區頂里頂12之1號","","5000000","0840508","1050202"
"950","89608654","安德生國際有限公司","新北市新莊區五權二路26號之2","","20000000","0840919","1050215"
"951","89739115","品珈室內裝修工程有限公司","高雄市三民區灣中街３０８號１０樓","","6600000","0841103","1050130"
"952","89812353","旺羣企業股份有限公司","桃園市龜山區龜山里萬壽路二段七八九巷四號","","1500000","0841220","1050216"
"953","89844067","東瑩室內裝潢設計有限公司","新北市板橋區吳鳳路52巷22號","","3000000","0830908","1050226"
"954","89854472","東億金機械股份有限公司","桃園市八德區永豐路374巷89弄6之6號","","5000000","0830921","1050217"
"955","96887890","蓮鋒實業有限公司","臺南市仁德區保安里保學一街45巷13號1樓","","5000000","0850307","1050204"
"956","96990108","萬嶼企業有限公司","基隆市中山區通明里中華路六九巷六五號","","5000000","0850429","1050216"
"957","97035440","威達針織有限公司","新北市樹林區東大街4號","","3000000","0850613","1050217"
"958","97051692","君寰有限公司","桃園市平鎮區義興街17號3樓之1","","1000000","0850629","1050204"
"959","97054353","朝真有限公司","臺中市西屯區中康街83號1樓","","5000000","0850703","1050202"
"960","97089199","彩色世界國際有限公司","臺北市中山區林森北路520號6樓","","5000000","0850615","1050223"
"961","97152495","昶好企業有限公司","高雄市苓雅區中正一路198號","","1000000","0860320","1050219"
"962","97197444","日勁精密工業有限公司","新北市土城區青仁路3之1號","","6000000","0850822","1050216"
"963","97229972","營盛實業有限公司","新北市三峽區龍埔里民生街14號","","1000000","0850930","1050222"
"964","97313886","新季廣告事業有限公司","臺北市士林區華齡街186號1樓","","2000000","0860114","1050203"
"965","97323890","汎承事業有限公司","臺北市北投區西安街1段177號3樓","","5000000","0860218","1050217"
"966","97358433","昶程企業有限公司","臺中市西屯區大鵬里長安路2段35巷73號1樓","","5000000","0860113","1050205"
"967","97507948","先烽企業有限公司","臺中市霧峰區中正里萊園路9巷41號1樓","","2600000","0690109","1050216"
