"RouteID","StationId","EstimateTime","Memo"
"113","4002","7",""
"113","4003","7",""
"113","4004","8",""
"113","4005","9",""
"113","4006","10",""
"113","4007","12",""
"113","4008","14",""
"113","4009","15",""
"113","4010","16",""
"113","4011","17",""
"113","4012","17",""
"113","4013","18",""
"113","4014","19",""
"113","4015","20",""
"113","4016","20",""
"113","4017","21",""
"113","4018","22",""
"113","4019","23",""
"113","4020","24",""
"113","4021","25",""
"113","4022","26",""
"113","4023","27",""
"113","4024","28",""
"113","4025","28",""
"113","4026","29",""
"113","4027","29",""
"113","4028","30",""
"113","4029","31",""
"113","4030","33",""
"113","4031","33",""
"113","38997","37",""
"113","4032","38",""
"113","4033","39",""
"113","4034","40",""
"113","4035","41",""
"113","4036","42",""
"113","4037","44",""
"113","4038","47",""
"113","4039","48",""
"113","4040","49",""
"113","4041","51",""
"113","4042","52",""
"113","4043","53",""
"113","4044","54",""
"113","4045","55",""
"113","4046","58",""
"113","4047","60",""
"113","39650","61",""
"113","4048","62",""
"113","4049","3",""
"113","4050","4",""
"113","4051","6",""
"113","4052","7",""
"113","4053","7",""
"113","4054","11",""
"113","4055","14",""
"113","4082","18",""
"113","4083","19",""
"113","4084","20",""
"113","4085","23",""
"113","4086","24",""
"113","4087","25",""
"113","4088","26",""
"113","4089","27",""
"113","4090","29",""
"113","4091","31",""
"113","4092","32",""
"113","4093","32",""
"113","4094","33",""
"113","4095","34",""
"113","4096","35",""
"113","4097","37",""
"113","4098","37",""
"113","4099","39",""
"113","4100","41",""
"113","4101","42",""
"113","4102","43",""
"113","4103","44",""
"113","4104","45",""
"113","38998","46",""
"113","4106","47",""
"113","4107","49",""
"113","4108","51",""
"113","4109","51",""
"113","4110","52",""
"113","4111","53",""
"113","4112","53",""
"113","4113","54",""
"113","4114","55",""
"113","4115","56",""
"113","4116","56",""
"113","4117","57",""
"113","4118","58",""
"113","4119","59",""
"113","4120","60",""
"113","4121","60",""
"113","4122","61",""
"113","4124","63",""
"113","4125","64",""
"113","4126","65",""
"113","4127","66",""
"113","4128","67",""
"113","4129","3",""
"113","4130","4",""
"113","4131","5",""
"113","4132","5",""
"113","4133","6",""
"113","4134","7",""
"113","4135","9",""
"131","42274","7",""
"131","0372","10",""
"131","0373","11",""
"131","0374","12",""
"131","0375","12",""
"131","0376","15",""
"131","0377","16",""
"131","0378","18",""
"131","0379","19",""
"131","0380","21",""
"131","0381","24",""
"131","0382","25",""
"131","0383","26",""
"131","0384","29",""
"131","0385","30",""
"131","0386","33",""
"131","0387","34",""
"131","0388","36",""
"131","42275","37",""
"131","0389","38",""
"131","0390","39",""
"131","0391","40",""
"131","0392","41",""
"131","0393","42",""
"131","0394","42",""
"131","0395","43",""
"131","41313","44",""
"131","0396","44",""
"131","41314","47",""
"131","0397","47",""
"131","0398","48",""
"131","0399","49",""
"131","0400","50",""
"131","0401","52",""
"131","0402","52",""
"131","0403","53",""
"131","42276","55",""
"131","0404","57",""
"131","0405","60",""
"131","0406","60",""
"131","0407","63",""
"131","0408","65",""
"131","0409","67",""
"131","0410","70",""
"131","0411","71",""
"131","0412","74",""
"131","0413","75",""
"131","0414","77",""
"131","0415","80",""
"131","0416","80",""
"131","0417","81",""
"131","0418","82",""
"131","0419","83",""
"131","0420","84",""
"141","6622","-1","未發車"
"141","6626","-1","未發車"
"141","6627","-1","未發車"
"141","6628","-1","未發車"
"141","6629","-1","未發車"
"141","6630","-1","未發車"
"141","6631","-1","未發車"
"141","6632","-1","未發車"
"141","6633","2",""
"141","6634","3",""
"141","6635","3",""
"141","6636","3",""
"141","6637","4",""
"141","6639","5",""
"141","0018","7",""
"141","6640","8",""
"141","6641","8",""
"141","6642","9",""
"141","6643","9",""
"141","6644","10",""
"141","6645","13",""
"141","6646","14",""
"141","6647","15",""
"141","6648","18",""
"141","6649","18",""
"141","6650","19",""
"141","6651","19",""
"141","6652","20",""
"1112","10226","27",""
"1112","10225","29",""
"1112","10227","1",""
"1112","10228","2",""
"1112","10229","3",""
"1112","10230","6",""
"1112","10231","7",""
"1112","10232","10",""
"1112","10233","11",""
"1112","10234","14",""
"1112","10235","15",""
"1112","10236","16",""
"1112","10237","16",""
"1112","10238","16",""
"1112","10239","17",""
"1112","10240","17",""
"1112","10241","18",""
"1112","10242","18",""
"1112","10243","19",""
"1112","10244","19",""
"1112","10245","20",""
"1112","40122","20",""
"1112","10247","21",""
"1112","10248","22",""
"211","1479","3",""
"211","1480","5",""
"211","50575","6",""
"211","50574","7",""
"211","1483","15",""
"211","1484","17",""
"211","1485","18",""
"211","1486","21",""
"211","1487","22",""
"211","1488","2",""
"211","1489","2",""
"211","1490","4",""
"211","1491","6",""
"211","1492","8",""
"211","1493","10",""
"211","1494","10",""
"211","1495","11",""
"211","1496","12",""
"211","1497","13",""
"211","1498","14",""
"211","1499","14",""
"211","1500","15",""
"211","1501","16",""
"211","1502","16",""
"211","39067","17",""
"211","1503","2",""
"211","1504","3",""
"211","1505","1",""
"211","1506","3",""
"211","1507","4",""
"211","1508","6",""
"211","1509","7",""
"211","1510","8",""
"211","1511","9",""
"211","1512","10",""
"211","1513","11",""
"211","1514","13",""
"211","1515","13",""
"211","1516","14",""
"211","1517","16",""
"211","1518","16",""
"211","1519","17",""
"211","1520","18",""
"211","1521","20",""
"211","1522","21",""
"211","1523","22",""
"211","1524","23",""
"211","1525","24",""
"211","1526","25",""
"211","1527","26",""
"211","1528","1",""
"211","1529","2",""
"211","1530","3",""
"211","1531","4",""
"211","1532","5",""
"211","1533","7",""
"211","1534","8",""
"211","1535","9",""
"211","1537","3",""
"211","1538","3",""
"211","1422","-1","未發車"
"211","1423","-1","未發車"
"211","1424","-1","未發車"
"211","1425","-1","未發車"
"211","1426","-1","未發車"
"211","1427","1",""
"211","1428","3",""
"211","1429","3",""
"211","1430","4",""
"211","1431","5",""
"211","1432","5",""
"211","1433","7",""
"211","1434","8",""
"211","1435","10",""
"211","1436","10",""
"211","1437","11",""
"211","1438","13",""
"211","1439","2",""
"211","1440","3",""
"211","1442","4",""
"211","1443","6",""
"211","1444","6",""
"211","1445","10",""
"211","1446","11",""
"211","1447","11",""
"211","1448","13",""
"211","1449","14",""
"211","1450","14",""
"211","1451","15",""
"211","1452","17",""
"211","1453","19",""
"211","1454","20",""
"211","1455","1",""
"211","1456","4",""
"211","1457","5",""
"211","1458","5",""
"211","1459","1",""
"211","1460","2",""
"211","1461","3",""
"211","1462","3",""
"211","1463","4",""
"211","1464","6",""
"211","1465","6",""
"211","1466","8",""
"211","1467","9",""
"211","1468","12",""
"211","1469","13",""
"211","1470","14",""
"211","1471","16",""
"211","1472","20",""
"211","1473","20",""
"211","1474","22",""
"211","1475","24",""
"211","1476","4",""
"211","1477","5",""
"211","1478","10",""
"5312","7470","5",""
"5312","7471","7",""
"5312","7472","8",""
"5312","7473","1",""
"5312","7474","2",""
"5312","7475","8",""
"5312","7476","13",""
"5312","7477","2",""
"5312","7478","3",""
"5312","7479","4",""
"5312","7480","6",""
"5312","7481","7",""
"5312","7482","9",""
"5312","7483","10",""
"5312","7484","10",""
"5312","7485","11",""
"5312","7486","12",""
"5312","7487","13",""
"5312","7451","-1","未發車"
"5312","7452","-1","未發車"
"5312","7453","-1","未發車"
"5312","7454","-1","未發車"
"5312","7455","-1","未發車"
"5312","7456","-1","未發車"
"5312","7457","1",""
"5312","7458","2",""
"5312","7459","4",""
"5312","7460","5",""
"5312","7461","6",""
"5312","7462","7",""
"5312","7463","9",""
"5312","7464","12",""
"5312","7465","13",""
"5312","7466","14",""
"5312","7467","1",""
"5312","7468","2",""
"5312","7469","4",""
"5230","2205","3",""
"5230","2206","4",""
"5230","2207","7",""
"5230","2208","7",""
"5230","2209","8",""
"5230","2210","9",""
"5230","2211","9",""
"5230","2212","10",""
"5230","2213","11",""
"5230","2214","12",""
"5230","2215","13",""
"5230","2216","14",""
"5230","2217","14",""
"5230","2218","15",""
"5230","2219","16",""
"5230","2220","17",""
"5230","2221","18",""
"5230","40511","19",""
"5230","2222","20",""
"5230","2223","21",""
"5230","2224","21",""
"5230","2225","2",""
"5230","2226","3",""
"5230","2227","4",""
"5230","3486","4",""
"5230","2181","-1","未發車"
"5230","2182","-1","未發車"
"5230","3485","-1","未發車"
"5230","2183","-1","未發車"
"5230","2184","-1","未發車"
"5230","2185","-1","未發車"
"5230","2186","-1","未發車"
"5230","40510","-1","未發車"
"5230","2187","1",""
"5230","2188","2",""
"5230","2189","3",""
"5230","2190","4",""
"5230","2191","4",""
"5230","2192","5",""
"5230","2193","6",""
"5230","2194","8",""
"5230","2195","9",""
"5230","2196","9",""
"5230","2197","10",""
"5230","2198","11",""
"5230","2199","12",""
"5230","2200","12",""
"5230","2201","13",""
"5230","2202","16",""
"5230","2203","17",""
"5230","2204","19",""
"226","10661","-1","未發車"
"226","10662","1",""
"226","10663","2",""
"226","10664","2",""
"226","10665","4",""
"226","10666","5",""
"226","10667","6",""
"226","10668","6",""
"226","10669","8",""
"226","10670","9",""
"226","10671","11",""
"226","10672","12",""
"226","10673","13",""
"226","10674","2",""
"226","10675","4",""
"226","10676","5",""
"226","10677","6",""
"226","41368","6",""
"226","41370","7",""
"226","10678","20",""
"226","10679","21",""
"226","10680","22",""
"226","10681","23",""
"226","10682","23",""
"226","10683","24",""
"226","10684","1",""
"226","10685","2",""
"226","10686","2",""
"226","10687","2",""
"226","10688","3",""
"226","10689","4",""
"226","10690","4",""
"226","10691","5",""
"226","10692","5",""
"226","10693","6",""
"226","10694","6",""
"226","10695","8",""
"226","10696","9",""
"226","10697","10",""
"226","10698","11",""
"226","10699","12",""
"226","10700","14",""
"226","10701","14",""
"226","10702","15",""
"226","10703","15",""
"226","10704","16",""
"226","10705","16",""
"226","10706","16",""
"226","10707","18",""
"226","10708","1",""
"226","10709","1",""
"226","10710","2",""
"226","10711","2",""
"226","10712","3",""
"226","10713","4",""
"226","10714","4",""
"226","10715","5",""
"226","10716","5",""
"226","41371","6",""
"226","41369","7",""
"226","10717","12",""
"226","10718","3",""
"226","10719","5",""
"226","10720","7",""
"226","10721","9",""
"226","10722","10",""
"226","10723","12",""
"226","10724","14",""
"226","10725","15",""
"226","10726","16",""
"226","10727","17",""
"226","10728","18",""
"226","10729","19",""
"226","10730","22",""
"226","10731","24",""
"226","10732","24",""
"190","14871","17",""
"190","14872","19",""
"190","14873","19",""
"190","14874","21",""
"190","14875","23",""
"190","14876","24",""
"190","14877","25",""
"190","14878","25",""
"190","14879","26",""
"190","14880","28",""
"190","14881","28",""
"190","14882","29",""
"190","14883","30",""
"190","4553","30",""
"190","14884","30",""
"190","14885","31",""
"190","14886","32",""
"190","14887","32",""
"190","14888","32",""
"190","14889","33",""
"190","14890","33",""
"190","14891","34",""
"190","14892","35",""
"190","14893","35",""
"190","14894","36",""
"190","14895","37",""
"190","14896","38",""
"190","14897","38",""
"190","14898","39",""
"190","14899","40",""
"190","14900","41",""
"190","1549","42",""
"190","14901","42",""
"190","14902","44",""
"190","14903","46",""
"190","14904","46",""
"190","14905","46",""
"190","14906","47",""
"190","14907","48",""
"190","14908","48",""
"190","1550","48",""
"190","14909","49",""
"190","14910","50",""
"190","14911","50",""
"190","14912","50",""
"190","14913","51",""
"190","14914","51",""
"190","14915","52",""
"190","14916","52",""
"190","14917","53",""
"190","14918","53",""
"190","14919","54",""
"190","14920","54",""
"190","14921","56",""
"190","14922","1",""
"190","14923","2",""
"190","14924","4",""
"190","14925","4",""
"190","0015","5",""
"190","14926","5",""
"190","14927","6",""
"190","14928","6",""
"190","14929","7",""
"190","14930","8",""
"190","14931","16",""
"190","14932","19",""
"190","14933","21",""
"190","14934","21",""
"190","14935","22",""
"190","14936","22",""
"190","0016","23",""
"190","14937","24",""
"190","14938","25",""
"190","14939","26",""
"190","14940","27",""
"190","14941","28",""
"190","14942","30",""
"190","14943","30",""
"190","14944","1",""
"190","14945","2",""
"190","14946","2",""
"190","14947","4",""
"190","14948","4",""
"190","14949","5",""
"190","14950","5",""
"190","14951","6",""
"190","14952","6",""
"190","1551","7",""
"190","14953","7",""
"190","14954","8",""
"190","14955","8",""
"190","14956","9",""
"190","14957","9",""
"190","14958","10",""
"190","14959","13",""
"190","14960","13",""
"190","1552","14",""
"190","14961","14",""
"190","14962","15",""
"190","14963","15",""
"190","14964","16",""
"190","14965","17",""
"190","14966","17",""
"190","14967","18",""
"190","14968","19",""
"190","14969","19",""
"190","14970","20",""
"190","14971","20",""
"190","14972","21",""
"190","14973","22",""
"190","14974","22",""
"190","14975","22",""
"190","14976","23",""
"190","14977","23",""
"190","4554","24",""
"190","14978","24",""
"190","14979","24",""
"190","14980","25",""
"190","14981","27",""
"190","14982","27",""
"190","14983","29",""
"190","14984","29",""
"190","14985","29",""
"190","14986","30",""
"190","14987","32",""
"190","14988","33",""
"190","14990","37",""
"190","41257","39",""
"5243","16431","47",""
"5243","16432","47",""
"5243","16433","50",""
"5243","16434","52",""
"5243","16435","52",""
"5243","16436","53",""
"5243","16437","54",""
"5243","16438","54",""
"5243","16439","54",""
"5243","16440","56",""
"5243","16441","56",""
"5243","16442","57",""
"5243","16443","57",""
"5243","16444","58",""
"5243","16445","59",""
"5243","16446","60",""
"5243","16447","61",""
"5243","2178","61",""
"5243","2179","63",""
"5243","16448","64",""
"5243","16449","65",""
"5243","16450","65",""
"5243","16451","66",""
"5243","16452","67",""
"5243","16453","67",""
"5243","41292","67",""
"5243","16454","68",""
"5243","16455","69",""
"5243","16456","70",""
"5243","16457","71",""
"5243","16458","72",""
"5243","16459","72",""
"5243","16460","73",""
"5243","39467","1",""
"5243","16461","2",""
"5243","16462","3",""
"5243","16463","3",""
"5243","16464","4",""
"5243","16465","6",""
"5243","16466","6",""
"5243","16467","7",""
"5243","39468","7",""
"5243","16468","8",""
"5243","16469","9",""
"5243","16470","10",""
"5243","16471","10",""
"5243","16472","11",""
"5243","16473","13",""
"5243","16474","13",""
"5243","41293","14",""
"5243","16475","14",""
"5243","16476","15",""
"5243","16477","15",""
"5243","16478","16",""
"5243","16479","17",""
"5243","16480","18",""
"5243","2242","19",""
"5243","2243","20",""
"5243","16481","20",""
"5243","16482","21",""
"5243","16483","22",""
"5243","16484","23",""
"5243","16485","24",""
"5243","16486","25",""
"5243","16487","26",""
"5243","16488","26",""
"5243","16489","27",""
"5243","16490","29",""
"5243","16491","29",""
"5243","16492","29",""
"5243","16493","30",""
"5243","16494","30",""
"5243","16495","31",""
"5243","16496","32",""
"5243","16497","33",""
"5243","16498","34",""
"5239","15791","141",""
"5239","15792","143",""
"5239","15793","146",""
"5239","0047","147",""
"5239","15794","148",""
"5239","15795","149",""
"5239","15796","150",""
"5239","15797","151",""
"5239","15798","153",""
"5239","0048","153",""
"5239","15799","154",""
"5239","15800","155",""
"5239","15801","156",""
"5239","15802","157",""
"5239","15803","158",""
"5239","15804","158",""
"5239","15805","160",""
"5239","15806","161",""
"5239","15807","163",""
"5239","15808","164",""
"5239","15809","164",""
"5239","15810","165",""
"5239","15811","166",""
"5239","15812","167",""
"5239","15813","168",""
"5239","1936","168",""
"5239","15814","168",""
"5239","15815","169",""
"5239","15816","169",""
"5239","15817","170",""
"5239","15818","170",""
"5239","15819","172",""
"5239","15820","173",""
"5239","15821","173",""
"5239","15822","174",""
"5239","15823","174",""
"5239","15824","175",""
"5239","15825","176",""
"5239","15826","176",""
"5239","15827","176",""
"5239","15828","177",""
"5239","15829","177",""
"5239","15830","178",""
"5239","15831","178",""
"5239","15832","179",""
"5239","15833","179",""
"5239","15834","181",""
"5239","15835","182",""
"5239","15836","183",""
"5239","15837","184",""
"5239","15838","184",""
"5239","1937","185",""
"5239","15839","186",""
"5239","15840","186",""
"5239","15841","187",""
"5239","15842","188",""
"5239","15843","189",""
"5239","15844","190",""
"5239","15845","191",""
"5239","15846","193",""
"5239","15847","194",""
"5239","15848","196",""
"5239","15849","197",""
"5239","15850","199",""
"5239","15851","199",""
"5239","15852","200",""
"5239","15853","201",""
"5239","0049","202",""
"5239","15854","203",""
"5239","15855","204",""
"5239","15856","205",""
"5239","15857","206",""
"5239","15858","207",""
"5239","0050","208",""
"5239","15859","209",""
"5239","15860","214",""
"5239","15861","215",""
"5239","15862","216",""
"8029","26101","17",""
"8029","26102","18",""
"8029","26103","20",""
"8029","26104","21",""
"8029","26105","22",""
"8029","26106","25",""
"8029","26107","27",""
"8029","26108","28",""
"8029","26109","29",""
"8029","26110","31",""
"8029","26111","33",""
"8031","26171","66",""
"8031","26172","66",""
"8031","26173","67",""
"8031","26174","67",""
"8031","26175","68",""
"8031","26176","68",""
"8031","26177","69",""
"8031","26178","69",""
"8031","26179","70",""
"8031","26180","70",""
"8031","26181","71",""
"8031","26184","71",""
"8031","26183","72",""
"8031","26185","72",""
"8031","26187","73",""
"8031","26190","73",""
"8031","26191","74",""
"8031","26192","74",""
"8031","26193","75",""
"8031","26194","75",""
"8031","26195","76",""
"8031","26196","76",""
"8031","26197","77",""
"8031","26198","77",""
"8031","26199","78",""
"8031","26200","78",""
"8031","26201","79",""
"8031","26202","79",""
"8031","26203","80",""
"2035","27511","6",""
"2035","27512","8",""
"2035","27513","13",""
"2035","27514","16",""
"2035","27515","23",""
"2035","27516","27",""
"5229","3976","5",""
"5229","3977","5",""
"5229","3978","6",""
"5229","3979","8",""
"5229","3971","25",""
"5229","3972","26",""
"5229","3973","26",""
"5229","3974","27",""
"5229","3975","28",""
"1040","29781","61",""
"1040","29782","61",""
"1040","29783","62",""
"1040","29784","62",""
"1040","29785","63",""
"1040","29786","63",""
"1040","29787","64",""
"5623","7163","36",""
"5623","7164","38",""
"5623","7165","39",""
"5623","7166","43",""
"5623","7167","47",""
"5623","7168","50",""
"5623","7169","51",""
"5623","41254","57",""
"5623","7170","61",""
"5623","7171","61",""
"5623","7172","62",""
"5623","7173","64",""
"5623","7174","3",""
"5623","7151","7",""
"5623","7152","9",""
"5623","7153","9",""
"5623","7154","10",""
"5623","7155","11",""
"5623","7156","11",""
"5623","40734","12",""
"5623","7157","16",""
"5623","7158","19",""
"5623","7159","21",""
"5623","7160","23",""
"5623","7161","25",""
"5623","42196","29",""
"5623","7162","34",""
"2008","22641","16",""
"2008","22642","17",""
"2008","22643","18",""
"2008","22644","19",""
"2008","22645","21",""
"2008","22646","22",""
"2008","22647","23",""
"2008","22648","23",""
"2008","22649","25",""
"2008","22650","26",""
"2008","22651","27",""
"2008","22652","28",""
"2008","22653","29",""
"2008","22654","30",""
"2008","22655","31",""
"2008","22656","31",""
"2008","22657","32",""
"2008","22658","32",""
"2008","22659","34",""
"2008","22660","35",""
"2008","22661","36",""
"2008","22662","37",""
"2008","22663","38",""
"2008","22664","38",""
"2008","22665","39",""
"2008","22666","40",""
"2008","22667","46",""
"2008","22668","46",""
"2008","22669","46",""
"2008","22670","47",""
"2008","22671","48",""
"2008","22672","48",""
"2008","22673","50",""
"2008","22674","51",""
"2008","22675","52",""
"2008","22676","53",""
"2008","22677","54",""
"2008","22678","56",""
"2008","22679","56",""
"2008","22680","56",""
"2008","22681","58",""
"2008","22682","58",""
"2008","22683","59",""
"2008","22684","60",""
"2008","22685","61",""
"2008","22686","62",""
"2008","22687","63",""
"2008","22688","63",""
"2008","22689","64",""
"2008","22690","64",""
"2008","22691","65",""
"2008","22692","66",""
"2008","22693","67",""
"9014","27821","26",""
"9014","27822","26",""
"9014","27823","27",""
"9014","27824","28",""
"9014","27825","30",""
"9014","27826","2",""
"9014","27827","4",""
"9014","27828","5",""
"9014","27829","11",""
"9014","27830","13",""
"9014","27831","15",""
"9014","27832","16",""
"9014","27833","17",""
"9014","27834","17",""
"9014","27835","18",""
"9014","27836","19",""
"9014","27837","20",""
"9014","27838","21",""
"9014","27839","23",""
"9014","27840","24",""
"9014","27841","24",""
"9014","27842","25",""
"9020","28011","16",""
"9020","28012","21",""
"9020","28013","27",""
"9020","28014","29",""
"9020","28015","29",""
"9020","28016","32",""
"9020","28017","38",""
"9020","28018","38",""
"9020","28019","43",""
"9020","28020","44",""
"9020","28021","46",""
"9020","28022","47",""
"9020","28023","48",""
"9020","28024","49",""
"9020","28025","49",""
"9020","28026","51",""
"9020","28027","52",""
"9020","28028","56",""
"9020","28029","56",""
"6014","27231","67",""
"6014","27232","67",""
"6014","27233","69",""
"6014","27234","71",""
"6014","27235","72",""
"6014","27236","74",""
"6014","27237","76",""
"6014","27238","78",""
"6014","27239","78",""
"803","11954","10",""
"803","11955","11",""
"803","11956","11",""
"803","11957","11",""
"803","11958","12",""
"803","11959","13",""
"803","1153","13",""
"803","11960","14",""
"803","11961","15",""
"803","11962","15",""
"803","11963","17",""
"803","11964","18",""
"803","11965","19",""
"803","11966","20",""
"803","11967","21",""
"803","11968","22",""
"803","11969","23",""
"803","11970","24",""
"803","11971","25",""
"803","11972","26",""
"803","11973","2",""
"803","11974","4",""
"803","11975","4",""
"803","11976","4",""
"803","11977","5",""
"803","11978","6",""
"803","11979","9",""
"803","11980","10",""
"803","11981","11",""
"803","11982","11",""
"803","11983","12",""
"803","11984","13",""
"803","11985","14",""
"803","11986","14",""
"803","11987","15",""
"803","11988","17",""
"803","11989","18",""
"803","11990","19",""
"803","11991","21",""
"803","11992","21",""
"803","11993","22",""
"803","11921","-1","未發車"
"803","11922","-1","未發車"
"803","11923","-1","未發車"
"803","11924","-1","未發車"
"803","11925","-1","未發車"
"803","11926","-1","未發車"
"803","11927","-1","未發車"
"803","11928","-1","未發車"
"803","11929","-1","未發車"
"803","11930","-1","未發車"
"803","11931","-1","未發車"
"803","11932","-1","未發車"
"803","11933","-1","未發車"
"803","11934","-1","未發車"
"803","11935","-1","未發車"
"803","11936","-1","未發車"
"803","11937","-1","未發車"
"803","11938","-1","未發車"
"803","11939","-1","未發車"
"803","11940","-1","未發車"
"803","11941","-1","未發車"
"803","11942","-1","未發車"
"803","11943","-1","未發車"
"803","11944","-1","未發車"
"803","11945","-1","未發車"
"803","11946","-1","未發車"
"803","11947","2",""
"803","11948","2",""
"803","11949","5",""
"803","11950","5",""
"803","11951","6",""
"803","11952","8",""
"803","11953","9",""
"5663","21494","66",""
"5663","21495","66",""
"5663","21496","68",""
"5663","21497","70",""
"5663","21498","71",""
"5663","21499","74",""
"5663","21500","75",""
"5663","21501","80",""
"5663","21502","81",""
"5663","21503","86",""
"5663","21504","87",""
"5663","21505","87",""
"5663","21506","88",""
"5663","21507","88",""
"5663","21508","89",""
"5663","21509","89",""
"5663","21510","90",""
"5663","21511","90",""
"5663","40540","91",""
"5663","21512","92",""
"5663","21513","93",""
"5663","21514","94",""
"5663","21515","95",""
"5663","21516","95",""
"5663","21517","96",""
"5663","21518","96",""
"5663","21519","97",""
"5663","21520","98",""
"5663","21521","98",""
"5663","21522","99",""
"5663","21523","100",""
"5663","21524","100",""
"5663","21525","101",""
"5663","21526","102",""
"5663","21527","103",""
"5663","21528","104",""
"5663","21529","105",""
"5663","39619","106",""
"5663","21530","107",""
"5663","21531","1",""
"5663","21535","1",""
"5663","21536","2",""
"5663","21537","2",""
"5663","21538","3",""
"5663","21539","3",""
"5663","21540","4",""
"5663","21541","4",""
"5663","21542","5",""
"5663","21543","5",""
"5663","21544","6",""
"5663","21545","6",""
"5663","21546","6",""
"5663","21547","6",""
"5663","21548","7",""
"5663","21549","7",""
"5663","21550","8",""
"5663","21551","9",""
"5663","21552","9",""
"5663","21553","10",""
"5663","21554","10",""
"5663","21555","67",""
"5663","21556","67",""
"5663","21557","68",""
"5663","21558","70",""
"5663","21559","70",""
"5663","21560","71",""
"5663","21561","71",""
"5663","21562","71",""
"5663","21563","73",""
"5663","21564","74",""
"5663","21565","78",""
"5663","21566","81",""
"5663","21567","81",""
"5663","21568","81",""
"5663","21569","82",""
"5663","21570","1",""
"5663","21571","2",""
"5663","21572","3",""
"5663","21573","4",""
"5663","21574","6",""
"5663","21578","7",""
"5663","21579","7",""
"5663","21580","8",""
"5663","21581","8",""
"5663","21582","12",""
"5663","21583","13",""
"5663","21584","13",""
"5663","21585","14",""
"5663","21586","14",""
"5663","21587","15",""
"5663","21588","16",""
"5663","21589","17",""
"5663","21590","17",""
"5663","21591","19",""
"5663","21592","19",""
"5663","21593","21",""
"5663","21594","21",""
"5663","21595","22",""
"5663","40541","23",""
"5663","21596","24",""
"5663","21597","25",""
"5663","21598","26",""
"5663","21599","27",""
"5663","21600","27",""
"5663","21601","28",""
"5663","21602","28",""
"5663","21603","29",""
"5663","21604","29",""
"5663","21605","32",""
"5663","21606","5",""
"5663","21607","6",""
"5663","21608","8",""
"5663","21609","10",""
"5663","21610","12",""
"5663","21611","12",""
"5663","21612","14",""
"5663","21613","15",""
"5663","21614","16",""
"5663","21615","17",""
"5663","21616","18",""
"5663","21617","19",""
"127","12451","6",""
"127","12452","6",""
"127","12453","9",""
"127","12454","10",""
"127","12455","11",""
"127","12456","12",""
"127","12457","12",""
"127","12458","14",""
"127","12459","15",""
"127","12460","15",""
"127","12461","17",""
"127","12462","17",""
"127","12463","19",""
"127","12464","19",""
"127","12465","20",""
"127","12466","21",""
"127","12467","22",""
"127","12468","23",""
"127","12469","23",""
"127","12470","24",""
"127","12471","25",""
"127","12472","26",""
"127","12473","27",""
"127","12474","29",""
"127","12475","29",""
"127","12476","30",""
"127","12477","30",""
"127","12478","31",""
"127","12479","33",""
"127","12480","33",""
"127","12481","34",""
"127","12482","35",""
"127","12483","35",""
"127","12484","35",""
"127","12485","36",""
"127","12486","37",""
"127","12487","37",""
"127","12488","38",""
"127","12489","38",""
"127","12490","39",""
"127","12491","39",""
"127","12492","40",""
"127","12493","40",""
"127","12494","42",""
"127","12495","42",""
"127","12496","44",""
"127","12497","45",""
"127","12498","45",""
"127","12499","46",""
"127","12500","46",""
"127","12501","47",""
"127","12502","48",""
"127","12503","49",""
"127","12504","51",""
"127","12505","52",""
"127","12506","53",""
"127","12507","53",""
"127","12508","54",""
"127","12509","54",""
"127","12510","55",""
"127","12511","56",""
"127","12512","57",""
"127","12513","57",""
"127","12514","58",""
"127","12515","59",""
"127","12516","59",""
"127","12517","60",""
"127","12518","61",""
"127","12519","62",""
"127","12520","63",""
"127","12521","63",""
"127","12522","64",""
"127","12523","64",""
"127","12524","65",""
"127","12525","65",""
"127","12526","66",""
"127","12527","66",""
"127","12528","66",""
"127","12529","68",""
"127","12530","68",""
"127","12531","69",""
"127","12532","69",""
"127","12533","70",""
"127","12534","71",""
"127","12535","71",""
"127","12536","72",""
"127","12537","73",""
"128","19482","46",""
"128","19483","46",""
"128","19484","48",""
"128","19485","48",""
"128","19486","49",""
"128","19487","50",""
"128","19488","50",""
"128","19489","51",""
"128","19490","52",""
"128","19491","53",""
"128","19492","54",""
"128","19493","54",""
"128","19494","56",""
"128","19495","56",""
"128","19496","57",""
"128","19497","58",""
"128","19498","59",""
"128","19499","59",""
"128","19500","60",""
"128","19501","61",""
"128","19502","62",""
"128","19503","62",""
"128","19504","63",""
"128","19505","64",""
"128","19506","65",""
"128","19507","65",""
"128","19508","66",""
"128","19509","67",""
"128","19510","67",""
"128","19511","68",""
"128","19512","68",""
"128","19513","69",""
"128","19514","70",""
"128","19515","70",""
"128","19516","71",""
"128","19517","71",""
"128","19518","72",""
"128","19519","73",""
"128","19520","74",""
"128","19521","74",""
"128","19522","75",""
"128","19523","75",""
"128","19524","75",""
"128","19525","76",""
"128","19526","77",""
"128","19527","77",""
"128","19528","78",""
"128","19529","78",""
"128","19530","79",""
"128","19531","80",""
"128","19532","80",""
"128","19533","81",""
"128","19534","82",""
"128","19535","84",""
"128","19536","85",""
"128","19537","86",""
"128","19538","87",""
"128","19539","87",""
"128","19540","89",""
"128","19541","89",""
"128","19542","89",""
"128","19543","90",""
"128","19544","91",""
"128","19545","91",""
"128","19546","92",""
"128","19547","92",""
"128","19548","93",""
"128","19549","94",""
"128","19550","94",""
"482","32451","12",""
"482","32452","13",""
"482","32453","14",""
"482","32454","15",""
"482","32455","16",""
"482","1160","18",""
"482","32456","22",""
"482","32457","6",""
"482","32458","9",""
"482","32459","12",""
"482","32460","14",""
"482","32461","18",""
"482","32462","20",""
"482","32463","24",""
"482","32464","25",""
"482","32465","27",""
"482","32466","1",""
"482","32467","2",""
"482","32468","3",""
"482","32469","4",""
"482","32470","5",""
"482","32471","7",""
"482","32472","7",""
"482","32473","8",""
"482","32474","10",""
"482","32475","12",""
"482","32476","12",""
"482","32477","14",""
"482","32478","14",""
"482","32479","15",""
"482","32480","15",""
"482","32481","16",""
"482","32482","17",""
"482","32483","18",""
"482","32484","19",""
"482","32485","20",""
"482","32486","20",""
"482","32487","22",""
"482","32488","24",""
"482","32489","25",""
"482","32490","26",""
"482","32491","26",""
"482","32492","27",""
"482","32493","27",""
"482","32494","29",""
"482","32495","29",""
"482","32406","-1","未發車"
"482","32407","-1","未發車"
"482","32408","-1","未發車"
"482","32409","-1","未發車"
"482","32410","-1","未發車"
"482","32411","-1","未發車"
"482","32412","-1","未發車"
"482","32413","-1","未發車"
"482","32414","-1","未發車"
"482","32415","-1","未發車"
"482","32416","-1","未發車"
"482","32417","-1","未發車"
"482","32418","-1","未發車"
"482","32419","-1","未發車"
"482","32420","-1","未發車"
"482","32421","-1","未發車"
"482","32422","-1","未發車"
"482","32423","-1","未發車"
"482","32424","-1","未發車"
"482","32425","2",""
"482","32426","3",""
"482","32427","4",""
"482","32428","5",""
"482","32429","7",""
"482","32430","10",""
"482","32431","10",""
"482","32432","11",""
"482","32433","12",""
"482","32434","13",""
"482","32435","14",""
"482","32436","16",""
"482","32437","2",""
"482","32438","4",""
"482","32439","8",""
"482","32440","14",""
"482","32441","16",""
"482","32442","20",""
"482","32443","23",""
"482","32444","26",""
"482","32445","1",""
"482","32446","2",""
"482","32447","3",""
"482","32448","6",""
"482","32449","7",""
"482","32450","8",""
"484","32535","125",""
"484","32536","125",""
"484","32537","126",""
"484","32538","127",""
"484","32539","130",""
"484","32540","130",""
"484","32541","131",""
"484","32542","132",""
"484","32544","132",""
"484","32545","135",""
"484","32546","139",""
"484","32547","142",""
"484","32548","145",""
"484","32549","151",""
"484","32550","155",""
"484","32551","158",""
"484","32552","162",""
"484","32553","163",""
"484","32554","164",""
"484","32555","165",""
"484","32556","165",""
"484","32557","167",""
"484","32558","167",""
"484","32559","169",""
"484","32560","171",""
"484","32561","172",""
"484","32562","173",""
"484","32563","174",""
"484","32564","174",""
"484","32565","175",""
"484","32566","175",""
"484","32567","176",""
"484","32568","177",""
"484","32569","177",""
"484","32570","178",""
"484","39354","179",""
"484","39356","182",""
"484","39355","66",""
"484","39353","67",""
"484","32508","68",""
"484","32509","68",""
"484","32510","69",""
"484","32511","70",""
"484","32512","70",""
"484","32513","72",""
"484","32514","72",""
"484","32515","73",""
"484","32516","75",""
"484","32517","76",""
"484","32518","77",""
"484","32519","78",""
"484","32520","80",""
"484","32521","81",""
"484","32522","82",""
"484","32523","83",""
"484","32524","84",""
"484","32525","85",""
"484","32526","87",""
"484","32527","89",""
"484","32528","93",""
"484","32529","98",""
"484","32530","102",""
"484","32531","108",""
"484","32532","111",""
"484","32533","115",""
"484","1544","116",""
"484","40345","118",""
"484","32534","124",""
"5209","0176","26",""
"5209","0177","26",""
"5209","0179","27",""
"5209","40520","28",""
"5209","0180","31",""
"5209","0181","32",""
"5209","0182","33",""
"5209","0183","34",""
"5209","0184","35",""
"5209","0185","37",""
"5209","0186","38",""
"5209","0187","38",""
"5209","0188","39",""
"5209","0189","44",""
"5209","0191","47",""
"5209","0533","50",""
"5209","0192","51",""
"5209","0193","52",""
"5209","0194","53",""
"5209","0195","54",""
"5209","0196","55",""
"5209","0197","57",""
"5209","0198","60",""
"5209","0199","61",""
"5209","0200","62",""
"157","33126","18",""
"157","33127","2",""
"157","33128","3",""
"157","33129","5",""
"157","33130","6",""
"157","33131","9",""
"157","33132","2",""
"157","33133","5",""
"157","33134","7",""
"157","33135","11",""
"157","33136","12",""
"157","2249","12",""
"157","33137","14",""
"157","33138","15",""
"157","33139","18",""
"157","33140","1",""
"157","33141","4",""
"157","33142","4",""
"157","33143","3",""
"157","33144","4",""
"157","33145","8",""
"157","33146","9",""
"157","33147","2",""
"157","33148","2",""
"157","33149","4",""
"157","33150","5",""
"157","33151","8",""
"157","33152","10",""
"157","33153","11",""
"157","33154","12",""
"157","33155","13",""
"157","33156","14",""
"157","33157","16",""
"157","33158","1",""
"157","33159","2",""
"157","33160","4",""
"157","33161","5",""
"157","33162","6",""
"157","33163","6",""
"157","33164","7",""
"157","33165","7",""
"157","33087","-1","未發車"
"157","33088","-1","未發車"
"157","33089","-1","未發車"
"157","33090","1",""
"157","33091","2",""
"157","33092","3",""
"157","33093","4",""
"157","33094","6",""
"157","33095","8",""
"157","33096","1",""
"157","33097","1",""
"157","33098","2",""
"157","33099","3",""
"157","33100","5",""
"157","33101","8",""
"157","39649","8",""
"157","33102","9",""
"157","33103","9",""
"157","33104","2",""
"157","33105","3",""
"157","33106","5",""
"157","33107","6",""
"157","33108","2",""
"157","33109","3",""
"157","33110","8",""
"157","33111","10",""
"157","33112","12",""
"157","33113","14",""
"157","33114","17",""
"157","33115","18",""
"157","33116","19",""
"157","33117","2",""
"157","33118","3",""
"157","33119","3",""
"157","33120","4",""
"157","33121","7",""
"157","33122","9",""
"157","33123","12",""
"157","33124","13",""
"157","33125","15",""
"5410","33455","7",""
"5410","33456","8",""
"5410","33457","10",""
"5410","33458","11",""
"5410","33459","12",""
"5410","33460","13",""
"5410","33461","14",""
"5410","33462","16",""
"5410","33463","17",""
"5410","33464","18",""
"5410","33465","19",""
"5410","33466","21",""
"5410","33467","21",""
"5410","33468","22",""
"5410","33469","22",""
"5410","33470","23",""
"5410","33471","24",""
"5410","33472","24",""
"5410","33473","25",""
"5410","33474","26",""
"5410","38976","26",""
"5410","33475","26",""
"5410","1372","26",""
"5410","1373","27",""
"5410","1374","28",""
"5410","1375","28",""
"5410","1376","29",""
"5410","1377","29",""
"5410","1378","30",""
"5410","1379","2",""
"5410","1380","2",""
"5410","1381","3",""
"5410","1382","3",""
"5410","1383","5",""
"5410","38981","5",""
"5410","1384","5",""
"5410","38978","6",""
"5410","33476","6",""
"5410","33477","7",""
"5410","33478","8",""
"5410","33479","8",""
"5410","33480","10",""
"5410","33481","10",""
"5410","33482","11",""
"5410","33483","11",""
"5410","55858","12",""
"5410","33484","12",""
"5410","33485","13",""
"5410","33486","14",""
"5410","33487","14",""
"5410","33488","16",""
"5410","33489","16",""
"5410","33491","17",""
"5410","33492","18",""
"5410","33493","19",""
"5410","33494","21",""
"5410","33495","22",""
"5410","33496","23",""
"5410","33497","24",""
"5410","33498","28",""
"5410","33499","30",""
"5410","33500","35",""
"5410","33501","36",""
"5215","33559","96",""
"5215","33560","96",""
"5215","33561","97",""
"5215","33562","97",""
"5215","33563","98",""
"5215","33564","99",""
"5215","33565","100",""
"5215","33566","101",""
"5215","33567","103",""
"5215","34431","104",""
"5215","33568","107",""
"5215","33569","109",""
"5215","33570","110",""
"5215","33571","111",""
"5215","33572","112",""
"5215","33573","113",""
"5215","33574","114",""
"5215","33575","115",""
"5215","33576","117",""
"5215","33577","117",""
"5215","33578","118",""
"5215","33579","119",""
"5215","33580","119",""
"5215","33581","120",""
"5215","34432","123",""
"5215","33582","123",""
"5215","33583","123",""
"5215","3566","123",""
"5215","33584","126",""
"5215","33585","127",""
"5215","45948","128",""
"5215","33586","128",""
"5215","33587","130",""
"5215","33588","132",""
"5215","33589","133",""
"5215","33590","133",""
"5215","33591","134",""
"5215","33592","136",""
"5215","33593","137",""
"5215","33594","138",""
"5215","33595","139",""
"5215","33596","140",""
"5215","33597","141",""
"5215","33598","142",""
"5215","33599","145",""
"5215","33600","147",""
"485","33783","2",""
"485","33784","4",""
"485","33785","5",""
"485","33787","5",""
"485","33788","6",""
"485","33789","7",""
"485","33790","10",""
"485","33791","14",""
"485","33793","18",""
"485","33794","18",""
"485","33796","23",""
"485","33797","24",""
"485","33798","26",""
"485","33799","28",""
"485","33800","29",""
"485","33801","30",""
"485","33802","31",""
"485","33803","33",""
"485","33804","34",""
"485","33805","36",""
"485","33806","37",""
"485","33807","38",""
"485","33808","39",""
"485","33809","39",""
"485","33810","41",""
"485","33811","42",""
"485","33812","43",""
"485","33813","44",""
"485","33814","45",""
"485","33815","46",""
"485","3659","47",""
"485","33816","48",""
"485","33817","52",""
"485","33818","55",""
"485","33819","56",""
"485","33820","57",""
"485","1855","59",""
"485","33821","60",""
"485","33822","61",""
"485","33823","61",""
"485","33824","2",""
"485","33825","2",""
"485","33826","5",""
"485","33827","5",""
"485","33828","6",""
"485","1856","7",""
"485","33829","8",""
"485","33830","9",""
"485","33831","9",""
"485","33832","10",""
"485","33833","12",""
"485","33834","12",""
"485","33835","13",""
"485","33836","15",""
"485","33837","17",""
"485","33838","18",""
"485","33839","19",""
"485","33840","20",""
"485","33841","21",""
"485","33722","-1","未發車"
"485","33723","-1","未發車"
"485","33724","-1","未發車"
"485","33725","-1","未發車"
"485","33726","-1","未發車"
"485","33727","-1","未發車"
"485","33728","-1","未發車"
"485","33729","-1","未發車"
"485","33730","-1","未發車"
"485","33731","-1","未發車"
"485","33732","2",""
"485","33733","3",""
"485","1854","3",""
"485","33734","4",""
"485","33735","5",""
"485","33736","6",""
"485","33737","7",""
"485","33738","7",""
"485","33739","9",""
"485","33740","11",""
"485","33741","11",""
"485","33742","12",""
"485","33743","13",""
"485","33744","15",""
"485","33745","17",""
"485","33746","18",""
"485","33747","18",""
"485","33748","23",""
"485","3658","23",""
"485","33749","2",""
"485","33750","3",""
"485","33751","4",""
"485","33752","5",""
"485","33753","6",""
"485","33754","7",""
"485","33755","8",""
"485","33756","9",""
"485","33757","10",""
"485","33758","11",""
"485","33759","13",""
"485","33760","14",""
"485","33761","15",""
"485","33762","2",""
"485","33763","4",""
"485","33764","5",""
"485","33765","6",""
"485","33766","8",""
"485","33767","9",""
"485","33768","10",""
"485","33770","14",""
"485","33771","15",""
"485","33773","20",""
"485","33774","23",""
"485","33775","25",""
"485","33776","1",""
"485","2248","2",""
"485","33777","3",""
"485","33778","4",""
"485","33779","5",""
"485","33780","6",""
"485","33781","7",""
"485","33782","8",""
"436","33280","19",""
"436","33281","2",""
"436","33282","4",""
"436","33283","8",""
"436","33284","11",""
"436","33285","12",""
"436","33286","13",""
"436","33287","1",""
"436","33288","3",""
"436","33289","3",""
"436","33290","6",""
"436","33291","9",""
"436","33292","10",""
"436","33293","11",""
"436","33294","17",""
"436","33295","18",""
"436","33296","20",""
"436","33297","20",""
"436","33298","21",""
"436","33299","23",""
"436","33300","1",""
"436","33301","3",""
"436","33302","5",""
"436","33303","5",""
"436","39392","6",""
"436","39391","7",""
"436","39389","8",""
"436","39387","9",""
"436","39386","-1","未發車"
"436","39388","-1","未發車"
"436","39390","-1","未發車"
"436","33250","-1","未發車"
"436","33251","-1","未發車"
"436","33252","-1","未發車"
"436","33253","-1","未發車"
"436","33254","-1","未發車"
"436","33255","-1","未發車"
"436","33256","-1","未發車"
"436","33257","-1","未發車"
"436","33258","2",""
"436","33259","3",""
"436","33260","8",""
"436","33261","9",""
"436","33262","11",""
"436","33263","13",""
"436","33264","4",""
"436","33265","6",""
"436","33266","7",""
"436","33267","7",""
"436","33268","8",""
"436","33269","9",""
"436","33270","10",""
"436","33271","10",""
"436","33272","13",""
"436","33273","4",""
"436","33274","5",""
"436","33275","7",""
"436","33276","10",""
"436","33277","12",""
"436","33278","14",""
"436","33279","17",""
"438","33415","8",""
"438","33416","11",""
"438","33417","12",""
"438","33418","1",""
"438","33419","3",""
"438","33420","6",""
"438","33421","8",""
"438","33422","1",""
"438","33423","4",""
"438","33424","7",""
"438","33425","8",""
"438","33426","10",""
"438","33427","11",""
"438","33428","13",""
"438","33429","1",""
"438","33430","4",""
"438","33431","5",""
"438","33432","6",""
"438","33433","7",""
"438","33434","8",""
"438","33435","8",""
"438","33436","9",""
"438","33437","11",""
"438","33438","14",""
"438","33439","15",""
"438","33440","17",""
"438","33441","18",""
"438","33442","18",""
"438","33443","19",""
"438","33444","20",""
"438","33385","-1","未發車"
"438","33386","-1","未發車"
"438","33387","-1","未發車"
"438","33388","-1","未發車"
"438","33389","-1","未發車"
"438","33390","-1","未發車"
"438","33391","-1","未發車"
"438","33392","-1","未發車"
"438","33393","-1","未發車"
"438","33394","-1","未發車"
"438","33395","-1","未發車"
"438","33396","-1","未發車"
"438","33397","2",""
"438","33398","3",""
"438","33399","3",""
"438","33400","5",""
"438","33401","6",""
"438","33402","8",""
"438","33403","10",""
"438","33404","13",""
"438","33405","14",""
"438","33406","1",""
"438","33407","3",""
"438","33408","7",""
"438","33409","8",""
"438","33410","9",""
"438","33411","10",""
"438","33412","3",""
"438","33413","5",""
"438","33414","8",""
"413","14001","-1","未發車"
"413","14002","-1","未發車"
"413","14003","-1","未發車"
"413","14004","-1","未發車"
"413","2383","-1","未發車"
"413","14005","-1","未發車"
"413","14006","-1","未發車"
"413","14007","1",""
"413","14008","2",""
"413","14009","4",""
"413","14010","5",""
"413","14011","5",""
"413","14012","6",""
"413","14013","7",""
"413","14014","8",""
"413","14015","9",""
"413","14016","1",""
"413","14017","2",""
"413","14018","5",""
"413","14019","8",""
"413","14020","8",""
"413","14021","10",""
"413","14022","3",""
"413","14023","4",""
"413","14024","5",""
"413","14025","1",""
"413","14026","2",""
"413","14027","3",""
"413","14028","4",""
"413","14029","5",""
"413","14030","10",""
"413","14031","11",""
"413","14032","13",""
"413","14033","15",""
"413","14034","16",""
"413","14035","3",""
"413","14036","4",""
"413","14037","7",""
"413","14038","8",""
"413","14039","9",""
"413","1547","9",""
"413","14040","1",""
"413","14041","2",""
"413","14042","2",""
"413","14043","3",""
"413","14044","2",""
"413","14045","2",""
"413","14046","3",""
"413","14047","4",""
"413","14048","5",""
"413","14049","7",""
"413","14050","7",""
"413","14051","9",""
"413","14052","10",""
"413","14053","11",""
"413","14054","12",""
"413","14055","13",""
"413","14056","14",""
"413","14057","2",""
"413","14058","3",""
"413","14059","4",""
"413","14060","4",""
"413","14061","9",""
"413","14062","2",""
