區域,量測點,平均下載速率註,平均上傳速率註,階段
宜蘭縣,,,,
三星鄉,天送埤火車站大廳,2.02,1.11,一
三星鄉,青蔥文化館大門,4,1.19,一
三星鄉,陳定南紀念館大門口,1.41,0.78,一
大同鄉,明池森林遊樂園,2.69,1.13,一
,(停車場),,,
大同鄉,棲蘭森林遊樂園停車場,5.02,0.94,一
大同鄉,鳩之澤溫泉,4.68,0.99,一
五結鄉,國立傳統藝術中心大廳,7.76,1.15,一
五結鄉,五結喜互惠超市,7.64,1.55,一
五結鄉,冬山河親水公園,9.54,1.58,一
冬山鄉,冬山火車站大廳,3.96,1.25,一
冬山鄉,梅花湖風景區,2.37,1.08,一
冬山鄉,新寮瀑布入口,3.78,1.02,一
壯圍鄉,壯圍鄉公所大門口,8.89,1.41,一
壯圍鄉,大福補天宮前廣場,5.74,1.35,一
壯圍鄉,永鎮開漳聖王廟前廣場,8.96,1.51,一
宜蘭市,宜蘭火車站大廳,8.68,1.07,一
宜蘭市,宜蘭東門夜市,8.13,1.38,一
宜蘭市,新月廣場美食街,11.16,1.52,一
南澳鄉,東澳火車站大廳,2.31,1.17,一
南澳鄉,南澳火車站大廳,3.04,1.28,一
南澳鄉,莎韻之鍾涼亭,4.35,1.34,一
員山鄉,天雕公園,6.32,1.22,一
員山鄉,金車酒廠,7.03,1.2,一
員山鄉,員山公園,5.77,1.25,一
頭城鎮,外澳海水浴場,5.79,1.32,一
頭城鎮,頭城火車站大廳,2.44,0.9,一
頭城鎮,頭城鎮公所大門,4.94,1.18,一
礁溪鄉,礁溪火車站大廳,7.12,1.49,一
礁溪鄉,湯圍溝公園,7.43,1.46,一
礁溪鄉,礁溪老爺酒店大廳,5.34,1.4,一
羅東鎮,文化工場,7.01,1.41,一
羅東鎮,羅東夜市,7.16,1.39,一
羅東鎮,羅東運動公園,7.88,1.27,一
蘇澳鎮,豆腐岬風景區大門口,4.03,1.14,一
蘇澳鎮,武荖坑風景區大門口,10.4,1.06,一
蘇澳鎮,蘇澳冷泉,6.76,1.41,一
新北市,,,,
八里區,十三行博物館售票口,4.2,0.85,一
八里區,八仙樂園大門入口處,2.59,1.04,一
八里區,八里文化公園,3.96,1.37,一
三芝區,三芝區公所大門口,5.07,1.4,一
三芝區,三芝遊客中心大門口,4.62,1.06,一
三芝區,三芝馬偕醫學院大門口,3.91,1.09,一
三重區,三重先嗇宮廟口,4.79,1.33,一
三重區,三重天台廣場大門口,5.03,1.37,一
三重區,三重家樂福美食街,6.44,1.37,一
三峽區,新北市立,8.07,1.4,一
,客家文化園區入口處,,,
三峽區,山峽老街,10.25,1.48,一
三峽區,山峽黃昏市場,5.85,1.35,一
三峽區,財團法人恩主公,5.35,1.39,一
,醫院大廳,,,
土城區,捷運海山站入口處,4.74,1.54,一
土城區,金城路廣川醫院大廳,8.36,1.61,一
土城區,土城迪士尼廣場大門口,4.4,1.49,一
中和區,中和烘爐地停車場,7.09,1.43,一
中和區,中和威力廣場,6.26,1.52,一
中和區,中和,2.16,0.85,一
,環球購物中心美食街,,,
五股區,五股工商展覽館大廳,6.55,1.29,一
五股區,觀音山遊客,5.4,0.98,一
,活動中心廣場,,,
五股區,五股麥當勞用餐區,5.99,1.04,一
平溪區,十分老街靜安吊橋,7.63,0.93,一
平溪區,平溪老街瑞安診所,6.71,1.39,一
平溪區,嶺腳瀑布觀景亭,3.07,0.81,一
永和區,捷運頂溪站,4.15,0.83,一
永和區,永和樂華夜市,4.05,1.1,一
永和區,雙和路好樂迪KTV,3.24,1.12,一
石門區,石門區公所大門,7.08,1.36,一
石門區,十八王公廟前廣場,5.28,1.27,一
石門區,老梅公園,4.16,1.01,一
石碇區,石碇鄉公所大門口,8.77,1.53,一
石碇區,石碇千島湖觀景台,2.87,0.72,一
石碇區,石碇華梵大學大門口,5.74,1.08,一
汐止區,汐止火車站售票大廳,3.34,1.01,一
汐止區,大尖山天秀宮前廣場,0.3,0.42,一
汐止區,好市多入口處,2.23,0.82,一
坪林區,坪林親水吊橋,8.74,1.53,一
坪林區,九芎根親水公園,3.54,0.56,一
坪林區,金瓜寮茶香生態村大門,4.87,0.93,一
板橋區,新北市市政府大廳,1.91,1.15,一
板橋區,新北市民廣場,6.48,0.98,一
,舞台表演廣場,,,
板橋區,板橋車站B1F,5.32,0.79,一
,環球商店美食街,,,
林口區,林口醒吾學院大門,3.09,1.08,一
林口區,新北市立圖書館,3.11,1.07,一
,(林口分館)大廳,,,
林口區,林口遠雄,3.78,0.87,一
,未來之丘管理室,,,
金山區,金山台大醫院門診大廳,4.89,1.23,一
金山區,金山老街,5.46,1.18,一
金山區,金山法鼓佛教學院門口,6,1.44,一
泰山區,新北市立圖書館,4.97,1.39,一
,(泰山分館),,,
泰山區,明志書院大門口,4.37,1.1,一
泰山區,泰山輔大夜市,1.98,1,一
烏來區,內洞森林遊樂區收費站,6.1,1.25,一
烏來區,信賢吊橋,10.75,1.54,一
烏來區,烏來老街(烏來活動中心),6.04,1.56,一
貢寮區,貢寮三貂角燈塔,6.53,1.19,一
貢寮區,貢寮金沙灣海濱公園,6.6,1.47,一
貢寮區,福隆車站大廳,6.18,1.3,一
淡水區,淡水捷運站大廳,5.37,1,一
淡水區,淡水渡船頭_候船區,7.91,1.51,一
淡水區,淡水漁人碼頭_情人橋,4.19,1.12,一
深坑區,CIA世貿科學園區,4.64,1.17,一
,金頓科技,,,
深坑區,深坑老街-深坑街24號,8.49,1.37,一
深坑區,深坑東南工專大門口,2.33,0.88,一
新店區,捷運新店站,4.18,1.57,一
,1F客運轉運站,,,
新店區,北新路一段藝術廣場,3.84,1.43,一
新店區,碧潭路碧潭橋頭,6.56,1.45,一
新莊區,新莊夜市,2.17,0.87,一
,輔大花園觀光夜市,,,
新莊區,新莊特力屋大門,4.69,0.92,一
新莊區,佳瑪百貨大門口新莊店,4.02,1.41,一
瑞芳區,侯硐火車站大廳(貓村),6.63,1.4,一
瑞芳區,瑞芳火車站大廳,6.43,1.41,一
瑞芳區,九份老街舊道入口,6.04,1.54,一
萬里區,野柳海洋世界售票口,6.89,1.15,一
萬里區,萬里亞尼,4.97,1.28,一
,克果子工房大門口,,,
萬里區,翡翠灣,6.27,1.01,一
,(萬里福華飯店大廳),,,
樹林區,樹林火車站大廳,5.28,1.19,一
樹林區,摩斯漢堡中山店,2.48,1.21,一
樹林區,樹林花園夜市,4.64,0.84,一
雙溪區,三忠廟廟口,2.53,1.08,一
雙溪區,牡丹火車站大廳,6.74,1.48,一
雙溪區,雙溪老街火車站前,6.11,1.16,一
蘆洲區,蘆洲徐匯廣場美食街,11.77,1.55,一
蘆洲區,蘆洲李氏古厝大門口,6.2,1.52,一
蘆洲區,蘆洲佳瑪百貨大門口,6.5,1.58,一
鶯歌區,新北市立,3.47,1.23,一
,鶯歌博物館入口處,,,
鶯歌區,鶯歌火車站大廳,4.37,1.29,一
鶯歌區,鶯歌陶瓷老街-尖山埔路,5.38,1.48,一
新竹市,,,,
北區,新竹文化中心大門,5.45,1.41,一
北區,新竹市政府大廳,6.72,1.28,一
北區,新竹文化中心大廳,5.75,1.39,一
北區,新竹城隍廟口,5.75,1.36,一
北區,影像博物館門口,3.52,1.19,一
北區,大潤發入口,3.63,1.1,一
東區,新竹世博館大門,8.59,1.48,一
東區,馬偕醫院掛號處,4.99,1.34,一
東區,新竹圓環,4.1,1.26,一
東區,新竹Costco門口,3.18,1.35,一
香山區,香山火車站大廳,6.58,1.47,一
香山區,港南風景區門口,11.3,1.46,一
香山區,青青草原櫻花大道入口,7.89,1.29,一
香山區,漁池餐廳大門,1.47,1.05,一
香山區,綠鏡咖啡館,4.56,0.87,一
苗栗縣,,,,
三義鄉,勝興火車站大廳,5.18,1.46,一
三義鄉,龍騰斷橋,7.77,1.33,一
三義鄉,鯉魚潭水庫,3.57,1.06,一
三灣鄉,三灣鄉公所,5.92,1.46,一
三灣鄉,月眉吊橋,3.98,1.31,一
三灣鄉,永和山褒忠祠前廣場,4.95,0.83,一
大湖鄉,大湖鄉公所,5.33,1.27,一
大湖鄉,大湖酒莊,7.28,1.27,一
大湖鄉,薑麻園觀光農園,1.78,1.01,一
公館鄉,公館鄉公所大門口,6.44,1.17,一
公館鄉,公館夜市,4.47,1.31,一
公館鄉,公館陶廠,7.1,1.37,一
竹南鎮,竹南火車站,2.87,1.1,一
竹南鎮,苗北藝文中心,4.82,1.36,一
竹南鎮,竹南龍鳳宮廟前廣場,7.1,1.4,一
西湖鄉,西湖鄉公所大門口,5.33,1.4,一
西湖鄉,西湖三湖活動中心,7.92,1.38,一
西湖鄉,西湖金獅村秘密花園入口處,8.76,1.43,一
卓蘭鎮,卓蘭鎮公所,5.97,1.3,一
卓蘭鎮,巴哈崎休閒農場,2.88,0.97,一
卓蘭鎮,永安喜餅,1.92,1.17,一
南庄鄉,南庄鄉公所,4.16,1.02,一
南庄鄉,南庄老街,4.94,1.43,一
南庄鄉,南庄護魚步道,2.82,1.24,一
後龍鎮,外埔漁港休閒漁業館,4.14,1.1,一
後龍鎮,後龍車站大廳,6.99,1.27,一
後龍鎮,後龍慈雲宮廟前廣場,5.85,1.25,一
苑裡鎮,火炎山遊樂區入口處,12.06,1.46,一
苑裡鎮,苑裡中山路,9.11,1.49,一
,85度C座位區,,,
苑裡鎮,麥當勞室內用餐區,7.91,1.39,一
苗栗市,署立苗栗醫院掛號大廳,7.53,1.37,一
苗栗市,聯合大學大門口,6.99,1.27,一
苗栗市,苗栗家樂福美食街,11.19,1.39,一
泰安鄉,雪見遊憩區,5.63,1.3,一
,(雪霸國家公園),,,
泰安鄉,泰安溫泉,6.6,0.96,一
泰安鄉,清安豆腐街(清水老街),6.98,0.97,一
通霄鎮,光田醫院掛號大廳,4.56,1.1,一
通霄鎮,馬家庄-馬家宗祠,5.89,1.19,一
通霄鎮,通霄精鹽廠大門口,8.36,1.4,一
造橋鄉,造橋鄉公所大門口,5.73,1.15,一
造橋鄉,造橋大西村大西,3.86,1.01,一
,綜合活動中心,,,
造橋鄉,造橋香格里拉樂園,6.8,1.53,一
,售票口,,,
獅潭鄉,獅潭鄉公所大門口,11.26,1.41,一
獅潭鄉,仙山靈洞宮廟前廣場,8.83,1.5,一
獅潭鄉,獅潭吉山,1.69,0.83,一
銅鑼鄉,客家文化園區,2.28,1.01,一
銅鑼鄉,銅鑼鄉公所大門口,6.83,1.36,一
銅鑼鄉,銅鑼自行車步道,2.32,1.35,一
頭份鎮,頭份鎮公所,4.74,1.11,一
頭份鎮,黃昏市場,3.36,1.37,一
頭份鎮,大潤發,4.59,1.36,一
,美食街或賣場入口處,,,
頭屋鄉,頭屋明德水庫,6.9,1.2,一
頭屋鄉,石觀音寺廟前廣場,0.75,1.2,一
頭屋鄉,象山孔廟廟前廣場,7.92,1.36,一
彰化縣,,,,
二水鄉,二水火車站大廳,4.14,1.52,一
二水鄉,八堡圳公園,2.04,0.92,一
二水鄉,大丘園休閒農場大門口,6.61,1.41,一
二林鎮,二林儒林公園,5.1,1.41,一
二林鎮,台灣酒窖聯合服務中心,8.17,1.52,一
二林鎮,統聯客運二林站,6.07,1.5,一
大村鄉,大村火車站大廳,5.96,1.39,一
大村鄉,大葉大學大門口,3.67,1.4,一
大村鄉,雅育休閒農場&葡萄宿入口處,2.48,1.08,一
大城鄉,大城鄉公所門口,3.36,1.1,一
大城鄉,統聯大城站大廳,4.17,0.93,一
大城鄉,大城鄉聖德宮前廣場,3.93,1.27,一
大城鄉,西港公館沙崙鷺鷥區,5.01,1.22,一
大城鄉,興山公園,2.24,1.1,一
北斗鎮,北斗鎮公所大門口,6.38,1.43,一
北斗鎮,北斗河濱公園,3.46,1.49,一
北斗鎮,北斗儀肉圓(文華路),7.99,1.48,一
永靖鄉,永靖火車站月台旁,7.21,1.44,一
永靖鄉,永靖鄉公所大門口,4.87,1.4,一
永靖鄉,永靖85度C中山路上,3.59,1,一
田中鎮,田中火車站大廳,6.34,1.41,一
田中鎮,田中鎮公所大門口,4.51,1.36,一
田中鎮,赤水崎公園大門口,4.14,0.63,一
田尾鄉,田尾鄉公所大門口,5.75,1.39,一
田尾鄉,田尾怡心園大門前廣場,6.54,1.48,一
田尾鄉,田尾花卉批發市場大門口,5.4,0.65,一
竹塘鄉,竹塘鄉公所大門,6.97,1.46,一
竹塘鄉,九龍大榕公,1.43,1.14,一
竹塘鄉,竹塘老街20號,7.82,1.52,一
竹塘鄉,竹塘鄉土庫,3.17,1.38,一
,活動中心大門,,,
竹塘鄉,竹塘慈航宮前廣場,4.59,1.35,一
伸港鄉,伸港鄉公所大門口,7.41,1.46,一
伸港鄉,伸港市場(領鮮超市前),4.26,1.42,一
伸港鄉,福安宮前廣場,6.87,1.52,一
秀水鄉,秀水鄉公所,3.7,1.29,一
秀水鄉,秀水公園,5.79,1.33,一
秀水鄉,益源古厝,6.94,1.48,一
和美鎮,美和鎮公所大門,5.73,1.45,一
和美鎮,和美鎮圖書館大門,5.47,1.46,一
和美鎮,德美公園(和頭路),5.58,1.43,一
社頭鄉,社頭火車站大廳,6.28,1.44,一
社頭鄉,社頭鄉公所大門口,6,1.24,一
社頭鄉,清水岩寺前廣場,6.94,1.45,一
社頭鄉,清水岩遊憩區停車場,2.09,1.16,一
芬園鄉,芬園鄉公所大門口,4.54,1.2,一
芬園鄉,祥光寺前廣場,3.59,1.35,一
芬園鄉,寶藏寺前廣場,2.83,0.87,一
花壇鄉,花壇火車站大廳,3.9,1.43,一
花壇鄉,台灣民俗村售票口,9.78,1.49,一
花壇鄉,花壇鄉虎山巖,4.7,1.28,一
芳苑鄉,王功福海宮前廣場,6.49,1.4,一
芳苑鄉,芳苑工業區服務中心,2.16,0.78,一
,大門口,,,
芳苑鄉,芳苑王功漁港,11.22,1.52,一
員林鎮,員林火車站大廳,3.27,1.13,一
員林鎮,百果山風景區大門口,1.38,1.14,一
員林鎮,興賢書院大門口,10.51,1.46,一
埔心鄉,埔心鄉公所大門口,3.37,1.29,一
埔心鄉,路葡萄隧道休閒農場,3.93,1.33,一
,大門口,,,
埔心鄉,大潤發美食街,7.73,1.17,一
埔鹽鄉,埔鹽鄉公所大門口,6.18,1.16,一
埔鹽鄉,稻香休閒農場大門口,6.4,1.35,一
埔鹽鄉,糯米文化風味坊大門口,3.59,1.47,一
埤頭鄉,埤頭鄉公所大門口,4.91,1.42,一
埤頭鄉,埤頭樂齡學習中心,7.31,1.4,一
,(櫻花步道),,,
埤頭鄉,崙腳村南雲寺前廣場,4.21,1.11,一
鹿港鎮,鹿港鎮南區旅遊中心,6.35,1.58,一
鹿港鎮,鹿港天后宮前廣場,4.66,1.5,一
鹿港鎮,鹿港老街-埔頭街63號,5.84,1.49,一
,(古市街),,,
溪州鄉,西螺大橋,4,1.34,一
,溪州段觀景平台,,,
溪州鄉,苗木園區入口處,3.16,1.35,一
溪州鄉,溪州公園(花博公園),5.35,1.45,一
溪湖鎮,溪湖鎮公所,6.5,1.42,一
溪湖鎮,溪湖糖廠,3.22,1.14,一
溪湖鎮,運動公園,4.12,1.37,一
彰化市,彰化火車站大廳,6.01,1.29,一
彰化市,八卦山遊樂中心售票口,5.65,1.36,一
彰化市,彰化基督教醫院大廳,4.49,1.05,一
福興鄉,福興鄉公所大門,4,0.79,一
福興鄉,福興穀倉,4.66,1.41,一
福興鄉,福興橋,7.18,1.33,一
線西鄉,線西鄉公所大門口,10.99,1.35,一
線西鄉,蛤蜊兵營,4.22,1.24,一
線西鄉,塭仔漁港美食區,3.81,0.96,一
南投縣,,,,
中寮鄉,中寮鄉公所,6.41,1.47,一
中寮鄉,台灣原生種植物公園,6,1.13,一
中寮鄉,巧手工作坊,6.24,1.43,一
仁愛鄉,仁愛青青草原售票處,7.64,1.41,一
仁愛鄉,仁愛清境商場7-11,8.98,1.38,一
仁愛鄉,仁愛廬山老街吊橋前,7.34,1.2,一
水里鄉,水里車站大廳,6.66,1.36,一
水里鄉,水里蛇窯,4.2,1.06,一
水里鄉,義民廟前廣場,4.79,1.27,一
名間鄉,名間麥當勞用餐區,5.76,1.34,一
名間鄉,松柏嶺受天宮前廣場,4.85,0.63,一
名間鄉,松柏嶺遊客中心大門口,5.17,1.44,一
竹山鎮,竹山天梯售票口,2.35,0.7,一
竹山鎮,竹山秀傳醫院大廳,6.31,1.39,一
竹山鎮,竹山紫南宮廟前涼亭,3.49,1.19,一
信義鄉,信義鄉公所大門口,7.92,1.41,一
信義鄉,梅子夢工廠大門,4.4,0.86,一
信義鄉,雙龍文化園區大門口,5.17,1.03,一
南投市,南投中興新村,4.49,1.49,一
南投市,猴探井風景區(天梯),5.61,1.4,一
南投市,中興會堂中興高中,7.54,1.22,一
,交叉路口,,,
埔里鎮,18度C巧克力工坊,5.66,1.41,一
,大門口,,,
埔里鎮,中台禪寺大門口,6.85,0.68,一
埔里鎮,埔里酒廠大廳,6.05,1.25,一
草屯鎮,佑民醫院,4.93,1.16,一
草屯鎮,草屯敦和宮財神廟,4.8,1.44,一
草屯鎮,寶島時代村,5.78,1.39,一
國姓鄉,泰雅渡假村大門口,3.36,1.23,一
國姓鄉,猴洞坑自然保育區,3.5,0.53,一
,鐵橋處,,,
國姓鄉,糯米橋,6.04,0.87,一
魚池鄉,日月潭纜車站,5.86,1.29,一
魚池鄉,向山遊客中心,6.99,1.45,一
魚池鄉,文武廟前廣場,5.74,1.31,一
魚池鄉,玄光寺,4.19,1.13,一
魚池鄉,伊達紹遊客中心,7.3,1.41,一
鹿谷鄉,鹿谷鄉公所大門口,8.34,1.43,一
鹿谷鄉,鹿谷小半天入口處,5.24,1.39,一
鹿谷鄉,鹿谷妖怪村大門口,5,1.41,一
集集鎮,集集火車站大廳,8.82,1.55,一
集集鎮,明新書院大門口,6.79,1.45,一
集集鎮,集集綠色隧道,6.03,1.34,一
雲林縣,,,,
二崙鄉,二崙鄉公所大門口,5.58,1.42,一
二崙鄉,二崙天后宮前廣場,7.12,1.39,一
二崙鄉,二崙故事館大門口,5.76,1.43,一
口湖鄉,口湖鄉公所大門口,5.23,1.42,一
口湖鄉,下崙福安宮廟前廣場,6.09,1.5,一
口湖鄉,湖口溼地-中央廣播電台口湖分台前,5.98,1.3,一
土庫鎮,土庫媽祖廟前廣場,6.28,1.34,一
土庫鎮,土庫鎮公所大門口,3.61,1.22,一
土庫鎮,土庫工商校大門口,4.5,1.36,一
大埤鄉,大埤鄉公所大門口,8.21,1.46,一
大埤鄉,大埤三山國王廟前廣場,3.72,0.92,一
大埤鄉,大埤豐田工業區入口,4.35,1.04,一
元長鄉,元長鄉公所大門,6.8,1.43,一
元長鄉,蔡氏宗祠大門口,6.66,1.03,一
元長鄉,鰲峰宮前廣場,5.81,1.33,一
斗六市,斗六火車站前站,3.67,1.33,一
斗六市,斗六人文公園夜市,4.08,1.18,一
斗六市,家樂福美食街,9.74,1.49,一
斗南鎮,斗南火車站候車處,9.68,1.36,一
斗南鎮,斗南田徑場售票處,3.13,1.08,一
斗南鎮,斗南大潤發美食街,6.73,1.5,一
水林鄉,水林鄉公所大門口,4.64,1.16,一
水林鄉,水林通天府廟前廣場,8.36,1.4,一
水林鄉,蕃薯厝順天宮前廣場,4.69,1.17,一
北港鎮,北港五路財神廟前廣場,4.62,1.38,一
北港鎮,北港圓環,6.28,1.41,一
北港鎮,北港媽祖廟前廣場,8.56,1.4,一
古坑鄉,古坑服務區美食街,4.9,0.9,一
古坑鄉,古坑綠色隧道,9.21,1.45,一
古坑鄉,劍湖山遊樂區大門,8.26,1.48,一
四湖鄉,四湖鄉公所大門口,7.21,1.52,一
四湖鄉,三條崙海水浴場,5.99,1.39,一
四湖鄉,四湖參天宮廟前廣場,8.74,1.47,一
西螺鎮,西螺鎮公所大門口,3.47,1.36,一
西螺鎮,西螺大橋,3.92,1.11,一
西螺鎮,西螺文昌廟前廣場,4.66,1.42,一
東勢鄉,東勢鄉公所大門口,5.47,1.46,一
東勢鄉,東勢珍奇廟廟口,5.72,1.5,一
東勢鄉,東勢鄉鐵馬道,8.18,1.41,一
林內鄉,林內公園入口處日治時期林內神社舊址,6.3,1.43,一
林內鄉,林內坪頂風景區大門,1.36,1.07,一
林內鄉,林北菸樓大門,4.1,1.33,一
虎尾鎮,虎尾科大門口,1.36,0.91,一
虎尾鎮,虎尾麥當勞用餐區,4.65,1.34,一
虎尾鎮,虎尾糖廠大門口,3.5,1.16,一
崙背鄉,日統客運大有站,2.7,0.85,一
,(永安宮前),,,
崙背鄉,崙背鄉公所大門口,4.07,1.32,一
崙背鄉,悠紙生活館大門口,5.29,1.34,一
麥寮鄉,麥寮鄉公所大門口,3.98,0.88,一
麥寮鄉,光大寮聚寶宮前廣場,3.58,1.2,一
麥寮鄉,拱範宮廟前廣場,6.58,1.46,一
莿桐鄉,莿桐鄉公所大門口,6.72,1.48,一
莿桐鄉,孩沙里花海,3.78,1.11,一
莿桐鄉,福天宮前廣場,3.61,1.08,一
臺西鄉,台西鄉公所大門口,4.1,1.21,一
臺西鄉,台西安西府廟前廣場,5.54,1.36,一
臺西鄉,臺西村安海宮前廣場,6.95,1.52,一
褒忠鄉,褒忠鄉公所大門口,3.85,1.1,一
褒忠鄉,柯家古厝大門口,5.11,1.39,一
褒忠鄉,埔姜崙老街,4.46,1.34,一
,(派出所前),,,
屏東縣,,,,
九如鄉,九如鄉公所大門口,3.2,1.1,一
九如鄉,三山國王廟前廣場,3.91,0.97,一
九如鄉,耆老村錦鯉水溝旁,3.8,0.89,一
三地門鄉,三地門鄉公所大門口,2.94,1.2,一
三地門鄉,德文風景區,4.72,0.69,一
,(大榕樹涼亭),,,
三地門鄉,賽嘉樂園大門口,5.03,1.3,一
竹田鄉,竹田火車站售票處,4.46,1.38,一
竹田鄉,竹田鄉公所大門口,4.74,1.41,一
竹田鄉,竹田驛站,6.61,1.46,一
牡丹鄉,牡丹鄉公所大門口,4.57,0.76,一
牡丹鄉,牡丹水庫停車場,7.19,1.33,一
牡丹鄉,哭泣湖畔,6.01,0.82,一
里港鄉,里港鄉公所大門口,6.02,1.41,一
里港鄉,里港河堤公園涼亭,6.23,1.35,一
里港鄉,趙壽山餛飩豬腳大門口,6.74,1.41,一
來義鄉,來義鄉公所大門口,6.62,0.96,一
來義鄉,丹林吊橋,5.68,1.21,一
來義鄉,來義完全中學大門口,8.69,1.46,一
東港鎮,東港鎮公所大門口,9.7,1.46,一
東港鎮,大鵬灣風景區管理處,9.58,1.42,一
東港鎮,跨海大橋青洲遊憩區大門口,2.34,1.32,一
枋山鄉,加祿火車站大廳,4.61,1.25,一
枋山鄉,H會館停車場,6.38,1.29,一
枋山鄉,枋山濱海遊憩區7-11,5.99,1.38,一
枋寮鄉,枋寮火車站大廳,5.96,1.35,一
枋寮鄉,枋寮客運轉運站,6.99,1.36,一
枋寮鄉,枋寮漁港魚市場,4.62,1.32,一
南州鄉,南州代天府廟前廣場,3.72,1.3,一
南州鄉,南州運動公園大門口,8.12,1.42,一
南州鄉,南州糖廠冰品部,5.14,1.2,一
屏東市,屏東火車站大廳,6.44,1.39,一
屏東市,太平洋百貨美食街,10.38,1.47,一
屏東市,環球購物中心,9.59,1.21,一
,1樓座位區,,,
恆春鄉,墾丁森林遊樂區入口處,6.67,0.94,一
恆春鄉,南灣海水浴場沙灘,5.83,1.36,一
恆春鄉,墾丁大街(7-11超商前),6.65,1.35,一
春日鄉,力里圓山森林登山口,5.18,1.19,一
春日鄉,大漢山休閒農場道路入口處,2.2,0.81,一
春日鄉,春日鄉運動公園,2.17,0.5,一
崁頂鄉,李隆宮廟前廣場,1.62,0.94,一
崁頂鄉,崁頂生態公園(焚化廠),2.3,0.81,一
崁頂鄉,羅家古厝大門口,1.56,1.07,一
泰武鄉,吉貝木棉林,6.81,1.23,一
泰武鄉,吾拉魯滋部落活動中心大門口,7.08,1.36,一
泰武鄉,泰武部落酋長咖啡,5.35,1.11,一
高樹鄉,高樹鄉公所大門口,6.12,1.4,一
高樹鄉,大津瀑布遊客停車場,3.95,1.08,一
高樹鄉,大路觀主題樂園售票口,4.75,1.2,一
新埤鄉,新埤鄉公所大門口,7.46,1.45,一
新埤鄉,台1國3交流道7-11,4.35,1.04,一
新埤鄉,新來義部落(圓環),8.18,1.36,一
獅子鄉,獅子鄉公所大門口,8.26,1.44,一
獅子鄉,壽卡單車驛站,8.25,1.43,一
獅子鄉,雙流森林遊樂區售票口,4.78,1.16,一
萬巒鄉,吾拉魯滋泰武國小大門口,5.76,1.32,一
萬巒鄉,萬金聖母教堂,7.2,1.5,一
萬巒鄉,萬巒豬腳街(海鴻飯店),7.8,1.36,一
滿州鄉,小墾丁渡假村停車場,7.27,1.24,一
滿州鄉,港口茶山吊橋入口處,8.02,0.92,一
滿州鄉,滿州7-11超商,6.5,0.93,一
瑪家鄉,瑪家鄉公所大門口,3.03,1.28,一
瑪家鄉,台灣原住民族文化園區入口處,4.29,1.24,一
瑪家鄉,涼山瀑布停車場,6.45,1.19,一
潮州鎮,潮州火車站大廳,4.22,1.02,一
潮州鎮,8大森林樂園售票口,7.14,1.44,一
潮州鎮,燒冷冰圓環老店,5.65,1.38,一
霧臺鄉,霧臺鄉公所大門口,2.47,0.81,一
霧臺鄉,神山瀑布(神山愛玉),4.85,1.27,一
霧臺鄉,霧臺遊憩區(歸人沙城),3.51,0.97,一
鹽埔鄉,鹽埔鄉公所大門口,7.88,1.3,一
鹽埔鄉,大仁科大大門口,5.92,1.42,一
鹽埔鄉,慈天宮前廣場,7.18,1.46,一
台東縣,,,,
大武鄉,大武火車站大廳,9.6,1.42,一
大武鄉,大武濱海公園停車場,7.34,1.39,一
大武鄉,尚武7-11,7.99,1.37,一
太麻里鄉,太麻里鄉公所大門口,5.48,1.37,一
太麻里鄉,太麻里曙光公園,5.12,1.23,一
太麻里鄉,台灣牛牛肉麵用餐區,5.91,1.36,一
成功鎮,三仙台風景區(停車場),7.65,1.36,一
成功鎮,石雨傘風景區(涼亭),9.59,1.22,一
成功鎮,成功水生館售票口,3.69,1.37,一
池上鄉,池上火車站大廳,3.6,1.11,一
池上鄉,日暉渡假飯店大門口,7.42,1.46,一
池上鄉,池上悟饕飯包文化故事館用餐區,5.12,1.34,一
卑南鄉,初鹿牧場售票口,5.72,1.38,一
卑南鄉,知本溫泉區(東台飯店),7.43,1.32,一
卑南鄉,原生應用植物園售票口,7.24,1.44,一
延平鄉,延平鄉公所大門口,7.16,1.48,一
延平鄉,布農部落售票口,11.96,1.45,一
延平鄉,紅葉國小大門口,8.18,1.46,一
東河鄉,東河7-11超商,9.5,1.47,一
東河鄉,東河包子,8,1.41,一
東河鄉,都蘭國小大門口,4.98,1.3,一
金峰鄉,金峰鄉公所大門口,6.31,1.5,一
金峰鄉,正興社區活動中心,7.33,1.43,一
,大門口,,,
金峰鄉,嘉蘭村活動中心,5.82,1.31,一
長濱鄉,長濱鄉公所大門口,5.26,1.3,一
長濱鄉,長濱市場(農會超市前),7.57,1.45,一
長濱鄉,南長濱7-11超商,6.32,1.31,一
海端鄉,初來派出所大門口,5.73,1.45,一
海端鄉,海端鄉公所大門口,8.48,1.53,一
海端鄉,天龍橋風景區(吊橋前),4.64,1.41,一
鹿野鄉,鹿野火車站大廳,5.18,0.79,一
鹿野鄉,鹿野鄉公所大門口,6.17,1.22,一
鹿野鄉,鹿野高台熱氣球,9.24,1.39,一
達仁鄉,達仁鄉公所大門口,11.33,1.45,一
達仁鄉,阿朗壹部落(安朔國小),10.04,1.33,一
達仁鄉,達仁7-11,8.56,1.39,一
綠島鄉,柴口浮潛區,5.6,1.11,一
綠島鄉,海參坪景觀區,6.65,1.4,一
綠島鄉,朝日溫泉售票口,4.78,1.44,一
臺東市,史前博物館售票口,4.71,1.11,一
臺東市,海濱公園停車場,5.16,1.34,一
臺東市,黑森林公園入口處,5.89,1.34,一
關山鎮,關山火車站大廳,6.66,1.46,一
關山鎮,關山農會,4.42,1.37,一
,休閒旅遊中心,,,
關山鎮,關山親水公園售票口,6.54,1.45,一
蘭嶼鄉,蘭嶼機場大廳,5.91,1.46,一
蘭嶼鄉,蘭嶼別館大門口,6.34,1.32,一
蘭嶼鄉,蘭嶼高中大門口,2.46,0.7,一
花蓮縣,,,,
玉里鎮,玉里火車站大廳,4.63,1.21,一
玉里鎮,玉里醫院大廳,4.41,0.65,一
玉里鎮,高寮部落高寮國小,5.23,1.12,一
,大門口,,,
光復鄉,大農大富平地森林園區大門口,8.28,1.29,一
光復鄉,光復糖廠大門口,4.91,1.15,一
光復鄉,馬太鞍部落欣綠農園,3.11,0.77,一
吉安鄉,吉安火車站大廳,5.73,1.4,一
吉安鄉,阿美文物館入口處,7.7,1.44,一
吉安鄉,慶修院售票口,7.96,1.4,一
秀林鄉,太魯閣國家公園管理處大門口,4.32,1.35,一
秀林鄉,砂卡礑步道停車場,7.43,1.46,一
秀林鄉,慕谷慕魚生態,3.51,0.68,一
,廊道入口處,,,
卓溪鄉,卓溪鄉公所大門口,5.35,1.08,一
卓溪鄉,玉山國家公園南安遊客中心大廳,9.03,1.22,一
卓溪鄉,南安瀑布入口處,3.01,0.68,一
花蓮市,花蓮火車站大廳,4.11,1.32,一
花蓮市,松園別館園區內咖啡屋,6.64,1.47,一
花蓮市,美崙飯店大廳,3.97,1.1,一
富里鄉,富里鄉公所大門口,5.16,1.19,一
富里鄉,羅山瀑布入口處,3.66,0.97,一
富里鄉,六十石山忘憂亭,9.95,1.47,一
新城鄉,新城鄉公所大門,6.69,1.46,一
新城鄉,東洋藝品館大門口,2.24,1.02,一
新城鄉,新城公園日本神社舊址入口處,6.55,1.38,一
瑞穗鄉,秀姑巒溪泛舟,6.84,1.36,一
,遊客中心大門口,,,
瑞穗鄉,北回歸線,6.27,1.23,一
瑞穗鄉,富源蝴蝶谷入口處,5.51,1.09,一
萬榮鄉,林田山文化園區入口處,1.21,0.22,一
萬榮鄉,紅葉內溫泉紅葉溫泉旅社門口,9.23,1.49,一
萬榮鄉,原住民文物館入口處,5.7,1.26,一
壽豐鄉,壽豐火車站大廳,7.44,1.44,一
壽豐鄉,立川漁場,2.75,1.03,一
壽豐鄉,鯉魚潭遊憩區,5.36,1.05,一
鳳林鎮,鳳林火車站大廳,3.9,1.39,一
鳳林鎮,兆豐農場遊憩區,6.15,1.43,一
,入口處,,,
鳳林鎮,鳳林滿妹豬腳,8.2,1.22,一
豐濱鄉,月洞遊憩區入口處,2.97,0.47,一
豐濱鄉,石梯坪,6.42,0.81,一
豐濱鄉,芭崎瞭望台,5.67,1,一
澎湖縣,,,,
七美鄉,七美航空站大廳,6.83,1.25,一
七美鄉,七美渡船頭,4.56,1.31,一
七美鄉,七美鄉公所大門口,6.06,1.34,一
七美鄉,雙心石滬,5.65,1.31,一
白沙鄉,跨海大橋北側橋頭,7.85,1.39,一
白沙鄉,北海遊客中心大廳,3.83,0.69,一
白沙鄉,澎湖水族館售票口,4.84,0.99,一
白沙鄉,吉貝沙灘,3.87,0.72,一
白沙鄉,吉貝遊客中心大廳,4.99,1.45,一
西嶼鄉,小門地質館入口處,8.23,1.22,一
西嶼鄉,西台古堡售票口,7.82,1.43,一
西嶼鄉,西嶼漁翁島燈塔,7.97,1.4,一
西嶼鄉,漁翁島遊客中心,3.39,1.34,一
馬公市,山水沙灘,5.26,1.36,一
馬公市,馬公機場大廳,8.28,0.92,一
馬公市,菜園海洋牧場遊客中心,4.36,1.37,一
馬公市,蒔裡沙灘,4.84,1.26,一
馬公市,天后宮前廣場,2.68,0.53,一
馬公市,風櫃洞觀景涼亭,10.56,1.48,一
馬公市,菊島之星大門口,6.18,0.48,一
馬公市,觀音亭遊憩區大門,3.91,1.19,一
望安鄉,望安航空站大廳,4.84,0.79,一
望安鄉,天台山,5.51,1.06,一
望安鄉,綠蠵龜保育中心大門口,3.42,1.06,一
望安鄉,鴛鴦窟,0.29,0.43,一
湖西鄉,林投隘門沙灘,6.26,1.39,一
連江縣,,,,
北竿鄉,白沙碼頭,5.32,0.83,一
北竿鄉,北竿橋仔聚落保存區,8.37,1.37,一
北竿鄉,芹壁聚落,3.39,0.74,一
東引鄉,一線天,2.2,0.47,一
東引鄉,中柱港候船處,10.61,1.4,一
東引鄉,東湧燈塔,2.63,0.26,一
南竿鄉,八八坑道,4.51,1.11,一
南竿鄉,馬祖天后宮,7.41,1.3,一
南竿鄉,馬祖酒廠大門,7.95,1.44,一
莒光鄉,東莒大埔石刻涼亭,3.73,0.48,一
莒光鄉,東莒燈塔,1.06,0.42,一
莒光鄉,青帆碼頭候船處,5.56,0.83,一
基隆市,,,,
七堵區,七堵車站,5.75,1.17,二
七堵區,七堵區公所,7.54,1.38,二
七堵區,六堵代天府,5.03,0.89,二
七堵區,百福水漾樂活會館,6.1,1.02,二
七堵區,百福火車站,4.84,1.12,二
中山區,中山區公所,9.17,1.33,二
中山區,仙洞巖,3.29,0.93,二
中山區,外木山情人湖濱海大道地標,7.86,0.9,二
中山區,外木山漁港,10.75,1.4,二
中山區,華興街KEELUNG地標觀景台座位區,7.61,1.37,二
中正區,和平島公園,11.29,1.52,二
中正區,海門天險,3.05,1.22,二
中正區,海洋大學體育館,9.46,1.31,二
中正區,海科館北寧路大門口,7.41,1.55,二
中正區,碧砂公園,3.68,1.13,二
仁愛區,仁愛市場,5.3,1.05,二
仁愛區,光華國宅,5.77,0.99,二
仁愛區,成功市場,7.82,1.08,二
仁愛區,基隆火車站,4.86,0.96,二
仁愛區,觀光夜市(基隆仁愛),7.55,1.37,二
安樂區,大潤發,6.11,1.36,二
安樂區,安樂區公所,3.71,1,二
安樂區,長庚院區基隆分院,4.29,0.9,二
安樂區,長庚情人湖院區,5.62,0.93,二
安樂區,情人湖停車場,8.53,1.31,二
信義區,月眉山靈泉禪寺,5.97,1.33,二
信義區,市立體育館,4.39,0.99,二
信義區,地方法院,6.62,1.41,二
信義區,信義區公所,3.15,0.92,二
信義區,署立醫院,3.13,0.73,二
暖暖區,安德宮,8.13,1.11,二
暖暖區,暖暖火車站,4.53,1.1,二
暖暖區,暖暖親水公園,5.55,0.72,二
暖暖區,運動公園,6.76,0.82,二
暖暖區,觀光夜市(基隆暖暖),9.15,0.83,二
台北市,,,,
士林區,士林天文館,2.04,0.77,二
士林區,士林夜市美食廣場,3.92,1.22,二
士林區,士林官邸福林門口,6.11,1.43,二
士林區,故宮博物院至善園,5.58,1.19,二
士林區,救國團劍潭活動中心,3.49,1,二
大同區,大同京站百貨(地下美食小吃街),3.38,0.76,二
大同區,大稻埕碼頭,5.01,1.3,二
大同區,中興醫院大門口,1.94,1.02,二
大同區,永樂市場二樓布業商場,8.78,1.2,二
大同區,迪化街城隍廟口,8.6,1.37,二
大安區,大安中山醫院大廳,6.84,0.8,二
大安區,大安森林公園兒童遊戲區,8.69,1.43,二
大安區,永康街6巷冰店,8.85,1.26,二
大安區,信義路二段鼎泰豐門口,6.65,1.38,二
大安區,師大夜市師大路入口,3.38,1.03,二
大安區,新光三越A11館美食街,7.13,1.23,二
中山區,中山典華飯店旗艦店,4.89,1.36,二
中山區,行天宮民權東路正門口,2.19,0.67,二
中山區,忠烈祠正門,5.8,0.94,二
中山區,美麗華百貨B1美食街,10.73,1.51,二
中山區,圓山捷運站出入口,7.48,1.35,二
中正區,中正紀念堂自由廣場,3.05,0.81,二
中正區,中正英雄館(台北國軍英雄館)門口,4.62,1.37,二
中正區,台北車站售票大廳,3.32,0.62,二
中正區,光華商場新天地1F展場,6.38,0.86,二
中正區,植物園大門口,2.54,0.75,二
內湖區,內湖花卉批發市場_新湖三路,3.18,1.13,二
內湖區,內湖路三段金龍路口,2.77,1.05,二
內湖區,好市多內湖店美食街,5.8,1.43,二
內湖區,基河國宅,2.79,1.14,二
內湖區,捷運大湖公園站,3.51,1.07,二
文山區,木柵動物園售票口,6.46,1.02,二
文山區,木柵捷運萬芳社區站,4.64,1.35,二
文山區,台灣戲曲學院木柵校區門口,3.43,1.05,二
文山區,政大體育館門口,6.32,1.23,二
文山區,捷運動物園站,8.98,1.37,二
北投區,北投圖書館大門,5.29,1.16,二
北投區,石牌捷運站,5.79,1.24,二
北投區,陽明山北投花鐘時鐘,2.43,1.14,二
北投區,陽明書屋,8.5,1.45,二
北投區,溫泉博物館大門,6.65,1.2,二
松山區,小巨蛋服務台,5.67,1.09,二
松山區,松山車站售票大廳,10.24,1.4,二
松山區,松山機場大廳二航廈入境等後局,2.65,0.76,二
松山區,長庚醫院,7.03,1.18,二
松山區,微風廣場美食街,7.09,0.9,二
信義區,101大樓B1美食街,6.38,0.89,二
信義區,世貿一館展場大廳,4.39,0.97,二
信義區,松山文創中心誠品書局,3.13,0.8,二
信義區,華納威秀影城1F售票口,7.15,0.74,二
南港區,南港公園牌坊,3.71,1.19,二
南港區,南港展覽館,4.31,1.13,二
南港區,家樂福南港店,10.29,1.5,二
南港區,捷運南港軟體園區站,3.91,0.95,二
南港區,遠東科學園區門口,3.97,1,二
萬華區,西門紅樓廣場,4.3,1.14,二
萬華區,果菜市場(萬大路與富民路口),7.34,1.27,二
萬華區,獅子林大樓(電影徒步區西寧南路口),3.34,0.94,二
萬華區,萬年商業大樓1F,3.15,0.66,二
萬華區,臺北鄉土教育中心,7.09,1.3,二
,(剝皮寮),,,
桃園縣,,,,
八德市,八德三元宮大門口,7.92,1.31,二
八德市,八德市大湳市場(文化路.四維路口),4.68,1.13,二
八德市,八德市公所大門口,9.32,1.4,二
八德市,八德國泰社區大門口牌樓下,6.14,1.38,二
八德市,大潤發商場美食街,6.29,1.23,二
大園鄉,大園竹圍漁港產銷中心大門口,6.94,1.42,二
大園鄉,大園復興航棧飲食區,7.2,1.37,二
大園鄉,大園鄉公所大門口,5.06,1.05,二
大園鄉,竹圍福海宮廟前廣場,4.66,1.17,二
大園鄉,航空科學館大門口,2.18,0.98,二
大溪鎮,大溪中正公園大門口,8.56,1.42,二
大溪鎮,大溪老街,6.37,1.17,二
,(和平路與中央路口),,,
大溪鎮,大溪慈湖遊客活動中心門口,7.9,1.21,二
大溪鎮,大溪寶塔寺停車場,4.09,0.65,二
大溪鎮,兩蔣雕塑公園招牌拱橋前,6.27,1.28,二
中壢市,大江購物中心美食街,3.96,0.97,二
中壢市,中壢火車站前站候車大廳,6.5,1.3,二
中壢市,中壢市公所大門口,6.63,1.2,二
中壢市,內壢火車站大門口,6.6,1.24,二
中壢市,青埔高鐵車站候車大廳,5.08,0.76,二
平鎮市,平鎮市公所大門口,7.38,1.17,二
平鎮市,平鎮美麗星城大門口,3.34,1.22,二
平鎮市,平鎮復興親子公園大門入口,5.3,1.34,二
平鎮市,南區救國團服務台,3.97,1.38,二
平鎮市,褒忠祠(義民廟)廟前廣場,6.8,1.03,二
桃園市,桃園火車站站前大門口,3.76,0.78,二
桃園市,桃園巨蛋體育館大門口,6.22,1.22,二
桃園市,桃園縣婦女館大門口,5.48,1.37,二
桃園市,御花園觀光夜市( 中正五街.永康街口),7.17,1.21,二
桃園市,署立桃園醫院大門口,4.87,1.13,二
復興鄉,小烏來天空步道售票口,9.08,1.44,二
復興鄉,角板山蔣公行館(梅園)遊客中心門口,6.32,1.29,二
復興鄉,拉拉山生態教育館,2.45,0.64,二
,大門口,,,
復興鄉,拉拉山旅遊,3.35,1.08,二
,服務中心門口,,,
復興鄉,桃源仙谷大門口,9.55,1.46,二
新屋鄉,范姜古厝,4.4,1.05,二
新屋鄉,新屋市場,6.28,1.18,二
新屋鄉,新屋永安漁港,8.52,1.26,二
新屋鄉,新屋鄉公所,6.11,1.17,二
新屋鄉,新屋稻米故事館,8.15,1.3,二
楊梅市,東森山莊渡假村渡假酒店門口,5.14,1.22,二
楊梅市,埔心火車站前站門口,5.07,1.16,二
楊梅市,郭元益糕餅博物館停車場,4.8,0.97,二
楊梅市,雅聞魅力博覽館大門口,5.05,1.33,二
楊梅市,耀輝牧場大門口,3.74,1.33,二
龍潭鄉,新生醫校,4.12,1.17,二
龍潭鄉,龍潭大池,4.37,1.3,二
龍潭鄉,龍潭小人國,8.1,1.37,二
龍潭鄉,龍潭市場,3.39,1.15,二
龜山鄉,東方高球場大門口,8.22,1.39,二
龜山鄉,林口體育館大門口,7.24,1.28,二
龜山鄉,國立體育大學行政教學大樓,3.57,1.28,二
龜山鄉,龜山長庚大學大門口,7.74,1.43,二
龜山鄉,龜山銘傳大學大門口,7.77,1.47,二
蘆竹鄉,大竹觀光休閒公園路口,3.77,1.28,二
蘆竹鄉,台茂購物中心5樓美食街,7.58,1.12,二
蘆竹鄉,好市多門口,3.12,0.94,二
蘆竹鄉,開南大學大門口,8.5,1.38,二
蘆竹鄉,蘆竹鄉公所大門口,5.57,1.29,二
觀音鄉,白沙岬燈塔大門口,6.86,0.98,二
觀音鄉,桃園客運站大門口,8.81,1.31,二
觀音鄉,蓮花資訊館,6.74,1.22,二
,遊客服務中心,,,
觀音鄉,觀音海水浴場,9.46,1.37,二
,遊客休息區,,,
觀音鄉,觀音鄉甘泉寺大門口,9.27,1.28,二
新竹縣,,,,
五峰鄉,三毛夢屋,6.75,1.22,二
五峰鄉,山上人家,6.38,1.31,二
五峰鄉,五峰鄉公所,9.03,1.36,二
五峰鄉,張學良故居,6.06,1.32,二
五峰鄉,清泉溫泉,3.22,0.74,二
北埔鄉,北埔天下第一棧,6.52,0.99,二
北埔鄉,北埔鄉公所,11.38,1.31,二
北埔鄉,北埔慈天宮,9.21,1.27,二
北埔鄉,北埔綠世界,10.09,1.38,二
北埔鄉,姜阿新老宅,8.9,1.39,二
尖石鄉,宇老觀景台,4.25,1.03,二
尖石鄉,尖石鄉公所,4.1,1.25,二
尖石鄉,尖石鄉文化館,3.66,1.19,二
尖石鄉,尖石數碼天空,5.57,1.31,二
尖石鄉,峇里溫泉渡假村,7.02,1.06,二
竹北市,竹北天后宮牌樓,3.66,1.34,二
竹北市,竹北夜市,5.49,1.16,二
竹北市,竹北美食街美食商圈地標樓前,3.74,0.77,二
竹北市,婦幼館,4.78,1.3,二
竹北市,新竹體育場,4.25,1.21,二
竹東鎮,上員火車站,6.48,1.1,二
竹東鎮,伍聯社購物中心,5.41,1.45,二
竹東鎮,竹中火車站,7.48,1.24,二
竹東鎮,竹東火車站,7.2,1.27,二
竹東鎮,竹東客運站,3.36,0.95,二
芎林鄉,心鮮森林莊園,3.05,0.96,二
芎林鄉,文林閣文教苑,6.68,0.89,二
芎林鄉,桃園童玩世界,3.69,0.66,二
芎林鄉,瑞龍化石博物館,9.43,1.45,二
芎林鄉,鄧雨賢音樂紀念,9.97,1.44,二
,文化園區,,,
峨眉鄉,丹桂宮,8.17,1.37,二
峨眉鄉,峨眉天主堂,7.88,1.33,二
峨眉鄉,峨眉天恩佛院出口處,6.78,1.36,二
峨眉鄉,峨眉鄉公所,7.63,1.38,二
峨眉鄉,獅山遊客服務中心,10.12,1.3,二
湖口鄉,湖口三元宮,8.21,1.61,二
湖口鄉,湖口火車站,4.73,1.35,二
湖口鄉,湖口老街,7.65,1.45,二
湖口鄉,湖口鄉公所,4.2,1.36,二
湖口鄉,湖口營區,4.73,1.35,二
新埔鎮,宗祠客家文化導覽館,7.38,1.2,二
新埔鎮,菸店(西河堂公廳),5.62,1.37,二
新埔鎮,新埔九芎湖,5.11,0.85,二
新埔鎮,新埔新農民市場,6.15,1.32,二
新埔鎮,義民廟,6.64,1.05,二
新豐鄉,新豐小叮噹遊樂園,1.26,0.99,二
新豐鄉,新豐火車站候車室,6.33,1.4,二
新豐鄉,新豐市場,7.8,1.35,二
,(新庄子公有市場),,,
新豐鄉,新豐池和宮,6.76,1.37,二
新豐鄉,鳳嶺玄天宮(歸屬竹北市),6.34,1.29,二
橫山鄉,中華科大新竹校區,4.95,1.14,二
橫山鄉,內灣吊橋,8.55,1.42,二
橫山鄉,內灣車站,7.33,1.37,二
橫山鄉,合興車站,6.25,0.86,二
橫山鄉,劉興欽漫畫館,8.1,1.5,二
關西鎮,六福村遊樂園,8.15,1.3,二
關西鎮,關西天主堂,6.36,1.48,二
關西鎮,關西仙草加工廠,12.73,1.5,二
關西鎮,關西迎風館,7.83,1.18,二
關西鎮,關西鎮公所,7.02,1.23,二
寶山鄉,寶二水庫管理局,7.16,1.11,二
寶山鄉,寶山水庫地標,8.39,1.3,二
寶山鄉,寶山鄉公所,8.8,1.44,二
寶山鄉,寶山新城天主堂,10.42,1.47,二
寶山鄉,寶山雙胞胎井,3.96,1.1,二
台中市,,,,
大甲區,大甲永信運動公園,8.38,1.5,二
大甲區,大甲林氏貞孝坊地標旁,6.79,1.42,二
大甲區,大甲鎮瀾宮,5.92,1.42,二
大甲區,大甲體育場,5.79,1.48,二
大安區,大安海水浴場,3.69,1.22,二
大安區,大安圖書館,3.46,1.36,二
大安區,東安社區,3.28,1.17,二
大安區,松雅社區,5.81,1.3,二
大安區,鎮南社區活動中心,4.29,1.21,二
大肚區,大肚車站,6.04,1.22,二
大肚區,大肚圖書館,5.99,1.44,二
大肚區,沙田路與福利街路口_人口密集區,3.8,1.19,二
大肚區,社腳社區住宅區,6.83,1.4,二
大肚區,追分車站,4.9,1.32,二
大里區,大里仁愛醫院,4.04,1.18,二
大里區,大里運動公園,7.64,1.41,二
大里區,國光路85度C咖啡廳,5.85,1.39,二
大里區,國光路花市,2.27,1.4,二
大里區,順發3C_國光路,4.61,1.14,二
大雅區,大雅肯德基,7.03,1.35,二
大雅區,大雅國際花市,2.67,0.84,二
大雅區,大雅麥當勞,3.33,1.24,二
大雅區,中科管理局,3.95,1.06,二
大雅區,潭雅神自行車道,6.88,1.35,二
中區,日曜天地_自由路門口,4.1,1.09,二
中區,台中火車站售票處,7.91,1.28,二
中區,台中第一廣場_柳川西路入門口,6.35,1.13,二
中區,宮源眼科,5.18,0.9,二
中區,統聯客運台中火車站(候車室),2.47,0.93,二
太平區,中山路麥當勞,4.18,1.36,二
太平區,太平家樂福,2.38,1.3,二
太平區,東平國小住宅區,2.22,1.07,二
太平區,國軍803醫院,7.1,1.52,二
太平區,勤益科大,3.56,1.16,二
北屯區,中清路文心路口,4.12,1.08,二
北屯區,心之芳庭大門口,7.48,1.47,二
北屯區,台中東東芋圓,5.31,1.21,二
北屯區,四張梨公園,4.1,1.01,二
北屯區,崇德路二段與文心路口_赤鬼牛排,4.43,1.25,二
北區,一中商圈台中一中大門,5.34,1.15,二
北區,中友百貨Starbucks,5.1,1.34,二
北區,中國醫藥學院第一醫療大樓大廳,4.5,1.11,二
北區,台中力行路孔廟門口,4.43,1.35,二
北區,台中自然科學博物館生命科學館售票處,7.48,1.33,二
外埔區,台灣省農會休閒農場,1.21,1.11,二
外埔區,外埔虎爺廟,9.95,1.46,二
外埔區,外埔區公所,8.62,1.35,二
外埔區,外埔圖書館,6.39,1.56,二
外埔區,田媽媽肉粽店,4.99,1.31,二
石岡區,土牛客家文物館,5.99,1.45,二
石岡區,石岡情人木橋,6.66,1.43,二
石岡區,石岡圖書館,7.56,1.48,二
石岡區,東豐自行車道旅客服務中心,5.26,1.48,二
石岡區,萬安社區住宅區,6.72,1.36,二
后里區,后里馬場,5.45,1.31,二
后里區,后里樟樹公涼亭,5.26,1.26,二
后里區,后里糖廠,6.06,1.4,二
后里區,后里薩克斯風博物館,7.53,1.52,二
后里區,麗寶樂園售票口,6.55,1.41,二
西屯區,中正公園停車場,3.45,1.13,二
西屯區,台中市政府惠中樓1F,4.55,1.19,二
西屯區,台中自然科學博物館植物園售票處,3.46,1.11,二
西屯區,台中統聯客運朝馬站候車室,5.96,1.02,二
西屯區,新光三越B1F美食街,8.13,1.3,二
西區,台中文化中心門口英才路,6.76,1.51,二
西區,台中市市民廣場草地中央,5.05,1.28,二
西區,台中國立臺灣美術館,1.88,1.04,二
,入口,,,
西區,林森路台中演武所,3.12,1.16,二
西區,誠品綠園道書局門口,3.88,1.21,二
沙鹿區,台中機場新航廈,2.84,1.28,二
沙鹿區,弘光科技大學,5.85,1.35,二
沙鹿區,沙鹿童綜合醫院,4.78,1.37,二
沙鹿區,鹿寮成衣商圈,5.09,1.21,二
沙鹿區,靜宜大學校,6.74,1.2,二
和平區,谷關溫泉風景區,7.43,1.42,二
和平區,武陵賓館,6.37,1.45,二
和平區,梨山賓館,8.32,1.38,二
和平區,福壽山農場,8.06,1.49,二
和平區,環山部落,5.02,1.36,二
東區,合作市場(進化路),2.81,1.11,二
,_立華食品,,,
東區,東峰公園-228紀念碑,6.97,1.48,二
,_廣場中央,,,
東區,新時代購物廣場美食街_1F星巴克,4.05,1.25,二
東區,樂業路建成路口_公園人行道,8.11,1.46,二
東區,燦坤東英店_自由路四段1F門口,6.31,1.31,二
東勢區,921地震紀念碑,3.52,1.26,二
東勢區,東勢林場,5.47,1.4,二
東勢區,東勢客家文化園區,8.15,1.36,二
東勢區,東勢農民醫院正門,5.57,1.35,二
南屯區,公益路(惠文國小),6.29,1.32,二
,摩斯漢堡,,,
南屯區,台中好市多1F美食街,7.43,1.1,二
南屯區,向上路三段/永春東七路口(花市_后里花店),5.9,1.1,二
南屯區,圓滿戶外劇場,4.37,1.03,二
,_文心向上口,,,
南屯區,黎明路二段麥當勞門口,6.3,1.36,二
南區,中山醫學大學汝川醫療大樓,2.16,0.92,二
南區,中興大學校門口,4.88,1.25,二
南區,忠明南路與五權南路口,3.69,1.29,二
南區,健康公園(忠明南路),5.19,1.28,二
南區,愛買復興店美食街,9.61,1.35,二
烏日區,烏日成功火車站,1.87,0.99,二
烏日區,烏日皇家花園大廈,5.3,1.39,二
烏日區,烏日高鐵2樓大廳,2.29,1.04,二
烏日區,烏日會展中心,8.12,1.32,二
烏日區,烏日觀光啤酒廠,4.32,1.05,二
神岡區,神岡圳前活動中心社區,3.99,1.36,二
神岡區,神岡岸裡文物館,6.98,1.45,二
神岡區,犁記餅點景點,6.82,1.45,二
神岡區,集合式住宅_豐社路與大豐北街交叉口,3.91,1.4,二
神岡區,潭雅神自行車道_休息區,2.71,0.84,二
梧棲區,台中港旅客服務中心,4.35,1.03,二
梧棲區,財政部台中關稅局,4.91,1.16,二
梧棲區,梧棲舶來品商圈牌樓處,5.07,1.38,二
梧棲區,梧棲童綜合醫院,1.01,1,二
梧棲區,梧棲新天地餐廳,3.04,1.3,二
清水區,中山路清水街路口,6.49,1.42,二
清水區,高美濕地景觀台,10.6,1.48,二
清水區,清水火車站正門口,7.4,1.45,二
清水區,清水朝興宮,4.17,1.38,二
清水區,清水紫雲巖,7.54,1.48,二
新社區,安妮公主花園,4.13,1.15,二
新社區,新社古堡,3.04,1.32,二
新社區,新社龍安橋,5.33,1.11,二
新社區,薰衣草森林售票亭,6.68,1.4,二
新社區,櫻花林,7.21,1.44,二
潭子區,台中加工出口區,4.49,1.13,二
潭子區,潭子火車站,3.59,1.1,二
潭子區,潭子石牌公園,3.64,1.17,二
潭子區,潭子運動公園,6.13,1.28,二
潭子區,潭子頭張路中山路口_密集住宅,7.59,1.3,二
龍井區,東海藝術街春水堂,8.56,1.41,二
龍井區,南寮村亨德紀念公園,7.95,1.39,二
龍井區,龍井火車站,1.68,1.15,二
龍井區,龍井東海商圈麥當勞,6.35,1.52,二
龍井區,龍井區公所,5.72,1.17,二
豐原區,台中市政府陽明大樓,6.02,1.34,二
豐原區,媽祖廟,3.78,1.15,二
豐原區,葫蘆墩公園,9.63,1.5,二
豐原區,豐原太平洋百貨,3.87,1.4,二
豐原區,豐原文化中心,5.71,1.37,二
霧峰區,亞洲大學,5.42,1.2,二
霧峰區,神農大帝廟,4.94,1.16,二
霧峰區,霧峰林家花園,3.05,0.94,二
霧峰區,霧峰省議會,4.87,1.31,二
霧峰區,霧峰區公所,3.38,1.35,二
霧峰區,霧峰朝陽科技大學,2.59,1.35,二
嘉義市,,,,
西區,大潤發博愛店美食街,6.62,1.27,二
西區,文化路夜市(民族路口),6.18,1.29,二
西區,家樂福博愛店美食街,8.91,1.35,二
西區,嘉義鐵道藝術村停車場,6.19,1.33,二
西區,噴水雞肉飯老店門口,6.13,1.37,二
東區,文化中心文化廣場,7.17,1.3,二
東區,阿里山森林鐵路車庫園區門口,5.46,1.37,二
東區,耐斯松屋百貨美食街,12.18,1.4,二
東區,嘉義市政府大門口,3.05,1.13,二
東區,蘭潭月影潭心,4.6,1.22,二
嘉義縣,,,,
大林鎮,大林火車站大門口,5.05,1.29,二
大林鎮,大林慈濟醫院門診大廳,5.37,1.23,二
大林鎮,大林糖廠冰品部停車場,4.04,1.3,二
大林鎮,大林鎮公所大門口,8.19,1.39,二
大林鎮,明華濕地生態園區停車場,4,1.32,二
大埔鄉,大埔美館(遊客中心),7.91,1.39,二
大埔鄉,大埔鄉公所(清潔隊停車場),8.69,1.36,二
大埔鄉,大埔橋(涼亭),4.32,1.01,二
大埔鄉,情人公園(拱門),8.66,1.36,二
大埔鄉,曾文水庫大壩紀念碑,5.37,1.29,二
中埔鄉,吳鳳廟,8.88,1.33,二
中埔鄉,嘉義縣客家文化會館,7.22,1.23,二
中埔鄉,綠盈牧場,2.56,0.95,二
中埔鄉,獨角仙農場,7.33,1.4,二
中埔鄉,豐山生態園區,10.77,1.45,二
六腳鄉,六腳鄉公所門口,9.04,1.18,二
六腳鄉,台糖小火車(月臺),6.85,1.13,二
六腳鄉,蒜頭糖廠(松錳租車),7.86,1.37,二
六腳鄉,鳳山宮(前方空地),5.91,1.43,二
六腳鄉,蟀哥農家(招牌下),5.4,1.26,二
太保市,太保市公所(招牌下),8.78,1.27,二
太保市,高鐵車站(p3停車場),3.19,1.19,二
太保市,彩虹商場(7-11門口),7.7,1.34,二
太保市,農村文物公園(遊樂區),4.22,0.9,二
太保市,縣政府正門口,5.35,1.16,二
水上鄉,水上鄉公所(代表會門口),8.5,1.3,二
水上鄉,水上機場(機車停車區),10.03,1.41,二
水上鄉,北回歸線公園(標誌前),6.01,1.29,二
水上鄉,南靖火車站(身障走道),7.72,1.32,二
水上鄉,南靖糖廠(賣場前空地),7.15,1.34,二
布袋鎮,布袋雲嘉南遊客中心,5.55,1.31,二
,(正門口),,,
布袋鎮,布袋鎮公所(圓環),6.92,1.34,二
布袋鎮,布袋鹽山(台鹽生技門口),8.5,1.31,二
布袋鎮,布袋觀光漁市(直銷中心入口處),8.02,1.42,二
布袋鎮,遊艇港碼頭(停車場),7.29,1.39,二
民雄鄉,民雄火車站(鐵路寄車),5.45,1.13,二
民雄鄉,民雄市場大士爺廟口,5.2,1.32,二
民雄鄉,民雄鄉公所(電話亭),6.74,1.3,二
民雄鄉,民雄鵝肉慶店門口前,7.11,1.31,二
民雄鄉,寶林禪寺(大石頭前),9.02,1.32,二
朴子市,朴子市公所(停車場),7.51,1.15,二
朴子市,朴子署立醫院(急診室前),3.98,1.18,二
朴子市,朴子藝術公園(入口處),8.96,1.39,二
朴子市,長庚醫院大門口,3.84,1.26,二
朴子市,嘉義縣立棒球場(公車亭),2.45,1.01,二
竹崎鄉,竹崎車站,8.75,1.41,二
竹崎鄉,竹崎鄉公所,3.19,0.96,二
竹崎鄉,真武廟,6.8,1.46,二
竹崎鄉,奮起湖火車站,7.6,1.09,二
竹崎鄉,親水公園,6.12,1.19,二
東石鄉,東石鄉公所門口,7.12,1.29,二
東石鄉,東石漁人碼頭(藝術船),8.37,1.01,二
東石鄉,東石漁港(漁市場停車場),5.07,0.97,二
東石鄉,港口宮廟前,5.9,1.33,二
東石鄉,福靈宮正門前,8.64,1.4,二
阿里山鄉,沼平車站櫻花老街,5.97,1.29,二
阿里山鄉,阿里山旅客服務中心,8.15,1.46,二
阿里山鄉,阿里山國家森林遊樂區入口處,8.16,1.3,二
梅山鄉,玉虛宮,6.48,1.12,二
梅山鄉,梅山公園,7.79,1.45,二
梅山鄉,梅山鄉公所,6.67,1.49,二
梅山鄉,梅山鄉瑞里村警光山莊,5.43,1.36,二
梅山鄉,農村文化館,6.19,1.31,二
鹿草鄉,中寮城隍廟停車場,3.46,0.99,二
鹿草鄉,鹿仔草民俗文化學堂大門口,5.09,1.36,二
鹿草鄉,鹿草鄉公所大門口,6.61,1.29,二
鹿草鄉,雲龍宮廟前廣場,4.17,1.33,二
鹿草鄉,圓山宮廟前廣場,2.25,0.81,二
番路鄉,仁義潭,7.87,1.13,二
番路鄉,半天岩紫雲寺,10.3,1.39,二
番路鄉,番路鄉公所,8.55,1.24,二
番路鄉,童年渡假村,6.54,1.4,二
番路鄉,觸口地久吊橋,9.85,1.35,二
新港鄉,板頭村板陶窯工藝園區,6.96,1.4,二
新港鄉,香藝文化園區停車場,4.92,1.28,二
新港鄉,新港老街(大興路上),7.94,1.38,二
新港鄉,新港奉天宮廟前,9.69,1.23,二
新港鄉,新港鄉公所大門口,7.33,1.28,二
溪口鄉,天宋宮(戲臺前),6.12,1.38,二
溪口鄉,文化生活館(招牌前),10.24,1.34,二
溪口鄉,玄天上帝廟(公布欄),7.2,1.3,二
溪口鄉,開元殿(石獅子旁),2.85,1.1,二
溪口鄉,溪口鄉公所(籃球場),5.62,1.31,二
義竹鄉,中正堂大門口,7.67,1.47,二
義竹鄉,義竹工業區服務站,6.53,1.29,二
義竹鄉,義竹車站(馨滿義竹),5.92,1.36,二
義竹鄉,義竹鄉公所大門口,7.89,1.26,二
台南市,,,,
七股區,七股區公所大門口,4.72,1.48,二
七股區,七股鹽山入口處,7.26,1.52,二
七股區,六孔碼頭,5.86,1.39,二
七股區,台江國家公園六孔管理站停車場,8.8,1.38,二
七股區,黑面琵鷺生態展示館,9.26,1.07,二
下營區,下營區公所,10.44,1.49,二
下營區,大屯保安宮,5.44,1.4,二
下營區,北極殿上帝廟,6.03,1.38,二
下營區,武承恩公園,4.83,1.44,二
下營區,產業文化館,4.86,1.48,二
大內區,大內天文台,7.56,1.34,二
大內區,大內區公所,5.01,1.33,二
大內區,走馬瀨農場,10.94,1.46,二
大內區,果菜批發市場,6.76,1.14,二
大內區,南寶高爾夫球場,4.55,0.9,二
山上區,山上工業區,3.75,0.93,二
山上區,山上天后宮,7.05,1.14,二
山上區,山上長老教會,5.82,1.34,二
山上區,山上區公所,6.52,1.22,二
山上區,山上朝天宮,4.85,1.01,二
中西區,小西門商圈,2.95,1.26,二
中西區,孔廟,5.4,1.36,二
中西區,赤崁樓,9.58,1.47,二
中西區,南方公園市集,7.3,1.28,二
中西區,新光三越中山店,4.59,1.03,二
仁德區,仁德區公所,5.18,1.42,二
仁德區,台南家具產業博物館,5.82,1.34,二
仁德區,台糖嘉年華購物中心,4.57,1.37,二
仁德區,保安火車站,9.04,1.21,二
仁德區,家樂福仁德店,4.46,1.46,二
六甲區,六甲工研院停車場,6.3,1.28,二
六甲區,六甲區公所大門口,5.43,1.4,二
六甲區,六甲區菜市場(建國街),4.4,1.13,二
六甲區,南元農場入口處,7.12,1.5,二
六甲區,恒安宮廟前廣場,7.59,1.43,二
北門區,北門三寮灣東隆宮廣場,2.94,0.67,二
北門區,北門南鯤鯓代天府,6.39,1.24,二
北門區,北門烏腳病紀念館,9.42,1.46,二
北門區,北門區公所門口,9.14,1.42,二
北門區,北門遊客中心,5.54,1.42,二
北區,85度c咖啡(台南北門店),5.33,1.38,二
北區,小北成功夜市,6.31,1.38,二
北區,火車站正門口,4.2,1.31,二
北區,成大醫院,4.36,1.12,二
北區,花園夜市,2.75,1.16,二
左鎮區,二寮觀日出停車場,3.14,0.77,二
左鎮區,左鎮區公所,7.74,1.48,二
左鎮區,青果市場,3.37,1.16,二
左鎮區,菜寮化石館,6.37,1.47,二
左鎮區,噶瑪噶居寺,5.66,1.41,二
永康區,永康大灣廣護宮,6.77,1.29,二
永康區,永康家樂福中正店,4.27,1.38,二
永康區,永康區公所,6.44,1.4,二
永康區,奇美醫院永康院區,4.19,1.15,二
永康區,復興彩虹眷村(榮總停車場旁路口),6.1,1.3,二
玉井區,玉井北極殿前廣場,5.78,1.4,二
玉井區,玉井芒果產業文化資訊館,8.1,1.26,二
玉井區,玉井區公所大門口,6.17,1.41,二
玉井區,虎頭山風景區停車場,2.79,1.33,二
玉井區,青果菜批發市場停車場,6.18,1.36,二
白河區,大凍山登山口,3.63,1.3,二
白河區,白河區公所大門口,4.38,1.4,二
白河區,碧雲寺廟前廣場,2.25,0.9,二
白河區,關子嶺溫泉區,8.25,1.49,二
,(警光山莊前),,,
白河區,關子嶺遊客服務中心,7.42,1.4,二
安平區,台南樹屋,8.68,1.49,二
安平區,安平古堡,5.6,1.44,二
安平區,英商德記洋行,8.49,1.5,二
安平區,億載金城,7.73,1.41,二
安平區,觀夕平台,5.07,1.24,二
安定區,六嘉鎮安宮,3.72,0.8,二
安定區,安定區公所,6.33,1.27,二
安定區,安定圖書館,9.3,1.41,二
安定區,第一代天府,4.7,1.09,二
安定區,港尾福安宮,4.42,1.36,二
安南區,台江國家公園四草大眾廟,1.56,0.33,二
安南區,台南科技工業區,4.47,1.3,二
安南區,台灣歷史博物館,3.05,1.09,二
安南區,果菜市場,3.82,1.22,二
安南區,鹿耳門聖母廟,9.32,1.48,二
西港區,全聯福利中心(中山路),5.1,1.18,二
西港區,西港區公所大門口,8.38,1.3,二
西港區,保安宮廟前廣場,4.16,0.79,二
西港區,慶安宮廟前廣場,6.86,1.41,二
西港區,舊市場中山路入口處,4.51,1.29,二
佳里區,全聯社(建南街),4.97,1.42,二
佳里區,佳里奇美醫院,6.45,1.27,二
佳里區,佳里區公所,3.56,1.13,二
佳里區,金唐殿門口,6,1.39,二
佳里區,蕭瓏文化園區,6.27,1.32,二
官田區,官田工業區,6.77,1.21,二
官田區,官田區公所,7.04,1.43,二
官田區,官田體育公園,4.37,1.33,二
官田區,烏山頭水庫,6,0.91,二
官田區,隆田車站,7.27,1.33,二
東山區,東山服務區用餐區,8.83,1.4,二
東山區,東山區公所大門口,7.08,1.51,二
東山區,東山運動公園(石碑前),5.32,1.03,二
東山區,東山籃記鴨頭,7.22,1.12,二
東山區,碧軒寺廟前廣場,6.15,1.5,二
東區,大東夜市,4.81,1.4,二
東區,台南市立醫院,5.2,1.51,二
東區,市立圖書館_東區分館,4.7,1.03,二
東區,全聯福利中心(後甲店),4.9,1.12,二
東區,東門城圓環,5.99,1.5,二
南化區,公有零售市場,8.38,0.93,二
,(台南南化區),,,
南化區,南化水庫紀念碑,4.61,0.61,二
南化區,南化玉山寶光聖堂,5.21,1.46,二
,停車場,,,
南化區,南化南橫起點,6.5,1.22,二
南化區,南化區公所大門口,7.48,0.92,二
南區,大林新城(大同路),4.51,1.3,二
南區,台南航空站,5.32,1.39,二
南區,安平工業服務中心,3.96,1.18,二
南區,南區區公所,6.03,1.45,二
南區,燕窩觀光工廠,5.59,1.23,二
後壁區,後壁火車站大廳,5.08,1.26,二
後壁區,後壁區公所大門口,6.46,1.39,二
後壁區,烏樹林蘭花園區展示館停車場,3.79,1.15,二
後壁區,無米樂土溝農村中山堂,5.35,1.3,二
後壁區,菁寮無米樂老街,7.54,1.06,二
柳營區,江南渡假村入口處,5.33,1.26,二
柳營區,柳營工業區服務中心大門口,6.03,1.26,二
柳營區,柳營火車站售票處,8.87,1.43,二
柳營區,柳營奇美醫院門診大廳,8.63,1.39,二
柳營區,柳營區公所大門口,4.01,1.3,二
將軍區,文衡殿,7.4,1.43,二
將軍區,方圓美術館,8.13,1.37,二
將軍區,馬沙溝海水浴場,6.95,1.12,二
將軍區,將軍區公所,5.53,1.41,二
將軍區,將軍漁港,6.5,1.44,二
麻豆區,代天府,4.2,1.18,二
麻豆區,阿蘭碗粿,8.92,1.41,二
麻豆區,第三公有市場,4.7,1.16,二
麻豆區,麻豆區公所,8.42,1.39,二
麻豆區,總爺藝文中心,8.39,1.36,二
善化區,成功啤酒廠,9.64,1.48,二
善化區,麥當勞,6.97,1.28,二
善化區,善化區公所,5.4,1.44,二
善化區,善化糖廠,6.99,1.05,二
善化區,新萬香餐廳,8.97,1.38,二
新化區,85度C咖啡(台南新化),4.5,1.36,二
新化區,民生夜市,6.68,1.51,二
新化區,虎頭埤風景區,9.38,1.46,二
新化區,新化圓環,3.63,1.09,二
新化區,新化演藝廳,7.56,1.45,二
新市區,85度c咖啡(台南新市),4.29,1.19,二
新市區,南科迎曦湖,4.01,1.41,二
新市區,新市社教館,6.04,1.27,二
新市區,新市區公所,5.65,1.46,二
新市區,新市遠東科大,4.32,1.11,二
新營區,中山公園(南瀛綠都心停車場入口處),3.91,1.28,二
新營區,太子宮廟前廣場,7.86,1.41,二
新營區,市政府大門口,6.14,1.42,二
新營區,家樂福美食街,11.16,1.33,二
新營區,新營火車站大廳,7.18,1.42,二
楠西區,玄空法寺停車場,3.69,1.05,二
楠西區,梅嶺二層坪停車場,7.17,1.08,二
楠西區,梅嶺觀景樓餐廳停車場,3.75,1.32,二
楠西區,曾文水庫入口處,7.36,1.26,二
楠西區,楠西區公所大門口,7.52,1.36,二
學甲區,頑皮世界野生動物園售票處,6.87,1.4,二
學甲區,學甲中正路公有市場,5.36,0.88,二
學甲區,學甲全聯福利中心,5.76,0.89,二
學甲區,學甲頂好超市,6.78,1.1,二
學甲區,學甲慈濟宮,6.42,1.25,二
龍崎區,牛埔農塘,7.62,1.29,二
龍崎區,虎形山公園,5.47,1.01,二
龍崎區,龍山文衡殿,6.39,1.17,二
龍崎區,龍崎大坑農場,5.62,0.7,二
龍崎區,龍崎區公所,7.12,1.51,二
歸仁區,仁壽宮,7.91,1.28,二
歸仁區,台南高鐵站,5.57,1.34,二
歸仁區,長榮大學大門口,3.92,1.21,二
歸仁區,黃昏市場,8.27,1.43,二
歸仁區,歸仁區公所,5.69,1.47,二
關廟區,山西宮,8.13,1.4,二
關廟區,公有零售市場,5.93,1.45,二
,(台南關廟區),,,
關廟區,休閒運動公園,4.99,1.43,二
關廟區,南一高爾夫球場,12.13,1.46,二
關廟區,關廟區公所,5.29,1.1,二
鹽水區,八角樓入口處,8.65,1.49,二
鹽水區,月津港興隆橋,4.27,1.42,二
鹽水區,武廟廟前廣場,9.7,1.44,二
鹽水區,橋南老街磚仔埕入口,6.9,1.41,二
鹽水區,鹽水區公所大門口,6.99,1.29,二
高雄市,,,,
三民區,大樂量販店美食街,10.51,1.22,二
三民區,明誠二路星巴克,5.45,1.21,二
三民區,建國路建國商場門口,7.42,1.3,二
三民區,高雄火車站前站大廳,6.01,1.34,二
三民區,捷運高雄火車站,11.01,1.36,二
大社區,大社果菜市場,5.63,1.41,二
大社區,大社區公所,7.66,1.31,二
大社區,大覺寺,8.76,1.37,二
大社區,多那之(中山中正路口),7.98,1.37,二
大社區,觀音山風景區(翠湖),7.64,1.28,二
大寮區,大寮區公所大門,6.17,1.34,二
大寮區,大寮捷運(1號出口),4.18,1.16,二
大寮區,包公廟(石獅子旁),6.3,1.43,二
大寮區,後庄火車站(大廳),3.34,1.24,二
大寮區,輔英科大門口,7.96,1.27,二
大樹區,九曲堂火車站(圓環廣場),8.16,1.38,二
大樹區,佛陀紀念館(禮敬大廳),8.72,1.2,二
大樹區,斜張橋(新東港餐廳停車場),8.34,1.44,二
大樹區,義大世界美食街,10.12,1.38,二
大樹區,舊鐵橋濕地公園,4.14,1.25,二
小港區,小港區公所,8.96,1.32,二
小港區,小港機場國際航廈,4.2,0.95,二
小港區,小港醫院大廳,7.23,1,二
小港區,高雄餐旅學校,6.52,0.99,二
小港區,捷運小港機場站,3.87,0.86,二
仁武區,上帝宮,7.23,1.45,二
仁武區,仁武區公所,5.61,1.07,二
仁武區,光之塔(仁武運動公園旁),6.57,1.38,二
仁武區,東照山關帝廟,10.83,1.4,二
仁武區,登發夜市(登發國小前),7.92,1.29,二
內門區,七星塔正前方停車格,7.85,1.34,二
內門區,內門區公所,6.86,1.35,二
內門區,內門紫竹寺正門口前停車場,4.78,0.39,二
內門區,內門順賢宮正門口,10.15,1.3,二
內門區,內門實踐大學正門口,4.55,1.05,二
六龜區,六龜妙崇寺廟正前面,4.43,0.89,二
六龜區,天台山神威道場入口,5.84,1.28,二
六龜區,彩蝶谷風景特定區,7.83,1.28,二
六龜區,新威森林公園入口處,1.89,1.07,二
六龜區,寶來遊客中心入口馬路前,8.8,1.42,二
左營區,世運主場館,6.49,1.1,二
左營區,左營高鐵站售票口前,7.38,1.05,二
左營區,左營環球購物中心大廳,8.1,1.36,二
左營區,鼎王麻辣鍋,6.55,1.3,二
左營區,榮總門診大廳,4.69,1.08,二
永安區,永安宮,8.34,1.4,二
永安區,永安區公所,5.88,1.43,二
永安區,永安漁港,3.66,1.34,二
永安區,永安濕地生態教育中心,2.22,1.23,二
田寮區,日月禪寺門口,6.67,1.15,二
田寮區,月世界泥岩地質生態解說中心,6.86,0.85,二
田寮區,月世界風景區入口,6.56,0.83,二
田寮區,田寮大崗山高爾夫球場大門,8.75,1.39,二
田寮區,花季溫泉會館入口,10.23,1.32,二
甲仙區,三冠王芋冰城,7.68,1.47,二
甲仙區,小奇芋冰老店門口,6.59,1.49,二
甲仙區,甲仙大橋橋尾,7.92,1.4,二
甲仙區,甲仙化石館正入口前,12.45,1.5,二
甲仙區,親水公園公廁前,6.41,1.36,二
杉林區,小份尾幸福田餐廳門口,5.36,0.88,二
杉林區,月光山溫泉養生村入口大石頭前,5.7,1.31,二
杉林區,杉林區公所,4.55,0.99,二
杉林區,慈濟大愛園區入口,8.34,1.39,二
杉林區,慈濟大愛園區原民文化公園入口,5.34,1.37,二
那瑪夏區,那瑪夏大光教會,1.45,0.52,二
,正門口,,,
那瑪夏區,那瑪夏消防局,7.05,1.31,二
那瑪夏區,那瑪夏舊區公所,2.13,0.69,二
那瑪夏區,瑪雅遊客中心門口,7.09,1.27,二
岡山區,中山公園(牌樓下),4.9,1.28,二
岡山區,文化中心演藝廳門口,7.35,1.2,二
岡山區,火車站(大廳),8.07,1.3,二
岡山區,區公所大門,2.96,0.94,二
岡山區,捷運南岡山站(售票機前),5.62,1.4,二
林園區,林園區公所大門,5.71,1.25,二
林園區,建佑醫院門口,5.74,1.08,二
林園區,清水巖(廣場停車場),7.86,1.38,二
林園區,漁港公園(廣場入口),6.88,1.1,二
林園區,燦坤門口,4.12,1.03,二
阿蓮區,大岡山風景區,4.54,1.21,二
,(登山口停車場),,,
阿蓮區,大岡山超峰寺停車場,0.08,0.09,二
阿蓮區,快樂天堂生態,5.05,1.29,二
,休閒農場大門,,,
阿蓮區,阿蓮區公所門口,7.45,1.29,二
阿蓮區,農春鎮生態教育農園區大門,2.56,1.09,二
前金區,大立伊勢丹百貨,5.33,1.32,二
,(計程車處),,,
前金區,中央公園空地,7.07,1.31,二
,(大統百貨對面),,,
前金區,多那之門口(紅綠燈下),4.38,1.29,二
前金區,高雄市立圖書館(機車棚),7.83,1.4,二
前金區,漢神百貨(石獅子前),4.14,1.18,二
前鎮區,光華夜市(徐排骨酥),7.31,1.36,二
前鎮區,金鑽夜市(招牌前),4.62,1.17,二
前鎮區,捷運三多站(二號出口),2.67,1.1,二
前鎮區,新光三越(石獅子),5.86,1.37,二
前鎮區,夢時代(摩天輪前),4.68,1.35,二
美濃區,美濃中正湖導覽地圖前,4.56,1.3,二
美濃區,美濃客家文物館正門口,6.56,1.21,二
美濃區,美濃區公所正門口,5.75,1.27,二
美濃區,原鄉緣紙傘文化村正門口,7.83,1.31,二
美濃區,高雄休閒農場正門口,1.61,0.83,二
苓雅區,B&Q(武廟路門口),8.93,1.41,二
苓雅區,光榮碼頭(鞋全家福對面空地),7.6,1.35,二
苓雅區,吳寶春麵包店(永定街機車格),5.56,1.14,二
苓雅區,金礦咖啡四維店門口,6.46,1.16,二
苓雅區,高雄市政府門口(四維),5.45,1.16,二
茂林區,一山沐咖啡屋大門口,8.44,1.37,二
茂林區,多納村石板屋,6.29,1.2,二
茂林區,茂林生態公園入口,7.72,1.47,二
茂林區,茂林產業行銷聯合展售中心門口,5.35,1.3,二
茄萣區,茄萣區公所,5.76,1.2,二
茄萣區,情人碼頭,6.56,1.32,二
茄萣區,郭常喜兵器藝術文物館,4.11,1.16,二
茄萣區,賜福宮,8.14,1.26,二
茄萣區,興達港觀光漁市入口處,8.57,1.34,二
桃源區,布農文化展示中心正門口,4.66,1.4,二
桃源區,拉芙蘭藝術村正門口,5.42,1.38,二
桃源區,桃源原住民文物館正門口,7.11,1.03,二
桃源區,梅山青年活動中心正門口,3.81,1.11,二
桃源區,梅蘭山莊正門口,5.98,1.11,二
梓官區,赤崁清水宮(旁海濱),6.31,1.36,二
梓官區,梓官城隍廟前廣場,5.43,1.41,二
梓官區,梓官區公所大門口,7.02,1.56,二
梓官區,蚵仔寮漁港漁市停車場,6.07,1.3,二
梓官區,濱海夜市(蚵寮國小後門),5.88,1.44,二
鳥松區,得月樓,5.65,1.23,二
鳥松區,鳥松區公所,6.6,1.33,二
鳥松區,圓山大飯店門口,3.13,1.04,二
鳥松區,澄清湖售票亭,6.97,1.25,二
鳥松區,澄清湖棒球場,5.46,1.34,二
湖內區,大湖火車站候車室,7.13,1.09,二
湖內區,天真福廟前,5.24,1.45,二
湖內區,明寧靖王墓園(牌樓下),4.56,1.38,二
湖內區,東方設計學院大門,4.88,1.3,二
湖內區,湖內區公所門口,5.98,1.05,二
新興區,六合夜市,6.51,1.26,二
新興區,文化中心,3.39,1.13,二
新興區,美麗島站光之穹頂,9.3,1.31,二
新興區,捷運中央公園站,2.93,1.1,二
新興區,捷運美麗島站光之穹頂,4.91,1.02,二
新興區,新崛江商圈,6.81,1.37,二
楠梓區,台糖量販店,4.95,1.23,二
楠梓區,楠梓火車站,8.77,1.39,二
楠梓區,楠梓加工區管理處,9.98,1.35,二
楠梓區,楠梓家樂福,7.11,1.16,二
楠梓區,德賢路德惠路多那之咖啡,2.65,0.97,二
路竹區,天后宮(石獅子),9.09,1.18,二
路竹區,火車站候車室,9.49,1.32,二
路竹區,高苑圖資大樓門口,1.9,1.02,二
路竹區,路竹夜市(民強民富街口),4.56,1.29,二
路竹區,路竹區公所門口,5.24,1.33,二
鼓山區,老四川門口,8.98,1.39,二
鼓山區,西子灣英國領事館,11.59,1.34,二
鼓山區,美術館東側門(圓形廣場),2.27,1.11,二
鼓山區,瑞豐夜市,5.99,1.19,二
鼓山區,鼓山渡船頭,7.39,1.43,二
旗山區,天后宮市場巷入口,5.72,1.18,二
旗山區,枝仔冰城正門口,5.23,1.24,二
旗山區,武德殿文化中心華中街路旁,6.48,1.27,二
旗山區,旗山糖廠銷售中心旁,8.84,1.44,二
旗山區,旗山舊火車站後門,8,1.23,二
旗津區,海岸公園貝殼館門口,7.21,1.34,二
旗津區,旗津風車公園,5.72,1,二
,(發電機下),,,
旗津區,旗津海產街,6.88,1.27,二
,(海忠寶前),,,
旗津區,旗津旗后觀光市場,6.66,0.98,二
,(7號入口),,,
旗津區,廣濟宮(石獅子前),8.2,1.38,二
鳳山區,大東文化中心,6.76,1.14,二
鳳山區,五甲夜市,5.85,1.1,二
鳳山區,高雄市政府鳳山行政中心,4.21,1.14,二
鳳山區,鳳山火車站,5.4,1.33,二
鳳山區,衛武都會公園,6.99,1.34,二
橋頭區,田中三山國王,5.38,1.26,二
橋頭區,橋頭老街舊戲院前,4.94,1.27,二
橋頭區,橋頭區公所,7.21,1.31,二
橋頭區,橋頭糖廠台糖館,8.23,1.28,二
燕巢區,阿公店水庫大門,6.04,1.35,二
燕巢區,烏山頂泥火山自然保留區入口處,5.57,1.12,二
燕巢區,義大醫院大廳,3.76,0.86,二
燕巢區,燕巢果菜市場,5.72,1.28,二
燕巢區,燕巢區公所,5.06,1.23,二
彌陀區,南寮海岸光廊,3.7,1.06,二
彌陀區,彌陀南寮,5.79,1.15,二
,假日漁市停車場,,,
彌陀區,彌陀區公所大門口,5.94,1.46,二
彌陀區,彌陀區濱海公園停車場,3.4,1.23,二
彌陀區,彌陀彌壽宮廟前廣場,5.12,1.3,二
鹽埕區,冬粉王,5.05,1.2,二
鹽埕區,香蕉碼頭,4.7,1.32,二
鹽埕區,捷運鹽埕埔站,2.68,1.09,二
鹽埕區,漁人碼頭,2.8,0.99,二
鹽埕區,駁二藝術特區,9.83,1.43,二
金門縣,,,,
金沙鎮,823戰役勝利紀念碑,8.9,1.47,二
金沙鎮,金沙車站,6,1.25,二
金沙鎮,金沙鎮風獅爺,6.95,1,二
金沙鎮,金門民俗文化村入口,10.33,1.35,二
金沙鎮,馬山觀測站坑道入口,7.42,1.03,二
金城鎮,金門水岸碼頭大廳,6.56,1.33,二
金城鎮,金門古崗樓門口,5.48,1.41,二
金城鎮,金門莒光樓大門口,2.94,1.27,二
金城鎮,金門縣立體育場大門,4.24,1.11,二
金城鎮,金門縣政府1999管理室,5.53,1.43,二
金湖鎮,山外車站侯車亭,4.31,1.26,二
金湖鎮,山外護國寺廟口,7.56,1.46,二
金湖鎮,金門機場售票大廳,8.21,1.39,二
金湖鎮,陳景蘭洋樓門口,5.88,1.07,二
金湖鎮,觀光漁港,0.77,0.13,二
金寧鄉,金門大學大門口,7.07,1.47,二
金寧鄉,金門后湖濱海公園,4.83,1.01,二
金寧鄉,金門金酒生活館,4.2,0.88,二
,展館大廳,,,
金寧鄉,金門風獅爺免稅商店街,7.08,1.26,二
金寧鄉,金門國家公園,10.1,1.19,二
,中山林遊客中心,,,
烈嶼鄉,地雷主題館門口,5.11,1.07,二
烈嶼鄉,烈女廟廟口,4.79,0.91,二
烈嶼鄉,烈嶼鄉公所門口,10.17,1.26,二
烈嶼鄉,烈嶼鄉文化館門口,9.43,1.38,二
烈嶼鄉,勝利門門口,4.8,0.81,二
