MeasureId,MeasureLocation,MeasureDate,County,Township,MeasureAddress,RadiatorType,RadiatorTypeName,PowerDensityMax,ItemUnit,Legal
U10312,志學國小電磁場量測,2015-09-14,花蓮縣,壽豐鄉,志學村中正路120巷10號,91,學校極低頻設施,1.2,mG,True
P10195,台78快速道路虎尾段旁_手機基地台,2015-10-19,雲林縣,虎尾鎮,台78快速道路虎尾段旁_手機基地台,11,手機基地臺,4.9E-07,mW/cm<sup>2</sup>,True
A01029,信義區松仁路90號旁中央分格島路燈—無線網路電磁波量測,2015-10-06,臺北市,信義區,松仁路90號,14,無線區域網路(Wi-Fi),0.002435,mW/cm<sup>2</sup>,True
Q10195,民雄鄉三興村神農路健康快樂飲食餐廳協前方,2015-09-30,嘉義縣,民雄鄉,三興村神農路健康快樂飲食餐廳協前方,24,落地型變壓器,1.302,mG,True
Q10194,民雄鄉三興村神農路晨間廚房前,2015-09-30,嘉義縣,民雄鄉,三興村神農路晨間廚房前,24,落地型變壓器,3.413,mG,True
Q10192,民雄鄉中和村社溝10之21號旁,2015-10-28,嘉義縣,民雄鄉,中和村社溝10之21號旁,11,手機基地臺,0.00123,mW/cm<sup>2</sup>,True
Q10191,新港鄉潭大村大客90號對面,2015-09-30,嘉義縣,新港鄉,潭大村大客90號對面,11,手機基地臺,0.00073,mW/cm<sup>2</sup>,True
Q10190,阿里山鄉香林村1號後方,2015-09-25,嘉義縣,阿里山鄉,香林村1號後方,11,手機基地臺,0.0008,mW/cm<sup>2</sup>,True
Q10189,水上鄉內溪村內溪洲46之18號對面巷子,2015-10-28,嘉義縣,水上鄉,內溪村內溪洲46之18號對面巷子,11,手機基地臺,0.00071,mW/cm<sup>2</sup>,True
Q10188,新港鄉157縣道15.5公里處,2015-09-03,嘉義縣,新港鄉,157縣道15.5公里處,11,手機基地臺,0.00071,mW/cm<sup>2</sup>,True
P10190,崙背河堤道路旁_手機基地台,2015-10-16,雲林縣,崙背鄉,河堤道路旁,11,手機基地臺,6E-08,mW/cm<sup>2</sup>,True
P10194,水林縣道164路旁_手機基地台,2015-10-16,雲林縣,水林鄉,縣道164號路旁,11,手機基地臺,5.6E-07,mW/cm<sup>2</sup>,True
P10192,崙背大有產業道路_手機基地台,2015-10-16,雲林縣,崙背鄉,大有產業道路,11,手機基地臺,1.7E-07,mW/cm<sup>2</sup>,True
P10191,崙背156縣道旁_手機基地台,2015-10-16,雲林縣,崙背鄉,156縣道旁,11,手機基地臺,9E-08,mW/cm<sup>2</sup>,True
P10186,土庫民族路中油加油站前方_手機基地台,2015-10-15,雲林縣,土庫鎮,土庫民族路中油加油站前方,11,手機基地臺,1.6E-07,mW/cm<sup>2</sup>,True
P10183,古坑蜜蜂故事館後方_手機基地台,2015-10-15,雲林縣,斗六市,古坑蜜蜂故事館後方,11,手機基地臺,1.4E-07,mW/cm<sup>2</sup>,True
P10188,西螺延平路農會大樓_手機基地台,2015-10-14,雲林縣,斗六市,西螺延平路農會大樓,11,手機基地臺,4.62E-06,mW/cm<sup>2</sup>,True
B00852,十甲東路486號附近,2015-09-25,臺中市,東區,十甲東路486號附近,11,手機基地臺,9E-06,mW/cm<sup>2</sup>,True
P10193,褒忠產業道路_手機基地台,2015-10-16,雲林縣,褒忠鄉,產業道路,11,手機基地臺,1.6E-07,mW/cm<sup>2</sup>,True
P10185,土庫中華電信服務所_手機基地台,2015-10-15,雲林縣,土庫鎮,雲林縣土庫鎮中山路199號,11,手機基地臺,4.1E-07,mW/cm<sup>2</sup>,True
P10189,西螺彰化銀行大樓_手機基地台,2015-10-14,雲林縣,西螺鎮,中山路225號,11,手機基地臺,4.09E-06,mW/cm<sup>2</sup>,True
P10184,台78快速道路往西39公里處下方_手機基地台,2015-10-13,雲林縣,斗六市,台78快速道路往西39公里處下方,11,手機基地臺,3.3E-07,mW/cm<sup>2</sup>,True
B00851,太平區光興路635號附近,2015-09-25,臺中市,太平區,光興路635號附近,11,手機基地臺,0.000113,mW/cm<sup>2</sup>,True
U10313,鳳林國中電磁場量測,2015-09-17,花蓮縣,鳳林鎮,光復路8號,91,學校極低頻設施,5.4,mG,True
D00852,臺南市中西區大同路一段173號,2015-10-07,臺南市,中西區,大同路一段173號,11,手機基地臺,0.0463,mW/cm<sup>2</sup>,True
P10196,台78快速道路麥寮交流道旁_手機基地台,2015-10-19,雲林縣,麥寮鄉,台78快速道路麥寮交流道旁,11,手機基地臺,2.2E-07,mW/cm<sup>2</sup>,True
A01031,信義區松智路與松壽路交叉口無線網路電磁波量測,2015-10-06,臺北市,信義區,松智路與松壽路交叉口,14,無線區域網路(Wi-Fi),0.001451,mW/cm<sup>2</sup>,True
A01032,信義區松壽路20號旁(信義威秀外與松壽路口)—無線網路電磁波量測,2015-10-06,臺北市,信義區,松壽路20號旁,14,無線區域網路(Wi-Fi),0.000801,mW/cm<sup>2</sup>,True
P10182,莿桐農會大樓_手機基地台,2015-09-18,雲林縣,莿桐鄉,雲林縣莿桐鄉中正路75號,11,手機基地臺,7.3E-06,mW/cm<sup>2</sup>,True
P10177,雲林縣麥寮國小,2015-09-07,雲林縣,麥寮鄉,麥津村中山路260號,91,學校極低頻設施,10.45,mG,True
E00932,LE104-06-011 (市立小港國中),2015-06-29,高雄市,小港區,高雄市小港區平和南路185號,91,學校極低頻設施,8.813,mG,True
J00794,竹東鎮衛生所_無線區域網路(Wi-Fi)量測,2015-09-03,新竹縣,竹東鎮,中正路221號,14,無線區域網路(Wi-Fi),1.999E-09,mW/cm<sup>2</sup>,True
P10171,雲林縣斗六溝壩國小,2015-09-01,雲林縣,斗六市,仁義路93號,91,學校極低頻設施,16.25,mG,True
E00964,HE104-09-005 (AM正聲廣播電臺),2015-09-17,高雄市,仁武區,高雄市鳥松區澄清路819號附近,13,AM廣播電臺,9.13,V/m,True
A01022,臺北市明湖國中電磁場量測,2015-09-03,臺北市,內湖區,葫洲里康寧路3段60號,91,學校極低頻設施,4.9,mG,True
A01020,內湖區中山高速公路-內湖17A旁基地臺電磁,2015-09-14,臺北市,內湖區,中山高速公路-內湖17A旁,11,手機基地臺,0.001422,mW/cm<sup>2</sup>,True
J00804,竹東火車站_無線區域網路(Wi-Fi)量測,2015-09-03,新竹縣,竹東鎮,東林196號,14,無線區域網路(Wi-Fi),3.8E-11,mW/cm<sup>2</sup>,True
A01023,臺北市東湖國小電磁場量測,2015-09-02,臺北市,內湖區,東湖里東湖路115號,91,學校極低頻設施,4.6,mG,True
P10181,西螺國道一南下交流道旁_手機基地台,2015-09-21,雲林縣,斗六市,西螺國道一南下交流道,11,手機基地臺,2.5E-07,mW/cm<sup>2</sup>,True
J00805,竹東火車站旅遊服務中心_無線區域網路(Wi-Fi)量測,2015-09-03,新竹縣,竹東鎮,東林196號,14,無線區域網路(Wi-Fi),4E-12,mW/cm<sup>2</sup>,True
U10316,東部產業技術服務中心基地臺量測,2015-09-21,花蓮縣,吉安鄉,南濱路一段532號,11,手機基地臺,0.0136,mW/cm<sup>2</sup>,True
A01026,臺北市內湖區康寧路三段75巷207弄旁大湖隧道出口基地臺電磁波量測,2015-09-18,臺北市,內湖區,康寧路三段75巷207弄,11,手機基地臺,0.000178,mW/cm<sup>2</sup>,True
J00803,芎林鄉衛生所_無線區域網路(Wi-Fi)量測,2015-09-03,新竹縣,芎林鄉,文山路532號,14,無線區域網路(Wi-Fi),2.373E-09,mW/cm<sup>2</sup>,True
A01015,信義區府前停車場機車出口管控設備電磁波量測,2015-08-25,臺北市,信義區,松壽路府前停車場地下室,14,無線區域網路(Wi-Fi),6.3E-05,mW/cm<sup>2</sup>,True
J00801,關西鎮衛生所_無線區域網路(Wi-Fi)量測,2015-09-04,新竹縣,關西鎮,中山路207號,14,無線區域網路(Wi-Fi),4E-12,mW/cm<sup>2</sup>,True
J00799,關西鎮公所_無線區域網路(Wi-Fi)量測,2015-09-04,新竹縣,關西鎮,正義路51號,14,無線區域網路(Wi-Fi),1.009E-09,mW/cm<sup>2</sup>,True
J00798,寶山鄉衛生所_無線區域網路(Wi-Fi)量測,2015-09-04,新竹縣,寶山鄉,雙園路二段273號,14,無線區域網路(Wi-Fi),6E-12,mW/cm<sup>2</sup>,True
J00797,寶山鄉公所_無線區域網路(Wi-Fi)量測,2015-09-04,新竹縣,寶山鄉,雙園路二段325號,14,無線區域網路(Wi-Fi),4.8E-11,mW/cm<sup>2</sup>,True
J00806,竹北市台元街33號_基地台量測,2015-09-25,新竹縣,竹北市,台元街33號,11,手機基地臺,3.9021E-08,mW/cm<sup>2</sup>,True
U10314,光華S/S變電所電磁場量測,2015-09-21,花蓮縣,吉安鄉,南濱路一段542號,22,變電所,7.6,mG,True
J00800,關西鎮圖書館_無線區域網路(Wi-Fi)量測,2015-09-04,新竹縣,關西鎮,中山路145號,14,無線區域網路(Wi-Fi),2E-12,mW/cm<sup>2</sup>,True
J00793,竹東鎮公所_無線區域網路(Wi-Fi)量測,2015-09-03,新竹縣,竹東鎮,東林路88號,14,無線區域網路(Wi-Fi),1E-11,mW/cm<sup>2</sup>,True
P10179,斗六市府文路125號內落地形變壓器(K3842 GB58),2015-09-03,雲林縣,斗六市,府文路125號,24,落地型變壓器,2.073,mG,True
P10178,斗六市龍潭北路16之12號旁落地形變壓器(K3842 FB89),2015-09-03,雲林縣,斗六市,龍潭北路16之12號,24,落地型變壓器,14.15,mG,True
P10176,斗六市民生南路79號前落地形變壓器(K3944 HE5872),2015-09-02,雲林縣,斗六市,民生南路79號,24,落地型變壓器,22.83,mG,True
P10175,斗六市雲林路二段487號旁落地形變壓器(K3844 FB3180),2015-09-01,雲林縣,斗六市,雲林路二段487號,24,落地型變壓器,14.45,mG,True
P10174,斗六市忠孝路1號前方(K3942 AE09),2015-09-02,雲林縣,斗六市,忠孝路1號,24,落地型變壓器,3.387,mG,True
P10173,雲林縣斗六市育英北街184號旁落地形變壓器(K4147B GD09),2015-09-01,雲林縣,斗六市,育英北街184號,24,落地型變壓器,21.21,mG,True
P10172,雲林縣斗六國中,2015-09-01,雲林縣,斗六市,育英北街69號,91,學校極低頻設施,18.07,mG,True
J00802,芎林鄉公所_無線區域網路(Wi-Fi)量測,2015-09-03,新竹縣,芎林鄉,文昌街51號,14,無線區域網路(Wi-Fi),7.6E-11,mW/cm<sup>2</sup>,True
P10170,雲林縣虎尾立仁國小,2015-08-27,雲林縣,虎尾鎮,立仁街40號,91,學校極低頻設施,5.644,mG,True
P10180,斗六市延平路152號旁落地型變壓器(K4047C AB6071),2015-08-21,雲林縣,斗六市,延平路152號,24,落地型變壓器,11.21,mG,True
E00954,HE104-08-007 (FM金聲廣播電臺),2015-08-19,高雄市,苓雅區,光華一路206號25樓,15,FM廣播電臺,0.0005,mW/cm<sup>2</sup>,True
A01010,臺北市內湖區康樂隧道基地臺電磁波量測,2015-09-01,臺北市,內湖區,康樂隧道,11,手機基地臺,0.000852,mW/cm<sup>2</sup>,True
P10164,斗六公誠國小前落地形變壓器(K4047C BC12),2015-08-21,雲林縣,斗六市,北平路95號,24,落地型變壓器,22.42,mG,True
A01009,臺北市內湖區大湖隧道基地臺電磁波量測,2015-09-01,臺北市,內湖區,大湖隧道,11,手機基地臺,0.001099,mW/cm<sup>2</sup>,True
P10168,虎尾文科路與博愛路路口落地形變壓器(K2748 BC33),2015-08-24,雲林縣,斗六市,虎尾文科路與博愛路路口,24,落地型變壓器,2.806,mG,True
P10167,斗南建國一路與大同路路口落地形變壓器(K3140 GB66),2015-08-24,雲林縣,斗南鎮,大同路105號,24,落地型變壓器,41.98,mG,True
P10169,雲林縣斗六公誠國小,2015-08-26,雲林縣,斗六市,北平路95號,91,學校極低頻設施,27.13,mG,True
E00935,LE104-06-004 (市立大灣國中),2015-06-23,高雄市,仁武區,高雄市仁武區大灣里仁雄路99號,91,學校極低頻設施,7.167,mG,True
A01011,信義區市府路1號北區B1F停車場無線網路電磁波量測,2015-08-24,臺北市,信義區,市府路1號,14,無線區域網路(Wi-Fi),0.000552,mW/cm<sup>2</sup>,True
A01003,臺北市民權國中電磁場量測,2015-08-26,臺北市,大同區,重慶北路三段1號,91,學校極低頻設施,3.7,mG,True
E00934,LE104-06-012 (市立鳥松國中),2015-06-30,高雄市,鳥松區,高雄市鳥松區松埔北巷5之1號,91,學校極低頻設施,10.286,mG,True
A01024,中山區濱江街95號旁基地臺電磁波量測,2015-09-17,臺北市,中山區,濱江街95號,11,手機基地臺,0.000831,mW/cm<sup>2</sup>,True
E00922,LE104-06-001 (市立明華國中),2015-06-05,高雄市,鼓山區,高雄市鼓山區明誠三路582號,91,學校極低頻設施,1.901,mG,True
E00951,HE104-08-004 (AM復興廣播電臺),2015-08-13,高雄市,鳥松區,澄清路819號,13,AM廣播電臺,5.08,V/m,True
E00945,HE104-07-001 (FM港都廣播電臺),2015-07-31,高雄市,三民區,民族一路80號46樓之一,15,FM廣播電臺,0.0003,mW/cm<sup>2</sup>,True
D00849,新市變電所,2015-08-11,臺南市,新市區,永就村中山路201號,22,變電所,14.06,mG,True
D00847,臺南市新營區土庫里卯舍路1之2號,2015-08-06,臺南市,新營區,土庫里卯舍路1之2號,22,變電所,30.51,mG,True
D00848,三竹配電變電所,2015-08-11,臺南市,新市區,環西路一段12號,22,變電所,17.08,mG,True
U10301,華西路美工路口落地型電壓器量測,2015-01-20,花蓮縣,花蓮市,華西路、美工路口,24,落地型變壓器,11.9,mG,True
E00926,LE104-06-005 (市立民權國小),2015-06-23,高雄市,前鎮區,高雄市前鎮區沱江街200號,91,學校極低頻設施,10.848,mG,True
D00851,臺南市善化區大成路90號,2015-08-20,臺南市,善化區,大成路90號,22,變電所,19.22,mG,True
D00850,新市區S/S,2015-08-11,臺南市,新市區,新市區 永新路52號(南144鄉道),22,變電所,42.69,mG,True
P10166,雲林縣虎尾崇德國中,2015-08-24,雲林縣,虎尾鎮,文科路1530號,91,學校極低頻設施,15.71,mG,True
P10165,雲林縣北港建國國中,2015-08-24,雲林縣,北港鎮,大同路468號,91,學校極低頻設施,17.67,mG,True
U10302,193縣道(七星街)落地型變壓器量測,2015-01-20,花蓮縣,花蓮市,七星街,24,落地型變壓器,1.1,mG,True
E00948,HE104-08-003 (AM高雄廣播電臺),2015-08-04,高雄市,鼓山區,新疆路90號,13,AM廣播電臺,18.24,V/m,True
E00949,HE104-08-001 (AM漢聲廣播電臺),2015-08-03,高雄市,鳥松區,高雄市鳥松區澄清路819號附近,13,AM廣播電臺,10.55,V/m,True
D00846,臺南市新營區嘉芳里新工路39號,2015-08-06,臺南市,新營區,嘉芳里新工路39號,22,變電所,46.77,mG,True
D00842,臺南市立文元國民小學,2015-07-07,臺南市,北區,臺南市北區海安路三段815號,91,學校極低頻設施,4.697,mG,True
D00837,臺南市立復興國民小學,2015-06-17,臺南市,東區,臺南市東區復興里11鄰裕文路60號,91,學校極低頻設施,8.625,mG,True
B00832,潭子區勝利一街41巷附近(吉祥富貴建設大樓),2015-06-22,臺中市,潭子區,勝利一街41巷2弄2號附近,11,手機基地臺,0.013,mW/cm<sup>2</sup>,True
A00992,臺北市民生國小電磁場量測,2015-07-17,臺北市,松山區,敦化北路199巷18號,91,學校極低頻設施,13.7,mG,True
E00929,LE104-06-008 (市立大湖國小),2015-06-25,高雄市,湖內區,高雄市湖內區民權路2號,91,學校極低頻設施,54.193,mG,True
A00993,私立復興國小電磁場量測,2015-07-21,臺北市,大安區,敦化南路1段262號,91,學校極低頻設施,8.8,mG,True
E00930,LE104-06-009 (市立港和國小),2015-06-26,高雄市,小港區,高雄市小港區平和南路300號,91,學校極低頻設施,10.785,mG,True
D00845,臺南市立後壁國中,2015-07-15,臺南市,後壁區,臺南市後壁區嘉苳里10鄰124之20號,91,學校極低頻設施,9.852,mG,True
E00928,LE104-06-007 (市立楠梓國中),2015-06-24,高雄市,楠梓區,高雄市楠梓區楠梓路336號,91,學校極低頻設施,4.444,mG,True
E00927,LE104-06-006 (市立鳳林國小),2015-06-24,高雄市,小港區,高雄市小港區鳳林路207號,91,學校極低頻設施,31.419,mG,True
D00844,臺南市立大內國民小學,2015-07-15,臺南市,大內區,臺南市大內區大內里1鄰63號,91,學校極低頻設施,7.705,mG,True
A00988,臺北市大直國小電磁場量測,2015-07-03,臺北市,中山區,大直街2號,91,學校極低頻設施,31.6,mG,True
D00840,鹽行一次變電所,2015-06-15,臺南市,永康區,大橋一街247巷142號,22,變電所,11.12,mG,True
E00923,LE104-06-002 (市立莒光國小),2015-06-11,高雄市,楠梓區,高雄市楠梓區後昌路842號,91,學校極低頻設施,20.918,mG,True
D00843,臺南市立成功國民小學,2015-07-07,臺南市,中西區,填寫門牌地址(若無完整地址，請描述地點)，最多100個中文字臺南市中西區成功路235號,91,學校極低頻設施,9.061,mG,True
D00839,臺南市永康區王行村興工路1號,2015-07-06,臺南市,永康區,王行村興工路1號,22,變電所,19.13,mG,True
D00841,臺南市立西勢國民小學,2015-07-01,臺南市,永康區,臺南市永康區西勢里7鄰富強路一段278號,91,學校極低頻設施,9.888,mG,True
D00838,臺南市永康區永康國民小學,2015-07-01,臺南市,永康區,臺南市永康區永康里1鄰中山南路637號,91,學校極低頻設施,18.75,mG,True
E00924,LE104-06-003 (市立文府國小),2015-06-22,高雄市,左營區,高雄市左營區文府路399號,91,學校極低頻設施,5.841,mG,True
A00987,臺北市建安國小電磁場量測,2015-06-23,臺北市,大安區,龍雲里大安路2段99號,91,學校極低頻設施,20.3,mG,True
P10161,雲林縣西螺安定國小,2015-06-10,雲林縣,西螺鎮,埔心路210號,91,學校極低頻設施,3.644,mG,True
J00789,新竹縣政府環保局交誼廳_無線區域網路(Wi-Fi)量測,2015-06-30,新竹縣,竹北市,光明五街62號,14,無線區域網路(Wi-Fi),2.98E-10,mW/cm<sup>2</sup>,True
J00788,新竹縣政府大廳_無線區域網路(Wi-Fi)量測,2015-06-30,新竹縣,竹北市,光明六路10號,14,無線區域網路(Wi-Fi),7.8E-11,mW/cm<sup>2</sup>,True
D00834,臺南市立復興國民中學,2015-06-17,臺南市,東區,臺南市東區裕文路62號,91,學校極低頻設施,12.61,mG,True
J00787,竹北市福興一路_落地型變電箱量測,2015-06-26,新竹縣,竹北市,竹北市福興一路,24,落地型變壓器,1.208,mG,True
J00783,竹北市光明一路480號前_落地型變電箱量測,2015-06-26,新竹縣,竹北市,光明一路480號前,24,落地型變壓器,1.534,mG,True
J00782,新豐鄉泰安街35號對面_落地型變電箱量測,2015-06-25,新竹縣,新豐鄉,泰安街35號對面,24,落地型變壓器,1.101,mG,True
J00781,新豐鄉保愛街32號旁_落地型變電箱量測,2015-06-25,新竹縣,新豐鄉,保愛街32號旁,24,落地型變壓器,20.66,mG,True
J00778,新豐鄉康樂路與德昌街路口_落地型變電箱量測,2015-06-25,新竹縣,新豐鄉,康樂路與德昌街路口,24,落地型變壓器,4.495,mG,True
A00986,大安區仁愛路4段與仁愛路4段300巷交叉口人行道-落地型變壓器檢測,2015-05-18,臺北市,大安區,仁愛路4段300巷,24,落地型變壓器,9.5,mG,True
D00833,臺南市立崇明國民中學,2015-06-23,臺南市,東區,臺南市東區崇明路700號,91,學校極低頻設施,17.47,mG,True
J00780,新豐鄉松林街與康泰路口_落地型變電箱量測,2015-06-25,新竹縣,新豐鄉,新豐鄉松林街與康泰路口,24,落地型變壓器,1.09,mG,True
A00982,信義區松高路20巷新光三越A11旁-落地型變壓器檢測,2015-06-15,臺北市,信義區,松高路20巷,24,落地型變壓器,13.1,mG,True
A00979,大同區昌吉街2號前人行道-落地型變壓器檢測,2015-06-09,臺北市,大同區,昌吉街2號,24,落地型變壓器,40.4,mG,True
A00985,大同區承德路一段81號前人行道-落地型變壓器檢測,2015-06-17,臺北市,大同區,承德路一段81號,24,落地型變壓器,25.8,mG,True
A00983,臺北市建成國中電磁場量測,2015-06-17,臺北市,大同區,長安西路37之1號,91,學校極低頻設施,23.1,mG,True
P10163,雲林縣西螺文興國小,2015-06-10,雲林縣,西螺鎮,新社路257號,91,學校極低頻設施,14.142,mG,True
A00981,信義區松高路20巷旁人行道-落地型變壓器檢測,2015-06-15,臺北市,信義區,松高路20巷,24,落地型變壓器,25.5,mG,True
A00980,臺北市國語實小電磁場量測,2015-06-11,臺北市,中正區,龍光里南海路58號,91,學校極低頻設施,8.8,mG,True
P10162,雲林縣西螺廣興國小,2015-06-10,雲林縣,西螺鎮,廣興59號,91,學校極低頻設施,2.476,mG,True
J00779,新豐鄉文林街49號對面_落地型變電箱量測,2015-06-25,新竹縣,新豐鄉,文林街49號對面,24,落地型變壓器,7.066,mG,True
J00786,竹北市福興路1173號前_落地型變電箱量測,2015-06-26,新竹縣,竹北市,福興路1173號前,24,落地型變壓器,7.061,mG,True
J00785,竹北市華興街325號對面_落地型變電箱量測,2015-06-26,新竹縣,竹北市,華興街325號,24,落地型變壓器,11.06,mG,True
J00784,竹北市新光五街20號對面_落地型變電箱量測,2015-06-27,新竹縣,竹北市,新光五街20號對面,24,落地型變壓器,0.991,mG,True
U10202,富里鄉富里村永安街79號,2014-04-03,花蓮縣,富里鄉,富里鄉富里村永安街79號,11,手機基地臺,6E-07,mW/cm<sup>2</sup>,True
U10201,富里鄉石牌村中興路72號,2014-04-03,花蓮縣,富里鄉,富里鄉石牌村中興路72號,11,手機基地臺,4.2E-06,mW/cm<sup>2</sup>,True
U10200,花蓮市中華路534巷1、2號,2014-03-04,花蓮縣,花蓮市,中華路534巷1、2號,11,手機基地臺,4E-07,mW/cm<sup>2</sup>,True
U10199,和平路一段47號,2014-03-04,花蓮縣,吉安鄉,和平路一段47號,11,手機基地臺,2E-07,mW/cm<sup>2</sup>,True
U10222,花蓮市中山路一段71號,2014-06-18,花蓮縣,花蓮市,中山路一段71號,11,手機基地臺,4.1E-06,mW/cm<sup>2</sup>,True
D00826,臺南市北區東豐路305巷11號_開元變電所,2015-05-06,臺南市,北區,東豐路305巷11號,22,變電所,9.808,mG,True
U10287,台11線11公里福德橋旁,2015-03-04,花蓮縣,壽豐鄉,台11線11公里福德橋旁,11,手機基地臺,0.0007,mW/cm<sup>2</sup>,True
U10286,鹽寮村169號,2015-03-04,花蓮縣,壽豐鄉,鹽寮村169號,11,手機基地臺,0.0003,mW/cm<sup>2</sup>,True
U10285,鹽寮46號,2015-03-04,花蓮縣,壽豐鄉,鹽寮46號,11,手機基地臺,0.0001,mW/cm<sup>2</sup>,True
U10284,馬太鞍溪橋南下橋頭,2015-02-12,花蓮縣,光復鄉,馬太鞍溪橋南下橋頭,11,手機基地臺,0.0092,mW/cm<sup>2</sup>,True
U10283,光復火車站,2015-02-12,花蓮縣,光復鄉,光復火車站,11,手機基地臺,0.0004,mW/cm<sup>2</sup>,True
U10282,吉安鄉全民街23號,2015-02-10,花蓮縣,吉安鄉,全民街36之5號樓頂,11,手機基地臺,0.0009,mW/cm<sup>2</sup>,True
U10281,吉安鄉南海四街1號,2015-02-09,花蓮縣,吉安鄉,南海四街1號,11,手機基地臺,0.002,mW/cm<sup>2</sup>,True
U10280,壽豐鄉豐坪路二段69號,2015-02-09,花蓮縣,壽豐鄉,豐坪路二段69號,11,手機基地臺,0.0002,mW/cm<sup>2</sup>,True
U10279,豐田火車站旁,2015-02-09,花蓮縣,壽豐鄉,豐田火車站,11,手機基地臺,0.001,mW/cm<sup>2</sup>,True
U10278,壽豐鄉豐山村仁愛街32之1號,2015-02-09,花蓮縣,壽豐鄉,豐山村仁愛街32之1號,11,手機基地臺,0.0005,mW/cm<sup>2</sup>,True
U10277,壽豐鄉豐山村忠孝街73~75號,2015-02-09,花蓮縣,壽豐鄉,豐山村忠孝街73號,11,手機基地臺,0.002,mW/cm<sup>2</sup>,True
U10276,壽豐鄉中山路六段,2015-02-09,花蓮縣,花蓮市,壽豐鄉中山路六段16之26號,11,手機基地臺,0.0047,mW/cm<sup>2</sup>,True
U10275,壽豐鄉壽豐村壽興街,2015-02-09,花蓮縣,壽豐鄉,壽豐村壽興街21號,11,手機基地臺,0.0004,mW/cm<sup>2</sup>,True
U10274,壽豐鄉志學村志新街,2015-02-09,花蓮縣,壽豐鄉,志學村志新街33之2、33之17號,11,手機基地臺,0.0003,mW/cm<sup>2</sup>,True
U10273,壽豐鄉志學村中山路二段,2015-02-09,花蓮縣,壽豐鄉,壽豐鄉志學村中山路二段200號,11,手機基地臺,0.0009,mW/cm<sup>2</sup>,True
U10272,壽豐鄉志學村中山路段,2015-02-09,花蓮縣,壽豐鄉,壽豐鄉志學村中山路三段51號,11,手機基地臺,0.0033,mW/cm<sup>2</sup>,True
U10267,文蘭81之10-中華電信基地台,2015-02-02,花蓮縣,壽豐鄉,文蘭81之10號,11,手機基地臺,0.0003,mW/cm<sup>2</sup>,True
U10266,南三棧陸橋(三棧路),2015-02-02,花蓮縣,秀林鄉,三棧路陸橋,11,手機基地臺,0.0069,mW/cm<sup>2</sup>,True
U10291,69KV初英臨時桿#8 #9,2015-04-16,花蓮縣,吉安鄉,山下路,21,高壓電塔,4.5,mG,True
U10290,台11線6.5K路旁,2015-03-04,花蓮縣,壽豐鄉,台11線6.5公里處,11,手機基地臺,0.001,mW/cm<sup>2</sup>,True
U10289,嶺頂路(遠雄悅來飯店旁),2015-03-04,花蓮縣,壽豐鄉,嶺頂路,11,手機基地臺,0.0417,mW/cm<sup>2</sup>,True
U10288,福德99號旁,2015-03-04,花蓮縣,壽豐鄉,福德99號,11,手機基地臺,0.0011,mW/cm<sup>2</sup>,True
D00827,臺南市北區中華北路500號_安南變電所,2015-05-07,臺南市,北區,中華北路500號,22,變電所,27.83,mG,True
U10271,吉安鄉吉豐路五段102號,2015-02-09,花蓮縣,吉安鄉,吉豐路五段102號,11,手機基地臺,0.002,mW/cm<sup>2</sup>,True
U10262,國軍花蓮總醫院旁(進豐診區),2015-01-22,花蓮縣,花蓮市,進豐街,24,落地型變壓器,11,mG,True
U10261,中原路770號旁,2015-01-22,花蓮縣,花蓮市,中原路770,24,落地型變壓器,16.7,mG,True
U10270,銅門48-8號,2015-02-04,花蓮縣,秀林鄉,銅門48之8號,11,手機基地臺,0.0018,mW/cm<sup>2</sup>,True
U10269,秀林鄉銅門村銅門30之1號,2015-02-04,花蓮縣,秀林鄉,銅門30之1號,11,手機基地臺,0.0015,mW/cm<sup>2</sup>,True
U10268,秀林鄉銅門村榕樹55號,2015-02-04,花蓮縣,秀林鄉,榕樹55號,11,手機基地臺,0.0013,mW/cm<sup>2</sup>,True
U10265,秀林鄉和中39號,2015-02-02,花蓮縣,秀林鄉,和中39號,11,手機基地臺,0.001,mW/cm<sup>2</sup>,True
U10264,秀林鄉和中14號,2015-02-02,花蓮縣,秀林鄉,和中14號,11,手機基地臺,0.0019,mW/cm<sup>2</sup>,True
U10263,尚志路,2015-01-22,花蓮縣,花蓮市,尚志路33之17號,24,落地型變壓器,6.7,mG,True
U10260,建國路一段自強路口,2015-01-22,花蓮縣,花蓮市,建國路一段139號,24,落地型變壓器,7.3,mG,True
U10259,中央路一段,2015-01-22,花蓮縣,花蓮市,中央路一段稻香路,24,落地型變壓器,27.4,mG,True
U10258,稻香路稻香五街路口(稻香國小),2015-01-22,花蓮縣,花蓮市,稻香路稻香五街路口,24,落地型變壓器,8.8,mG,True
U10257,吉安鄉中山路二段,2015-01-22,花蓮縣,花蓮市,吉安鄉中山路二段2之1號,24,落地型變壓器,85.2,mG,True
U10256,海岸路民權四街路口,2015-05-04,花蓮縣,花蓮市,海岸路民權四街,24,落地型變壓器,14.9,mG,True
U10255,中山路一段(教育處旁),2015-01-22,花蓮縣,花蓮市,中山路一段教育處旁,24,落地型變壓器,28.8,mG,True
U10248,中美路與民權九街路口,2015-01-19,花蓮縣,花蓮市,天主堂對面,24,落地型變壓器,19,mG,True
U10247,介壽五街與府後路口,2015-01-19,花蓮縣,花蓮市,介壽五街6號,24,落地型變壓器,35.8,mG,True
U10246,化道路與中美11街路口,2015-01-19,花蓮縣,花蓮市,化道路49號對面,24,落地型變壓器,13,mG,True
U10254,達固湖灣大路,2015-01-22,花蓮縣,花蓮市,達固湖灣大路,24,落地型變壓器,17.1,mG,True
U10253,建國路二段(772號前),2015-01-22,花蓮縣,花蓮市,建國路二段772號,24,落地型變壓器,38.9,mG,True
U10252,吉安路二段(農改場旁),2015-01-22,花蓮縣,花蓮市,吉安路二段 農改場旁,24,落地型變壓器,25.3,mG,True
U10251,民有街與安樂街路口,2015-01-20,花蓮縣,花蓮市,民有街安樂街路口,24,落地型變壓器,7.1,mG,True
U10245,府前路與中興路口(府前路360號前),2015-01-19,花蓮縣,花蓮市,府前路360號前,24,落地型變壓器,3.1,mG,True
U10250,193縣道(七星街),2015-01-20,花蓮縣,花蓮市,七星街,24,落地型變壓器,1.1,mG,True
U10242,和平村和中12號,2015-01-08,花蓮縣,秀林鄉,和平村和中12號,11,手機基地臺,0.0005,mW/cm<sup>2</sup>,True
U10240,和平火車站旁鐵塔,2015-01-08,花蓮縣,花蓮市,和平火車站,11,手機基地臺,0.0182,mW/cm<sup>2</sup>,True
U10235,富里國中,2014-11-25,花蓮縣,富里鄉,富里國中,91,學校極低頻設施,10.3,mG,True
U10220,花蓮市大同街112樓,2014-07-28,花蓮縣,花蓮市,大同街112樓,99,極低頻環境值,3.7,mG,True
U10217,吉安鄉慈惠二街72巷8號,2014-05-27,花蓮縣,吉安鄉,慈惠二街72巷8號,11,手機基地臺,9E-07,mW/cm<sup>2</sup>,True
U10216,吉安鄉東海八街52號,2014-05-27,花蓮縣,花蓮市,東海八街52號,11,手機基地臺,1E-06,mW/cm<sup>2</sup>,True
U10215,吉安南埔八街104號,2014-05-27,花蓮縣,吉安鄉,南埔八街104號,11,手機基地臺,4E-07,mW/cm<sup>2</sup>,True
U10214,吉安鄉南昌北路34號6樓,2014-05-27,花蓮縣,花蓮市,南昌北路34號6樓,11,手機基地臺,3E-07,mW/cm<sup>2</sup>,True
U10213,吉安鄉東里15街117-2號,2014-05-27,花蓮縣,花蓮市,東里15街117-2號,11,手機基地臺,4E-07,mW/cm<sup>2</sup>,True
U10212,吉安東里1街156號,2014-05-27,花蓮縣,花蓮市,吉安東里1街156號,11,手機基地臺,4E-07,mW/cm<sup>2</sup>,True
U10211,吉安鄉吉安路3段143號,2014-05-27,花蓮縣,吉安鄉,吉安路3段143號,11,手機基地臺,2E-07,mW/cm<sup>2</sup>,True
U10210,萬榮鄉葉村7鄰溫泉路三段126-4號,2014-04-03,花蓮縣,萬榮鄉,葉村7鄰溫泉路三段126-4號,11,手機基地臺,6E-07,mW/cm<sup>2</sup>,True
U10233,長橋國小,2014-11-25,花蓮縣,鳳林鎮,長橋國小,91,學校極低頻設施,4.5,mG,True
U10232,西林國小,2014-11-25,花蓮縣,鳳林鎮,西林國小,91,學校極低頻設施,6.2,mG,True
U10231,北昌國小,2014-11-25,花蓮縣,吉安鄉,北昌國小,91,學校極低頻設施,19.2,mG,True
U10230,花崗國中,2014-11-24,花蓮縣,花蓮市,花崗國中,91,學校極低頻設施,1.9,mG,True
U10219,吉安仁里九街23號6F,2014-06-18,花蓮縣,吉安鄉,仁里九街23號6F,11,手機基地臺,9E-07,mW/cm<sup>2</sup>,True
U10227,花蓮市中華路125號,2014-07-28,花蓮縣,花蓮市,中華路125號,11,手機基地臺,1.36E-05,mW/cm<sup>2</sup>,True
U10226,花蓮市中正路446號,2014-07-29,花蓮縣,花蓮市,中正路446號,11,手機基地臺,2.65E-05,mW/cm<sup>2</sup>,True
U10225,花蓮市中正路252~266號,2014-07-29,花蓮縣,花蓮市,中正路252~266號,11,手機基地臺,5E-07,mW/cm<sup>2</sup>,True
U10223,花蓮市中山路一段109巷5號,2014-06-18,花蓮縣,花蓮市,中山路一段109巷5號,11,手機基地臺,8E-07,mW/cm<sup>2</sup>,True
U10206,新城鄉嘉里路112號,2014-03-19,花蓮縣,新城鄉,新城鄉嘉里路112號,11,手機基地臺,3E-07,mW/cm<sup>2</sup>,True
U10205,新城鄉嘉里路94號,2014-03-19,花蓮縣,新城鄉,新城鄉嘉里路94號,11,手機基地臺,4E-07,mW/cm<sup>2</sup>,True
U10204,富里鄉學田村復興路4號,2014-04-03,花蓮縣,富里鄉,富里鄉學田村復興路4號,11,手機基地臺,3E-07,mW/cm<sup>2</sup>,True
U10191,玉里樂合27號,2014-04-03,花蓮縣,玉里鎮,樂合27號,11,手機基地臺,5E-07,mW/cm<sup>2</sup>,True
U10234,高寮國小,2014-11-25,花蓮縣,玉里鎮,高寮國小,91,學校極低頻設施,4.2,mG,True
H00906,桃園區新和街10號旁-落地型變壓器量測,2015-02-11,桃園市,桃園區,新和街10號,24,落地型變壓器,23.2,mG,True
H00904,桃園區愛二街163號旁-落地型變壓器檢測,2015-02-11,桃園市,桃園區,愛二街163號,24,落地型變壓器,11.2,mG,True
H00903,桃園區北埔路173號旁-落地型變壓器量測,2015-02-11,桃園市,桃園區,北埔路173號,24,落地型變壓器,21.9,mG,True
H00900,桃園區信義街4號旁-落地型變壓器量測,2015-01-28,桃園市,桃園區,信義街4號,24,落地型變壓器,27.8,mG,True
H00909,長生電塔(南崁路二段465號旁),2015-02-16,桃園市,蘆竹區,南崁路二段465號,21,高壓電塔,33,mG,True
H00908,大量科技(股)公司(八德區友聯街48號),2015-03-26,桃園市,八德區,友聯街48號,42,配電設施,7.3,mG,True
H00905,桃園區愛二街170號旁-落地型變壓器檢測,2015-02-11,桃園市,桃園區,愛二街170號,24,落地型變壓器,2.4,mG,True
H00902,桃園區桃三街49號旁-落地型變壓器量測,2015-01-28,桃園市,桃園區,桃三街49號,24,落地型變壓器,16.4,mG,True
H00901,桃園區東央街34號旁-落地型變壓器量測,2015-01-28,桃園市,桃園區,中央街34號旁,24,落地型變壓器,26.5,mG,True
H00899,桃園區東國街12巷(東門國小前)-落地型變壓器量測,2015-01-28,桃園市,桃園區,東國街12巷,24,落地型變壓器,8.8,mG,True
E00911,LE104-03-001,2015-03-04,高雄市,鼓山區,高雄市鼓山區逢甲路32號附近,24,落地型變壓器,61.961,mG,True
E00905,LE104-02-001,2015-02-05,高雄市,苓雅區,高雄市苓雅區五權街78號附近,24,落地型變壓器,8.752,mG,True
U10241,和工二路,2015-01-08,花蓮縣,花蓮市,和工二路,24,落地型變壓器,0.9,mG,True
A00946,高壓電塔-松山民權線,2014-10-30,臺北市,內湖區,彩虹河濱公園,21,高壓電塔,3.94,mG,True
F01078,永和區福和路基地台,2014-12-30,新北市,永和區,福和路99號,11,手機基地臺,0.001559,mW/cm<sup>2</sup>,True
U10239,和仁一次配電所,2015-01-08,花蓮縣,秀林鄉,和平村1鄰和平30之5號,22,變電所,5.4,mG,True
F01081,電動機車電池交換站,2014-10-09,新北市,板橋區,漢生東路與縣民大道二段路口,99,極低頻環境值,2.715,mG,True
F01080,秀朗變電所,2014-12-30,新北市,永和區,永元里1鄰秀朗路二段40號,22,變電所,8.541,mG,True
F01079,興仁變電所,2014-12-29,新北市,淡水區,興仁路160號,22,變電所,5.138,mG,True
F01077,淡水區中山路基地台,2014-12-29,新北市,淡水區,中山路159號之9,11,手機基地臺,0.000702,mW/cm<sup>2</sup>,True
C00653,東峰街13號,2014-12-30,基隆市,信義區,東峰街13號,59,射頻環境值,0.0003,mW/cm<sup>2</sup>,True
C00652,基金一路208巷32號前,2014-11-17,基隆市,中山區,基金一路208巷32號前,24,落地型變壓器,3.32,mG,True
C00649,基金一路208巷200號旁,2014-11-17,基隆市,中山區,基金一路208巷200號旁,24,落地型變壓器,3.54,mG,True
C00647,深溪路160號,2014-11-13,基隆市,信義區,深溪路160號,24,落地型變壓器,3.25,mG,True
C00645,深溪路1號,2014-11-13,基隆市,信義區,深溪路1號,24,落地型變壓器,2.72,mG,True
C00651,基金一路208巷86號前,2014-12-30,基隆市,中山區,基金一路208巷86號前,24,落地型變壓器,3.21,mG,True
C00648,深溪路98號,2014-11-13,基隆市,信義區,深溪路98號,24,落地型變壓器,2.88,mG,True
C00646,深溪路96號,2014-11-13,基隆市,信義區,深溪路96號,24,落地型變壓器,3.51,mG,True
C00644,教忠街85 巷口,2014-12-26,基隆市,信義區,教忠街85巷口,24,落地型變壓器,2.65,mG,True
F01076,永和變電所,2014-12-24,新北市,永和區,豫溪街193號,22,變電所,10.91,mG,True
F01075,新莊區中正路基地台,2014-12-24,新北市,新莊區,中正路1號,11,手機基地臺,0.000411,mW/cm<sup>2</sup>,True
F01074,新莊區化成路基地台,2014-12-24,新北市,新莊區,化成路354號,11,手機基地臺,0.001799,mW/cm<sup>2</sup>,True
F01066,汐止區大同路1段基地台,2014-11-27,新北市,汐止區,大同路1段423號,11,手機基地臺,0.005345,mW/cm<sup>2</sup>,True
F01065,蘆洲區中華街基地台,2014-11-27,新北市,蘆洲區,中華街7號,11,手機基地臺,0.000214,mW/cm<sup>2</sup>,True
F01064,林口區菁埔基地台,2014-11-27,新北市,林口區,菁埔1-1號,11,手機基地臺,0.001148,mW/cm<sup>2</sup>,True
F01062,土城變電所,2014-11-19,新北市,土城區,永寧路2號,22,變電所,10.85,mG,True
F01068,中和變電所,2014-12-01,新北市,中和區,南工路1號,22,變電所,15.88,mG,True
F01067,中和區板南路基地台,2014-12-01,新北市,中和區,板南路100號,11,手機基地臺,0.000637,mW/cm<sup>2</sup>,True
H00895,桃園市德豐街35號旁-落地型變壓器量測,2014-11-25,桃園市,桃園區,德豐街35號,24,落地型變壓器,3.8,mG,True
H00894,桃園市德豐街21號旁-落地型變壓器量測,2014-11-25,桃園市,桃園區,德豐街21號,24,落地型變壓器,2.7,mG,True
H00893,桃園市桃鶯路92巷2號旁-落地型變壓器量測,2014-11-25,桃園市,桃園區,桃鶯路92巷2號,24,落地型變壓器,40.8,mG,True
F01073,江翠變電所,2014-11-17,新北市,板橋區,雙十路3段25號,22,變電所,13.31,mG,True
F01072,二重變電所,2014-12-02,新北市,三重區,中興北街14之1號,22,變電所,13.58,mG,True
F01071,三重區新北大道基地台,2014-12-02,新北市,三重區,新北大道2段137號,11,手機基地臺,0.000242,mW/cm<sup>2</sup>,True
F01069,新店區安豐路基地台,2014-11-28,新北市,新店區,安豐路54-1號,11,手機基地臺,0.000641,mW/cm<sup>2</sup>,True
F01070,三重區光華路基地台,2014-12-02,新北市,三重區,光華路20號,11,手機基地臺,0.00045,mW/cm<sup>2</sup>,True
F01063,頂埔變電所,2014-11-19,新北市,土城區,沛陂里8鄰中興路1號,22,變電所,6.891,mG,True
F01061,中和區中和路基地台,2014-12-01,新北市,中和區,中和路102號,11,手機基地臺,0.000988,mW/cm<sup>2</sup>,True
D00824,臺南市永康區王行村興工路1號,2014-10-15,臺南市,永康區,王行村興工路1號,22,變電所,5.482,mG,True
K00677,后庄國小,2014-10-30,苗栗縣,頭份鎮,文化里文化街20號,91,學校極低頻設施,17.65,mG,True
K00676,頭份國小,2014-10-30,苗栗縣,頭份鎮,中正路219號,91,學校極低頻設施,48.72,mG,True
I00634,陶淵明大樓基地台,2014-10-15,嘉義市,東區,大雅路2段300號,11,手機基地臺,3E-07,mW/cm<sup>2</sup>,True
I00616,公明路復國幼稚園旁,2014-11-19,嘉義市,東區,公明路復國幼稚園旁,24,落地型變壓器,4.275,mG,True
D00807,臺南市歸仁區中山路一段85號,2014-10-16,臺南市,歸仁區,看東村中山路一段85號,22,變電所,16.4,mG,True
N00882,大同國小,2014-11-11,彰化縣,伸港鄉,大同村彰新路七段724號,91,學校極低頻設施,16.579,mG,True
U10238,花市花崗街55號,2014-09-25,花蓮縣,花蓮市,花市花崗街55號,11,手機基地臺,0.0001342,mW/cm<sup>2</sup>,True
U10237,花市明心街1-16號,2014-09-25,花蓮縣,花蓮市,花市明心街1-16號,11,手機基地臺,2.02E-05,mW/cm<sup>2</sup>,True
U10236,花蓮市和平路550號,2014-10-28,花蓮縣,花蓮市,花蓮市和平路550號,11,手機基地臺,2.5E-06,mW/cm<sup>2</sup>,True
N00878,東芳國小,2014-11-10,彰化縣,彰化市,彰馬路45號,91,學校極低頻設施,13.361,mG,True
D00810,臺南市新營區嘉芳里新工路39號,2014-11-11,臺南市,新營區,嘉芳里新工路39號,22,變電所,31.38,mG,True
D00809,臺南市新營區土庫里卯舍路1之2號,2014-11-11,臺南市,新營區,土庫里卯舍路1之2號,22,變電所,11.63,mG,True
D00808,臺南市龍崎區楠坑村41號,2014-11-10,臺南市,龍崎區,楠坑村41號,22,變電所,2.281,mG,True
N00880,彰安國中,2014-11-11,彰化縣,彰化市,中正路二段530號,91,學校極低頻設施,23.048,mG,True
N00876,田尾鄉海豐村中正錄3段234號,2014-09-12,彰化縣,田尾鄉,海豐村中正錄3段234號,11,手機基地臺,1E-07,mW/cm<sup>2</sup>,True
Q10159,水上鄉中山路二段465號前-落地型變壓器,2014-11-25,嘉義縣,水上鄉,中山路二段465號前,24,落地型變壓器,5.22,mG,True
N00881,和東國小,2014-01-11,彰化縣,和美鎮,彰美路五段210號,91,學校極低頻設施,43.792,mG,True
N00879,海埔國小,2014-11-10,彰化縣,鹿港鎮,鹿草路二段889號,91,學校極低頻設施,5.368,mG,True
N00877,明禮國小,2014-11-10,彰化縣,田中鎮,民光路一段394號,91,學校極低頻設施,4.723,mG,True
F01059,土城區中興路基地台,2014-11-19,新北市,土城區,中興路7-1號,11,手機基地臺,0.000347,mW/cm<sup>2</sup>,True
Q10158,水上鄉中山路二段426號前-落地型變壓器,2014-11-25,嘉義縣,水上鄉,粗溪村中山路二段426號前,24,落地型變壓器,5.546,mG,True
Q10157,水上鄉中山路二段381號對面-落地型變壓器,2014-11-25,嘉義縣,水上鄉,中山路二段381號對面,24,落地型變壓器,5.089,mG,True
Q10156,朴子市祥和二路西段38號前,2014-11-24,嘉義縣,朴子市,祥和二路西段38號前,24,落地型變壓器,0.853,mG,True
Q10155,朴子市祥和二路西段40號前-落地型變壓器,2014-11-24,嘉義縣,朴子市,祥和二路西段40號前,24,落地型變壓器,0.565,mG,True
Q10154,朴子市朴子七路146號前-落地型變壓器,2014-11-24,嘉義縣,朴子市,朴子七路146號前,24,落地型變壓器,2.459,mG,True
F01058,三峽區文化路基地台,2014-11-18,新北市,三峽區,文化路95號,11,手機基地臺,0.000741,mW/cm<sup>2</sup>,True
F01057,樹林區佳園路基地台,2014-11-18,新北市,樹林區,佳園路2段72號,11,手機基地臺,0.000892,mW/cm<sup>2</sup>,True
F01055,板橋區國光路基地台,2014-11-17,新北市,板橋區,國光路235號,11,手機基地臺,0.000197,mW/cm<sup>2</sup>,True
U10203,富里鄉萬寧村鎮寧160號,2014-04-03,花蓮縣,富里鄉,萬寧村鎮寧160號,22,變電所,8.9,mG,True
U10190,玉里忠智路128號,2014-04-03,花蓮縣,玉里鎮,忠智路128號,24,落地型變壓器,2,mG,True
U10188,玉里中華路299號,2014-04-03,花蓮縣,玉里鎮,中華路297號,22,變電所,6.5,mG,True
G00677,礁溪鄉礁溪路四段基地台量測,2014-11-24,宜蘭縣,礁溪鄉,礁溪路四段108號,11,手機基地臺,0.00361,mW/cm<sup>2</sup>,True
C00642,安樂路二段121號(自強隧道旁),2014-10-20,基隆市,安樂區,安樂路二段121號(自強隧道旁),24,落地型變壓器,25.4,mG,True
G00672,宜蘭縣澳花國小電磁場量測,2014-11-20,宜蘭縣,南澳鄉,澳花村中央路19號,91,學校極低頻設施,20.08,mG,True
G00691,礁溪鄉塭底路112號基地台量測,2014-11-24,宜蘭縣,礁溪鄉,塭底路112號,11,手機基地臺,0.00215,mW/cm<sup>2</sup>,True
G00690,礁溪鄉塭底路111號基地台量測,2014-11-24,宜蘭縣,礁溪鄉,塭底路111號,11,手機基地臺,0.00132,mW/cm<sup>2</sup>,True
F01052,義學國小,2014-11-20,新北市,泰山區,民生路30號,91,學校極低頻設施,25.08,mG,True
G00674,南澳鄉蘇花路二段基地台量測,2014-11-20,宜蘭縣,南澳鄉,蘇花路二段141K+700(北上),11,手機基地臺,0.00208,mW/cm<sup>2</sup>,True
G00673,澳花村中央路基地台量測,2014-11-20,宜蘭縣,南澳鄉,澳花村中央路25號,11,手機基地臺,0.00281,mW/cm<sup>2</sup>,True
G00671,蘇澳鎮蘇澳國中電磁場量測,2014-11-18,宜蘭縣,蘇澳鎮,中山路二段1號,91,學校極低頻設施,7.716,mG,True
G00669,宜蘭縣羅東鎮北成國小電磁場量測,2014-11-18,宜蘭縣,羅東鎮,北成路一段125號,91,學校極低頻設施,16.21,mG,True
G00668,冬山鄉柯林國小電磁場量測,2014-11-18,宜蘭縣,冬山鄉,光華路158號,91,學校極低頻設施,3.338,mG,True
C00640,基隆市成功國中,2014-05-15,基隆市,信義區,壽山路九號,91,學校極低頻設施,1.06,mG,True
P10154,雲林縣斗南將軍里188號旁(手機基地台),2014-11-11,雲林縣,斗南鎮,將軍里188號旁,11,手機基地臺,3.3E-07,mW/cm<sup>2</sup>,True
P10152,雲林縣斗六市雲科路三段80號旁(手機基地台),2014-11-11,雲林縣,斗六市,雲科路三段80號,11,手機基地臺,1E-07,mW/cm<sup>2</sup>,True
C00621,東信路322號對面,2014-09-29,基隆市,信義區,東信路322號對面,24,落地型變壓器,2.48,mG,True
P10138,雲林縣古坑鄉嘉安一街與嘉新二路路口(手機基地台),2014-10-27,雲林縣,古坑鄉,嘉安一街與嘉新二路路口,11,手機基地臺,1.2E-07,mW/cm<sup>2</sup>,True
H00887,桃園縣觀音鄉工業四路9號-基地台量測,2014-10-21,桃園縣,觀音鄉,工業四路9號-3,11,手機基地臺,3E-07,mW/cm<sup>2</sup>,True
Q10133,阿里山鄉山美國小,2014-07-07,嘉義縣,阿里山鄉,山美村61號,91,學校極低頻設施,2.198,mG,True
H00865,桃園縣中壢市定寧路31號-內定國小,2014-06-27,桃園縣,中壢市,定寧路31號,91,學校極低頻設施,35.2,mG,True
P10150,雲林縣古坑鄉南昌7之1號附近(手機基地台),2014-11-11,雲林縣,古坑鄉,南昌7之1號,11,手機基地臺,2.8E-07,mW/cm<sup>2</sup>,True
P10139,雲林縣西螺鎮安定里74之42號旁(手機基地台),2014-10-27,雲林縣,西螺鎮,安定里74之42號,11,手機基地臺,8E-08,mW/cm<sup>2</sup>,True
U10221,花蓮市中山路408號(花蓮郵局),2014-09-23,花蓮縣,花蓮市,中山路408號,11,手機基地臺,7.63E-05,mW/cm<sup>2</sup>,True
U10229,花崗國中,2014-07-28,花蓮縣,花蓮市,公園路40號,24,落地型變壓器,24.7,mG,True
U10228,花蓮市中華路368號4樓,2014-07-28,花蓮縣,花蓮市,中華路368號4樓,11,手機基地臺,6E-07,mW/cm<sup>2</sup>,True
U10224,花蓮市中央路三段711號,2014-06-18,花蓮縣,花蓮市,中央路三段711號,24,落地型變壓器,16.4,mG,True
U10218,吉安鄉慶豐15街113號,2014-05-27,花蓮縣,吉安鄉,慶豐15街113號,21,高壓電塔,4.2,mG,True
U10208,瑞穗溫泉路一段268號,2014-04-03,花蓮縣,瑞穗鄉,瑞祥村溫泉路一段268號,22,變電所,4,mG,True
U10207,嘉新村嘉南一街1號,2014-04-03,花蓮縣,新城鄉,嘉新村嘉南一街1號,22,變電所,9.5,mG,True
F01056,板橋區僑中一街基地台,2014-11-17,新北市,板橋區,僑中一街124巷3弄3號,11,手機基地臺,0.000408,mW/cm<sup>2</sup>,True
F01054,汐止國小,2014-11-24,新北市,汐止區,大同路2段313號,91,學校極低頻設施,6.763,mG,True
G00683,頭城鎮大里路基地台量測,2014-11-24,宜蘭縣,頭城鎮,大里路115-4號,11,手機基地臺,0.00314,mW/cm<sup>2</sup>,True
G00689,礁溪鄉塭底路109號基地台量測,2014-11-24,宜蘭縣,礁溪鄉,塭底路109號,11,手機基地臺,0.00144,mW/cm<sup>2</sup>,True
G00688,礁溪鄉塭底路108號基地台量測,2014-11-24,宜蘭縣,礁溪鄉,塭底路108號,11,手機基地臺,0.00223,mW/cm<sup>2</sup>,True
G00687,礁溪鄉塭底路106號基地台量測,2014-11-24,宜蘭縣,礁溪鄉,塭底路106號,11,手機基地臺,0.00344,mW/cm<sup>2</sup>,True
G00686,礁溪鄉塭底路105號基地台量測,2014-11-24,宜蘭縣,礁溪鄉,塭底路105號,11,手機基地臺,0.00301,mW/cm<sup>2</sup>,True
F01053,汐止國中,2014-11-24,新北市,汐止區,大同路2段394號,91,學校極低頻設施,12.56,mG,True
G00685,壯圍鄉大福路一段基地台量測,2014-11-24,宜蘭縣,壯圍鄉,大福路一段162號,11,手機基地臺,0.00301,mW/cm<sup>2</sup>,True
G00682,頭城鎮大里漁港基地台量測,2014-11-24,宜蘭縣,頭城鎮,濱海路六段(大里漁港),11,手機基地臺,0.00324,mW/cm<sup>2</sup>,True
G00681,頭城鎮梗枋地磅站基地台量測,2014-11-24,宜蘭縣,頭城鎮,濱海路三段128K處,11,手機基地臺,0.00312,mW/cm<sup>2</sup>,True
G00680,頭城鎮梗枋漁港基地台量測,2014-11-24,宜蘭縣,頭城鎮,濱海路三段290號處,11,手機基地臺,0.00235,mW/cm<sup>2</sup>,True
G00679,頭城鎮台九線65.5K石牌公園基地台量測,2014-11-24,宜蘭縣,頭城鎮,北宜公路65.5K處,11,手機基地臺,0.00331,mW/cm<sup>2</sup>,True
G00678,頭城鎮台九線65.5K基地台量測,2014-11-24,宜蘭縣,頭城鎮,北宜公路65.5K處,11,手機基地臺,0.00342,mW/cm<sup>2</sup>,True
G00676,礁溪鄉礁溪路四段基地台量測,2014-11-24,宜蘭縣,礁溪鄉,礁溪路四段78號,11,手機基地臺,0.0032,mW/cm<sup>2</sup>,True
G00670,冬山鄉順安國小電磁場量測,2014-11-18,宜蘭縣,冬山鄉,永興路二段17號,91,學校極低頻設施,21.4,mG,True
F01051,八里國中,2014-11-20,新北市,八里區,荖阡坑路15號,91,學校極低頻設施,24.91,mG,True
G00675,南澳鄉東澳村蘇花公路基地台量測,2014-11-20,宜蘭縣,南澳鄉,東澳村蘇花公路115K100(北上),11,手機基地臺,0.00039,mW/cm<sup>2</sup>,True
C00641,北寧路69號旁,2014-09-24,基隆市,中正區,北寧路69號旁,24,落地型變壓器,2.51,mG,True
P10158,西螺南下休息站旁(手機基地台),2014-11-14,雲林縣,西螺鎮,西螺休息站旁,11,手機基地臺,5.4E-07,mW/cm<sup>2</sup>,True
P10157,古坑鄉光興路22號附近(手機基地台),2014-11-11,雲林縣,古坑鄉,光興路22號,11,手機基地臺,1.8E-07,mW/cm<sup>2</sup>,True
X10068,澎湖縣湖西鄉菓葉國民小學,2014-10-23,澎湖縣,湖西鄉,菓葉村171號,91,學校極低頻設施,1.122,mG,True
O00811,射頻量測,2014-09-22,新竹市,北區,中華路3段9號,11,手機基地臺,0.008376,mW/cm<sup>2</sup>,True
H00891,桃園市泰昌二街55號旁落地型變壓器量測,2014-10-29,桃園縣,桃園市,泰昌二街55號,24,落地型變壓器,19.7,mG,True
P10155,古坑鄉朝陽路1-28號前(手機基地台),2014-11-11,雲林縣,古坑鄉,朝陽路1-28號,11,手機基地臺,6E-08,mW/cm<sup>2</sup>,True
P10151,雲林縣斗六市下柴路99號前(手機基地台),2014-11-11,雲林縣,斗六市,斗六市下柴路99號前,11,手機基地臺,1.1E-07,mW/cm<sup>2</sup>,True
H00890,桃園縣觀音鄉新村路二段34號民宅-基地台量測,2014-10-21,桃園縣,觀音鄉,新村路二段34號,11,手機基地臺,5E-07,mW/cm<sup>2</sup>,True
X10065,澎湖縣湖西鄉湖西國民小學,2014-10-21,澎湖縣,湖西鄉,湖西村151號,91,學校極低頻設施,11.79,mG,True
O00803,射頻量測,2014-09-03,新竹市,香山區,中華路6段172號,11,手機基地臺,0.2489,mW/cm<sup>2</sup>,True
O00809,射頻量測,2014-09-19,新竹市,東區,明湖路198巷2號,11,手機基地臺,0.002486,mW/cm<sup>2</sup>,True
X10067,澎湖縣湖西鄉龍門國民小學,2014-10-23,澎湖縣,湖西鄉,尖山村4號,91,學校極低頻設施,13.37,mG,True
H00892,桃園市大同西路44巷2號旁落地型變壓器量測,2014-10-29,桃園縣,桃園市,大同西路44巷2號,24,落地型變壓器,101.9,mG,True
H00889,桃園縣觀音鄉經建一路16號-基地台量測,2014-10-21,桃園縣,觀音鄉,經建一路16號,11,手機基地臺,5E-07,mW/cm<sup>2</sup>,True
C00637,源遠路279之1-10號羅傑亞瑟王D棟,2014-10-27,基隆市,暖暖區,源遠路279之1-10號,11,手機基地臺,0.0004,mW/cm<sup>2</sup>,True
C00632,源遠路165號,2014-10-27,基隆市,暖暖區,源遠路165號國產江山D棟,11,手機基地臺,0.0003,mW/cm<sup>2</sup>,True
C00631,源遠路165號國產江山A棟,2014-11-27,基隆市,中正區,源遠路165號,11,手機基地臺,0.0003,mW/cm<sup>2</sup>,True
P10148,雲林縣北港好收里108之16號(手機基地台),2014-10-31,雲林縣,北港鎮,雲林縣北港好收里108之12號,11,手機基地臺,1.2E-07,mW/cm<sup>2</sup>,True
P10147,雲林縣北港好收里宏仁路路段(手機基地台),2014-10-31,雲林縣,北港鎮,雲林縣北港好收里宏仁路路段,11,手機基地臺,1.6E-07,mW/cm<sup>2</sup>,True
C00628,海洋大學祥豐校門旁(北寧路21號對面),2014-10-20,基隆市,中正區,海洋大學祥豐校門旁(北寧路21號對面),24,落地型變壓器,4.12,mG,True
C00627,海洋大學濱海校門對面(北寧路2號對面),2014-10-20,基隆市,中正區,海洋大學濱海校門對面(北寧路2號對面),24,落地型變壓器,1.93,mG,True
C00626,義一路7號柯達大飯店,2014-10-22,基隆市,中正區,義一路7號,11,手機基地臺,0.0007,mW/cm<sup>2</sup>,True
O00797,射頻量測,2014-11-10,新竹市,東區,湳雅街18號,11,手機基地臺,0.002478,mW/cm<sup>2</sup>,True
O00801,射頻量測,2014-11-13,新竹市,香山區,大庄路136號,11,手機基地臺,0.006012,mW/cm<sup>2</sup>,True
C00639,信一路147號好樂迪KTV頂樓,2014-11-07,基隆市,中正區,信一路147號好樂迪KTV頂樓,11,手機基地臺,0.0004,mW/cm<sup>2</sup>,True
O00800,射頻量測,2014-11-12,新竹市,東區,中華路4段318號,11,手機基地臺,0.004563,mW/cm<sup>2</sup>,True
O00799,射頻量測,2014-11-12,新竹市,東區,東華街14號,11,手機基地臺,0.002645,mW/cm<sup>2</sup>,True
O00798,射頻量測,2014-11-12,新竹市,東區,光華北街82號,11,手機基地臺,0.000912,mW/cm<sup>2</sup>,True
C00636,源遠路279之1-10號羅傑亞瑟王C棟,2014-11-12,基隆市,暖暖區,源遠路279之1-10號,11,手機基地臺,0.0004,mW/cm<sup>2</sup>,True
C00635,源遠路279之1-10號羅傑亞瑟王B棟,2014-10-27,基隆市,暖暖區,源遠路279之1-10號,11,手機基地臺,0.0004,mW/cm<sup>2</sup>,True
C00634,源遠路279之1-10號羅傑亞瑟王A棟,2014-11-12,基隆市,暖暖區,源遠路279之1-10號,11,手機基地臺,0.0004,mW/cm<sup>2</sup>,True
C00633,祥豐街88號,2014-10-27,基隆市,中正區,祥豐街88號,11,手機基地臺,0.0005,mW/cm<sup>2</sup>,True
O00796,射頻量測,2014-11-10,新竹市,東區,新竹市湳雅街91號,11,手機基地臺,0.001342,mW/cm<sup>2</sup>,True
O00795,射頻量測,2014-10-24,新竹市,東區,新竹市田美三街9號,11,手機基地臺,0.001516,mW/cm<sup>2</sup>,True
O00794,射頻量測,2014-10-21,新竹市,東區,經國路一段393號,11,手機基地臺,0.001768,mW/cm<sup>2</sup>,True
P10149,雲林縣四湖鄉中正路101巷6號(手機基地台),2014-10-31,雲林縣,四湖鄉,雲林縣四湖鄉中正路101巷6號,11,手機基地臺,1.1E-07,mW/cm<sup>2</sup>,True
P10145,斗南鎮西伯里77號旁(手機基地台),2014-10-27,雲林縣,斗南鎮,西伯77號,11,手機基地臺,5.8E-07,mW/cm<sup>2</sup>,True
O00779,極低頻量測,2014-10-21,新竹市,東區,新竹市東大路2段389號,24,落地型變壓器,3.27,mG,True
P10143,雲林縣二崙鄉湳子路92巷1號(手機基地台),2014-10-27,雲林縣,二崙鄉,湳子路92巷1號,11,手機基地臺,3E-08,mW/cm<sup>2</sup>,True
C00624,基隆市百福國中,2014-11-04,基隆市,七堵區,福五街1號,91,學校極低頻設施,6.48,mG,True
P10142,雲林縣二崙鄉華西路15號旁(手機基地台),2014-10-27,雲林縣,二崙鄉,華西路15號旁,11,手機基地臺,1.5E-07,mW/cm<sup>2</sup>,True
J00777,新豐鄉忠信街-基地台量測,2014-10-28,新竹縣,新豐鄉,忠信街,11,手機基地臺,2.536881E-06,mW/cm<sup>2</sup>,True
J00776,新豐鄉瑞興村竹2線-高塔型基地台量測,2014-10-28,新竹縣,新豐鄉,竹2線,11,手機基地臺,2.554649E-06,mW/cm<sup>2</sup>,True
J00775,湖口鄉乾興路-基地台量測,2014-10-22,新竹縣,湖口鄉,乾興路,11,手機基地臺,2.656179E-06,mW/cm<sup>2</sup>,True
J00774,湖口鄉光復南路58號-基地台量測,2014-10-22,新竹縣,湖口鄉,光復南路58號,11,手機基地臺,2.564314E-06,mW/cm<sup>2</sup>,True
J00773,湖口鄉中平路一段600巷6弄2號-基地台量測,2014-10-22,新竹縣,湖口鄉,中平路一段600巷6弄2號,11,手機基地臺,2.543961E-06,mW/cm<sup>2</sup>,True
J00772,湖口鄉工業五路1號-基地台量測,2014-10-22,新竹縣,湖口鄉,工業五路1號,11,手機基地臺,2.559813E-06,mW/cm<sup>2</sup>,True
J00771,芎林鄉富林路一段133號-基地台量測,2014-10-22,新竹縣,芎林鄉,富林路一段133號,11,手機基地臺,2.54917E-06,mW/cm<sup>2</sup>,True
J00770,竹東鎮沿河街249號-基地台量測,2014-10-22,新竹縣,竹東鎮,沿河街249號,11,手機基地臺,2.562606E-06,mW/cm<sup>2</sup>,True
Q10152,竹崎鄉鹿滿國小,2014-10-15,嘉義縣,竹崎鄉,鹿滿村鹿鳴路2號,91,學校極低頻設施,5.357,mG,True
J00763,湖口鄉中湖路2號-基地台量測,2014-10-30,新竹縣,湖口鄉,中湖路2號,11,手機基地臺,2.569873E-06,mW/cm<sup>2</sup>,True
J00762,湖口鄉中正路三段336號-基地台量測,2014-10-30,新竹縣,湖口鄉,中正路三段336號,11,手機基地臺,2.665761E-06,mW/cm<sup>2</sup>,True
P10141,雲林縣斗六市長安里長安西路13號旁(手機基地台),2014-10-27,雲林縣,斗六市,長安里長安西路13號,11,手機基地臺,2.5E-07,mW/cm<sup>2</sup>,True
J00761,湖口鄉八德路二段405號-基地台量測,2014-10-30,新竹縣,湖口鄉,八德路二段405號,11,手機基地臺,2.579893E-06,mW/cm<sup>2</sup>,True
J00759,湖口鄉八德路二段166號-基地台量測,2014-10-30,新竹縣,湖口鄉,八德路二段166號,11,手機基地臺,2.565913E-06,mW/cm<sup>2</sup>,True
J00755,新竹縣湖口鄉興華街29號前-落地型變電箱量測,2014-11-04,新竹縣,湖口鄉,興華街29號,24,落地型變壓器,62.87,mG,True
P10156,古坑鄉文昌路206號旁(手機基地台),2014-11-11,雲林縣,古坑鄉,文昌路206號,11,手機基地臺,5.2E-07,mW/cm<sup>2</sup>,True
Q10150,東石鄉三家村三塊厝17之25號對面,2014-10-24,嘉義縣,東石鄉,三家村三塊厝17之25號對面,11,手機基地臺,0.00028,mW/cm<sup>2</sup>,True
C00620,東信路314號對面,2014-09-29,基隆市,信義區,東信路314號對面,24,落地型變壓器,2.09,mG,True
C00619,東信路310號對面,2014-09-29,基隆市,信義區,東信路310號對面,24,落地型變壓器,2.06,mG,True
H00886,平鎮市忠貞路26號-基地台量測,2014-10-02,桃園縣,平鎮市,忠貞路26號,11,手機基地臺,2.1E-06,mW/cm<sup>2</sup>,True
H00885,桃園市中正路224號8樓頂-基地台量測,2014-09-10,桃園縣,桃園市,中正路224號,11,手機基地臺,3E-07,mW/cm<sup>2</sup>,True
J00769,新埔鎮義民路二段39號-基地台量測,2014-10-21,新竹縣,新埔鎮,義民路二段39號,11,手機基地臺,2.614151E-06,mW/cm<sup>2</sup>,True
Q10153,義竹鄉義竹國小,2014-10-24,嘉義縣,義竹鄉,六桂村208號,91,學校極低頻設施,15.35,mG,True
J00768,竹北市高速公路旁-高塔型基地台量測,2014-10-21,新竹縣,竹北市,高速公路旁,11,手機基地臺,2.573725E-06,mW/cm<sup>2</sup>,True
J00767,竹東鎮光明路802號-基地台量測,2014-10-30,新竹縣,竹東鎮,光明路802號,11,手機基地臺,2.558906E-06,mW/cm<sup>2</sup>,True
J00766,關西鎮中豐路三段263號-基地台量測,2014-10-30,新竹縣,關西鎮,中豐路三段263號,11,手機基地臺,2.571797E-06,mW/cm<sup>2</sup>,True
J00765,關西鎮南新里8鄰苧子園23之5號-基地台量測,2014-10-30,新竹縣,關西鎮,南新里8鄰苧子園23之5號,11,手機基地臺,2.540715E-06,mW/cm<sup>2</sup>,True
J00764,湖口鄉八德路一段3巷9號對面-高塔型基地台量測,2014-10-30,新竹縣,湖口鄉,八德路一段3巷9號,11,手機基地臺,2.613593E-06,mW/cm<sup>2</sup>,True
J00760,湖口鄉八德路二段635號-基地台量測,2014-10-30,新竹縣,湖口鄉,八德路二段635號,11,手機基地臺,2.560443E-06,mW/cm<sup>2</sup>,True
Q10151,大林鎮排路國小,2014-11-03,嘉義縣,大林鎮,排路里231號,91,學校極低頻設施,2.417,mG,True
H00888,桃園觀音鄉縣經建一路27號-基地台量測,2014-10-21,桃園縣,觀音鄉,經建一路27號,11,手機基地臺,3E-07,mW/cm<sup>2</sup>,True
J00748,竹北市東興路一段675號-基地台量測,2014-10-21,新竹縣,竹北市,東興路一段675號,11,手機基地臺,2.53909E-06,mW/cm<sup>2</sup>,True
P10136,雲林縣古坑鄉文化路115號 (手機基地台),2014-10-27,雲林縣,古坑鄉,文化路115號,11,手機基地臺,3.7E-07,mW/cm<sup>2</sup>,True
P10132,古坑綠色隧道落地型變壓器(K4033 DE64),2014-10-13,雲林縣,古坑鄉,古坑綠色隧道路段,24,落地型變壓器,2.673,mG,True
C00618,東信路292號對面,2014-09-29,基隆市,信義區,東信路292號對面,24,落地型變壓器,2.15,mG,True
H00883,桃園市民生路421號7樓頂-基地台量測,2014-09-10,桃園縣,桃園市,民生路421號7樓,11,手機基地臺,8.7E-06,mW/cm<sup>2</sup>,True
P10129,古坑鄉東和村廣濟路路段落地型變壓器(K4438 AC02),2014-10-13,雲林縣,古坑鄉,古坑鄉東和村廣濟路路段,24,落地型變壓器,2.65,mG,True
Q10147,阿里山鄉豐山國小,2014-10-03,嘉義縣,阿里山鄉,豐山村石鼓盤47號,91,學校極低頻設施,8.753,mG,True
P10135,虎尾農工落地型變壓器(K2747 BD12),2014-10-21,雲林縣,虎尾鎮,虎尾農工校門左側,24,落地型變壓器,12.49,mG,True
P10134,虎科大運動區落地型變壓器(K2644A DD5185),2014-10-13,雲林縣,虎尾鎮,民主路路段,24,落地型變壓器,3.174,mG,True
P10133,斗六西平路段變壓器(K3947A BD0137),2014-10-13,雲林縣,斗六市,斗六西平路路段,24,落地型變壓器,56.81,mG,True
Q10146,義竹鄉義竹國中,2014-09-30,嘉義縣,義竹鄉,岸腳村岸腳59-2號,91,學校極低頻設施,5.019,mG,True
Q10149,番路鄉民和國小,2014-10-15,嘉義縣,番路鄉,下坑村菜公店91號,91,學校極低頻設施,0.671,mG,True
Q10148,大林鎮平林國小,2014-10-28,嘉義縣,大林鎮,民權路80號,91,學校極低頻設施,13.68,mG,True
A00941,臺北市金華國中電磁場量測,2014-10-22,臺北市,大安區,新生南路二段32號,91,學校極低頻設施,9.3,mG,True
D00802,臺南市官田區勝利路146號,2014-07-22,臺南市,官田區,隆本村勝利路146號,22,變電所,14.94,mG,True
D00801,臺南市官田區工業路30號,2014-07-22,臺南市,官田區,二鎮村工業路30號,22,變電所,6.232,mG,True
D00800,臺南市永康區大橋一街247巷142號,2014-07-17,臺南市,永康區,大橋一街247巷142號,22,變電所,11.34,mG,True
E00891,HE103-09-008,2014-09-26,高雄市,新興區,高雄市七賢一路123號附近,11,手機基地臺,0.0115,mW/cm<sup>2</sup>,True
Q10123,新港鄉古民國小,2014-06-16,嘉義縣,新港鄉,古民村161號,91,學校極低頻設施,39.15,mG,True
G00665,礁溪鄉龍潭湖基地台量測,2014-10-30,宜蘭縣,礁溪鄉,龍潭湖停車場,11,手機基地臺,0.004,mW/cm<sup>2</sup>,True
E00894,HE103-10-001,2014-10-08,高雄市,新興區,高雄市信守街52號附近,11,手機基地臺,0.0022,mW/cm<sup>2</sup>,True
H00879,蘆竹市南崁路二段350號-基地台量測,2014-09-02,桃園縣,蘆竹鄉,南崁路二段350號,11,手機基地臺,1.5E-06,mW/cm<sup>2</sup>,True
H00878,蘆竹市南崁路二段465號-基地台量測,2014-09-02,桃園縣,桃園市,蘆竹市南崁路二段465號,11,手機基地臺,7E-07,mW/cm<sup>2</sup>,True
E00895,HE103-10-002,2014-10-08,高雄市,左營區,高雄市文府路548號附近,11,手機基地臺,0.0041,mW/cm<sup>2</sup>,True
H00881,中壢市萬能路1號:萬能科技大學(中山堂)左邊-基地台量測,2014-09-02,桃園縣,中壢市,萬能路1號,11,手機基地臺,4E-07,mW/cm<sup>2</sup>,True
H00880,中壢市萬能路1號:萬能科技大學(育英樓)-基地台量測,2014-09-02,桃園縣,中壢市,中壢市萬能路1號,11,手機基地臺,2E-07,mW/cm<sup>2</sup>,True
A00939,臺北市石牌國小電磁場量測,2014-10-16,臺北市,北投區,致遠二路80號,91,學校極低頻設施,37,mG,True
A00938,臺北市中正國中電磁場量測,2014-10-13,臺北市,中正區,愛國東路158號,91,學校極低頻設施,27.4,mG,True
H00884,桃園縣八德市永豐路381-1號-基地台量測,2014-10-08,桃園縣,八德市,永豐路381-1號,11,手機基地臺,4E-07,mW/cm<sup>2</sup>,True
H00882,中壢市萬能路1號:萬能科技大學(中山堂)右邊-基地台量測,2014-09-02,桃園縣,中壢市,萬能路1號,11,手機基地臺,4E-07,mW/cm<sup>2</sup>,True
A00936,臺北市介壽國中電磁場量測,2014-10-06,臺北市,松山區,延壽街401號,91,學校極低頻設施,38.3,mG,True
E00893,HE103-09-010,2014-09-30,高雄市,鳳山區,高雄市光遠路295號附近,11,手機基地臺,0.0031,mW/cm<sup>2</sup>,True
E00892,HE103-09-009,2014-09-30,高雄市,鳳山區,高雄市鳳山區自由路243號附近,11,手機基地臺,0.0045,mW/cm<sup>2</sup>,True
E00890,HE103-09-007,2014-09-26,高雄市,苓雅區,高雄市中正二路83號附近,11,手機基地臺,0.0035,mW/cm<sup>2</sup>,True
D00799,臺南市新市區環西路一段12號,2014-07-16,臺南市,新市區,環西路一段12號,22,變電所,11.203,mG,True
D00798,臺南市新市區中山路201號,2014-07-16,臺南市,新市區,永就村中山路201號,22,變電所,6.195,mG,True
D00797,臺南市善化區大成路90號,2014-07-16,臺南市,善化區,大成路90號,22,變電所,8.327,mG,True
M10081,藍城變電所,2014-09-17,南投縣,埔里鎮,中正路1065 號,22,變電所,15.1,mG,True
N00852,大成國小,2014-08-02,彰化縣,彰化市,自強路303號,24,落地型變壓器,46.452,mG,True
N00851,忠孝國小,2014-08-02,彰化縣,彰化市,忠誠路61號,24,落地型變壓器,18.862,mG,True
N00848,秀水國中,2014-08-02,彰化縣,秀水鄉,安東村中山路202號,24,落地型變壓器,20.896,mG,True
P10125,西螺舊果菜市場落地型變壓器(K3065 AC62),2014-08-14,雲林縣,西螺鎮,建興路與菜市街交叉路口處,24,落地型變壓器,24.91,mG,True
F01047,樹德變電所,2014-07-22,新北市,樹林區,羌寮里18鄰中正路280號,22,變電所,12.25,mG,True
N00835,永靖國小,2014-08-01,彰化縣,永靖鄉,永東村中山路二段65號,24,落地型變壓器,10.23,mG,True
E00879,HE103-08-002(高雄國際會議中心旁),2014-08-21,高雄市,鹽埕區,高雄市中正四路274號,11,手機基地臺,0.0013,mW/cm<sup>2</sup>,True
M10079,中寮超高壓變電所,2014-09-17,南投縣,中寮鄉,復興村復興巷10號,22,變電所,58.4,,True
E00889,HE103-09-006,2014-09-18,高雄市,左營區,高雄市自由路561號附近,11,手機基地臺,0.0007,mW/cm<sup>2</sup>,True
E00888,HE103-09-005,2014-09-18,高雄市,左營區,高雄市重立路520號附近,11,手機基地臺,0.0015,mW/cm<sup>2</sup>,True
M10080,埔里變電所,2014-09-17,南投縣,埔里鎮,隆光路20號,22,變電所,9.2,mG,True
N00854,僑信國小,2014-08-03,彰化縣,員林鎮,中山路二段280號,24,落地型變壓器,52.683,mG,True
N00846,花壇國小,2014-08-02,彰化縣,花壇鄉,長沙村學前路108號,24,落地型變壓器,22.331,mG,True
N00843,新庄國小,2014-08-01,彰化縣,和美鎮,彰新路二段500號,24,落地型變壓器,16.032,mG,True
N00842,溪湖國中,2014-08-01,彰化縣,溪湖鎮,東寮里彰水路四段60號,24,落地型變壓器,2.52,mG,True
E00887,HE103-09-004,2014-09-15,高雄市,三民區,高雄市水源路85號附近,11,手機基地臺,0.0004,mW/cm<sup>2</sup>,True
E00886,HE103-09-003,2014-09-15,高雄市,苓雅區,高雄市福德三路315號附近,11,手機基地臺,0.0003,mW/cm<sup>2</sup>,True
F01046,樹安變電所,2014-07-22,新北市,樹林區,大安路84號,22,變電所,7.841,mG,True
E00885,HE103-09-002,2014-09-05,高雄市,鳳山區,高雄市青年路二段616號附近,11,手機基地臺,0.0007,mW/cm<sup>2</sup>,True
E00883,HE103-09-001(曹公國民小學附近),2014-09-03,高雄市,鳳山區,高雄市鳳山區曹公路25號,11,手機基地臺,0.002,mW/cm<sup>2</sup>,True
F01048,景星變電所,2014-07-22,新北市,板橋區,四川路一段287號,22,變電所,8.781,mG,True
N00853,大同國中,2014-08-03,彰化縣,員林鎮,大同路一段345號,24,落地型變壓器,18.036,mG,True
N00850,平和國小,2014-08-02,彰化縣,彰化市,中正路二段450號,24,落地型變壓器,15.278,mG,True
N00849,民生國小,2014-08-02,彰化縣,彰化市,民生路338號,24,落地型變壓器,21.883,mG,True
N00847,明正國小,2014-08-02,彰化縣,秀水鄉,彰水路二段341號,24,落地型變壓器,35.463,mG,True
N00845,何美高中(國中部),2014-08-01,彰化縣,和美鎮,和西里西園路31號,24,落地型變壓器,21.76,mG,True
N00844,和東國小,2014-08-01,彰化縣,和美鎮,彰美路五段210號,24,落地型變壓器,2.346,mG,True
N00834,北斗國中,2014-08-01,彰化縣,北斗鎮,文苑路一段136號,24,落地型變壓器,19.125,mG,True
E00880,HE103-08-003,2014-08-26,高雄市,三民區,高雄市建工路610號附近,11,手機基地臺,0.0005,mW/cm<sup>2</sup>,True
H00872,桃園市南華街29號前(左邊)變電箱量測,2014-08-11,桃園縣,桃園市,南華街29號,24,落地型變壓器,64.1,mG,True
H00871,桃園市鎮南街13號變電箱量測,2014-07-28,桃園縣,桃園市,鎮南街13號,24,落地型變壓器,3.5,mG,True
H00870,桃園市南海路64號1樓前變電箱量測,2014-07-28,桃園縣,桃園市,南海路64號1樓,24,落地型變壓器,26.6,mG,True
H00869,桃園市南海街66號旁變電箱量測,2014-07-28,桃園縣,桃園市,南海街66號,24,落地型變壓器,25.8,mG,True
H00868,桃園市大同西路69巷15號對面變電箱量測,2014-08-08,桃園縣,桃園市,大同西路69巷15號,24,落地型變壓器,47.1,mG,True
H00867,桃園市大同西路73號對面變電箱量測,2014-07-08,桃園縣,桃園市,大同西路73號,24,落地型變壓器,23.3,mG,True
E00875,LE103-07-005 (明義國中旁),2014-07-28,高雄市,小港區,高雄市明義街2號,24,落地型變壓器,2.235,mG,True
Q10139,民雄鄉建國路民雄森林公園前,2014-08-18,嘉義縣,民雄鄉,建國路民雄森林公園前,24,落地型變壓器,2.989,mG,True
Q10138,民雄鄉建國路二段153之1號前-落地型變壓器,2014-08-18,嘉義縣,民雄鄉,建國路二段153之1號前,24,落地型變壓器,9.343,mG,True
Q10137,民雄鄉建國路二段175之11號前-落地型變壓器,2014-08-18,嘉義縣,民雄鄉,建國路二段175之11號前,24,落地型變壓器,1.939,mG,True
H00877,桃園市國際路2段25號旁落地型變壓器量測,2014-08-18,桃園縣,桃園市,國際路2段25號,24,落地型變壓器,33.1,mG,True
H00876,桃園市衡陽三街23-28號旁落地型變壓器量測,2014-08-18,桃園縣,桃園市,衡陽三街23-28號,24,落地型變壓器,25,mG,True
H00875,桃園市大同路200巷16號對面落地型變壓器量測,2014-08-13,桃園縣,桃園市,大同路200巷16號,24,落地型變壓器,68.7,mG,True
H00874,桃園市大同西路20號旁落地型變壓器量測,2014-08-13,桃園縣,桃園市,大同西路20號,24,落地型變壓器,5.8,mG,True
E00877,HE103-07-001(華南銀行旁),2014-07-31,高雄市,苓雅區,高雄市中山二路489號,11,手機基地臺,0.0011,mW/cm<sup>2</sup>,True
H00873,桃園市大同西路33巷2號旁落地型變壓器量測,2014-08-13,桃園縣,桃園市,大同西路33巷2號,24,落地型變壓器,13.5,mG,True
E00878,HE103-08-001(台灣銀行旁),2014-08-21,高雄市,苓雅區,高雄市青年一路261號附近,11,手機基地臺,0.0019,mW/cm<sup>2</sup>,True
P10122,大美S/S變電所,2014-08-14,雲林縣,莿桐鄉,大美村大美路103號,22,變電所,15.04,mG,True
P10124,麥寮橋頭國小前落地型變壓器(K0665 DE4722),2014-08-14,雲林縣,麥寮鄉,雲林縣麥寮鄉橋頭村仁德路248號前,24,落地型變壓器,19.29,mG,True
P10123,僑村S/S變電所,2014-08-14,雲林縣,麥寮鄉,崙後村沙崙後226之100,22,變電所,8.228,mG,True
N00829,國聲廣播電臺,2014-07-10,彰化縣,彰化市,溫泉路35號,13,AM廣播電臺,53.88,V/m,True
A00926,信義區仁愛路4段505號—基地台電磁波量測,2014-07-15,臺北市,信義區,仁愛路4段505號,11,手機基地臺,7.2E-05,mW/cm<sup>2</sup>,True
A00923,大潤發內湖二店4樓行動電話基地臺,2014-06-27,臺北市,內湖區,舊宗路1段188號,11,手機基地臺,0.00049061,mW/cm<sup>2</sup>,True
A00925,信義區忠孝東路四段捷運國父紀念館站出口1-基地台電磁波量測,2014-07-15,臺北市,信義區,忠孝東路四段捷運國父紀念館站出口1,11,手機基地臺,0.000295,mW/cm<sup>2</sup>,True
A00918,臺北/松山機場周圍射頻環境值,2014-06-27,臺北市,中山區,濱江街180巷,59,射頻環境值,0.001793103,mW/cm<sup>2</sup>,True
A00892,大同區承德路三段154號前人行道—落地型變壓器檢測,2014-05-14,臺北市,大同區,承德路三段154號,24,落地型變壓器,17.9,mG,True
H00850,桃園市龍安街與國強一街交叉口旁落地型變壓器量測,2014-06-11,桃園縣,桃園市,龍安街與國強一街交叉口,24,落地型變壓器,2,mG,True
A00906,信義區松信路與虎林街120巷口-落地型變壓器檢測,2014-06-04,臺北市,松山區,松信路與虎林街120巷口,24,落地型變壓器,13,mG,True
E00858,HE103-04-001,2014-04-28,高雄市,新興區,高雄市新興區中正四路25號附近,11,手機基地臺,0,mW/cm<sup>2</sup>,True
P10081,虎尾鎮中溪國小,2012-10-08,雲林縣,虎尾鎮,過溪路63號,91,學校極低頻設施,10,mG,True
H00856,桃園縣中壢市文化二路282號前落地型變壓器量測,2014-06-17,桃園縣,中壢市,桃園縣中壢市文化二路282號前,24,落地型變壓器,5,mG,True
C00605,基隆市市立武崙國民小學,2013-11-18,基隆市,安樂區,基隆市安樂區武崙街203號,91,學校極低頻設施,8,mG,True
G00653,五結鄉利工一路變電箱量測,2014-06-12,宜蘭縣,五結鄉,利工一路與利興二路交叉口,24,落地型變壓器,6,mG,True
G00650,五結鄉福德路變電箱量測,2014-06-12,宜蘭縣,五結鄉,福德路463號旁,24,落地型變壓器,72,mG,True
H00852,桃園市國豐六街38號旁落地型變壓器量測,2014-06-11,桃園縣,桃園市,國豐六街38號,24,落地型變壓器,4,mG,True
G00649,宜蘭市三清路變電箱量測,2014-06-12,宜蘭縣,宜蘭市,三清路與泰山路交叉口,24,落地型變壓器,1,mG,True
G00646,壯圍鄉中央路二段變電箱量測,2014-06-12,宜蘭縣,壯圍鄉,中央路二段311號前,24,落地型變壓器,5,mG,True
G00645,宜蘭市農權路變電箱量測,2014-06-11,宜蘭縣,宜蘭市,農權路154巷,24,落地型變壓器,33,mG,True
C00617,變電箱-仁一路321號前左側,2014-06-26,基隆市,仁愛區,仁一路321號前左側,24,落地型變壓器,5,mG,True
C00616,變電箱-仁一路321號前右側,2014-06-26,基隆市,仁愛區,仁一路321號前右側,24,落地型變壓器,9,mG,True
C00615,變電箱-仁一路295-12號對面,2014-06-26,基隆市,仁愛區,仁一路295-12號對面,24,落地型變壓器,2,mG,True
C00614,變電箱-仁一路283號對面,2014-06-26,基隆市,仁愛區,仁一路283號對面,24,落地型變壓器,4,mG,True
C00613,變電箱-仁一路265號對面,2014-06-26,基隆市,仁愛區,仁一路265號對面,24,落地型變壓器,7,mG,True
C00612,變電箱-仁一路259號對面,2014-06-26,基隆市,仁愛區,仁一路259號對面,24,落地型變壓器,4,mG,True
C00611,變電箱-仁一路159號對面,2014-06-26,基隆市,仁愛區,仁一路159號對面,24,落地型變壓器,4,mG,True
C00610,變電箱-仁一路137號對面,2014-06-26,基隆市,仁愛區,仁一路137號對面,24,落地型變壓器,3,mG,True
C00609,變電箱-仁一路79號對面,2014-06-26,基隆市,仁愛區,仁一路79號對面,24,落地型變壓器,3,mG,True
C00608,變電箱-仁一路33號對面,2014-06-26,基隆市,信義區,仁一路33號對面,24,落地型變壓器,2,mG,True
H00862,桃園市中興街15號旁落地型變壓器,2014-06-23,桃園縣,桃園市,中興街15號旁,24,落地型變壓器,27,mG,True
H00861,桃園市朝陽街13號旁落地型變壓器,2014-06-23,桃園縣,桃園市,朝陽街13號旁,24,落地型變壓器,11,mG,True
H00860,桃園市朝陽街12號旁大門右邊(桃園佛教蓮社)落地型變壓器,2014-06-23,桃園縣,桃園市,朝陽街12號旁大門右邊(桃園佛教蓮社),24,落地型變壓器,17,mG,True
H00864,桃園市國豐七街與國強十一街交叉口(龍安公園旁)落地型變壓器,2014-06-11,桃園縣,桃園市,國豐七街與國強十一街交叉口(龍安公園旁),24,落地型變壓器,1,mG,True
H00863,桃園市桃一街68號旁落地型變壓器,2014-06-23,桃園縣,桃園市,桃一街68號旁,24,落地型變壓器,18,mG,True
K00675,竹南國小正門旁落地型變壓器,2014-06-19,苗栗縣,竹南鎮,中正路146號竹南國小正門旁,24,落地型變壓器,14,mG,True
H00859,桃園市朝陽街12號旁大門左邊(桃園佛教蓮社)落地型變壓器,2014-06-23,桃園縣,桃園市,朝陽街12號旁大門左邊(桃園佛教蓮社),24,落地型變壓器,15,mG,True
C00607,基隆市碇內國中,2014-05-22,基隆市,暖暖區,暖暖區源遠路152巷75號,91,學校極低頻設施,2,mG,True
G00664,宜蘭市公園路變電箱量測,2014-06-13,宜蘭縣,宜蘭市,公園路369號旁,24,落地型變壓器,2,mG,True
G00663,宜蘭市建蘭北路變電箱量測,2014-06-13,宜蘭縣,宜蘭市,建蘭北路與縣政十街交叉口,24,落地型變壓器,1,mG,True
G00655,冬山鄉永興路一段變電箱量測,2014-06-13,宜蘭縣,冬山鄉,永興路一段22號前,24,落地型變壓器,9,mG,True
H00858,桃園縣中壢市忠孝路331號旁落地型變壓器量測,2014-06-17,桃園縣,中壢市,忠孝路331號,24,落地型變壓器,15,mG,True
H00857,桃園縣中壢市(復興宮)旁文化二路與元生三街交叉路口落地型變壓器量測,2014-06-17,桃園縣,中壢市,中壢市(復興宮)旁文化二路與元生三街交叉路口,24,落地型變壓器,1,mG,True
A00910,內湖區民權東路六段30號旁-落地型變壓器檢測,2014-06-16,臺北市,內湖區,民權東路六段30號,24,落地型變壓器,2,mG,True
H00853,桃園市國豐六街227巷26號旁落地型變壓器量測,2014-06-11,桃園縣,桃園市,國豐六街227巷26號旁,24,落地型變壓器,24,mG,True
G00657,羅東鎮光榮路變電箱量測,2014-06-13,宜蘭縣,羅東鎮,光榮路48號前,24,落地型變壓器,29,mG,True
G00656,冬山鄉冬山路五段變電箱量測,2014-06-13,宜蘭縣,冬山鄉,冬山路五段279號前,24,落地型變壓器,63,mG,True
G00652,蘇澳鎮頂強路變電箱量測,2014-06-12,宜蘭縣,蘇澳鎮,頂強路19號前,24,落地型變壓器,3,mG,True
H00851,桃園市國豐六街52號旁落地型變壓器量測,2014-06-11,桃園縣,桃園市,國豐六街52號,24,落地型變壓器,15,mG,True
G00647,員山鄉復興路變電箱量測,2014-06-12,宜蘭縣,員山鄉,復興路(圓山公園前),24,落地型變壓器,4,mG,True
A00907,內湖區新明路143巷與潭美街口-落地型變壓,2014-06-04,臺北市,內湖區,新明路143巷與潭美街口,24,落地型變壓器,2,mG,True
H00855,桃園縣中壢市文化二路路與長春路交叉路口,2014-06-17,桃園縣,桃園市,桃園縣中壢市文化二路路與長春路交叉路口,24,落地型變壓器,39,mG,True
H00854,桃園縣中壢市長春三路與吉林路55巷交叉口,2014-06-17,桃園縣,桃園市,桃園縣中壢市長春三路與吉林路55巷交叉口,24,落地型變壓器,8,mG,True
G00662,宜蘭市建蘭南路變電箱量測,2014-06-13,宜蘭縣,宜蘭市,建蘭南路155號旁,24,落地型變壓器,10,mG,True
G00661,五結鄉利工三路變電箱量測,2014-06-13,宜蘭縣,五結鄉,利工三路與利寶路交叉口,24,落地型變壓器,3,mG,True
G00659,五結鄉自強路42巷變電箱量測,2014-06-13,宜蘭縣,五結鄉,自強路42巷20號前,24,落地型變壓器,11,mG,True
A00909,內湖區成功路二段與潭美街口-落地型變壓器檢測,2014-06-16,臺北市,內湖區,成功路二段與潭美街口,24,落地型變壓器,3,mG,True
G00654,冬山鄉成興路變電箱量測,2014-06-12,宜蘭縣,冬山鄉,成興路648號前,24,落地型變壓器,19,mG,True
G00651,蘇澳鎮自強路變電箱量測,2014-06-12,宜蘭縣,蘇澳鎮,自強路1號前,24,落地型變壓器,19,mG,True
G00648,員山鄉員山路一段變電箱量測,2014-06-12,宜蘭縣,員山鄉,員山路一段333號前,24,落地型變壓器,2,mG,True
